session,image_uid,image_id,cell_id,area_px,area_um2,perimeter_um,eq_diameter_nm,major_axis_nm,minor_axis_nm,aspect_ratio,solidity,eccentricity,raw_mean,raw_median,raw_sum,raw_max,raw_min,raw_std,raw_cv,raw_entropy,raw_skew,raw_kurtosis,mssr_mean,mssr_median,mssr_sum,mssr_max,mssr_min,mssr_std,mssr_cv,mssr_entropy,mssr_skew,mssr_kurtosis,raw_n_local_maxima,raw_n_local_minima,raw_frac_dark,raw_frac_bright,mssr_n_local_maxima,mssr_n_local_minima,mssr_frac_dark,mssr_frac_bright,bottle,treatment,fluorophore,int_sample,respiration_uM_O2_h,temperature_C,is_control,field_idx
260327,260327/9D-405-01,9D-405-01,1,116,0.3258448471960521,2.140395926989768,644.1106619969895,682.0427824353933,616.8624042823981,1.1056643713419692,0.9133858267716536,0.4266144346993571,589.3706896551724,549.0,68367.0,1027.0,261.0,216.2441265418973,0.366906821695556,3.3013168483621933,0.3329718806243727,-0.9774190392138412,125.12323665927195,37.145877838134766,14514.295452475548,979.0,0.0,199.05666963457256,1.5908849143395454,2.084044933416876,2.3942099246035737,6.101469683390109,1,2,0.0689655172413793,0.1206896551724138,2,5,0.5603448275862069,0.2068965517241379,13,INT,DAPI,9.0,2.11,16.0,False,1
260327,260327/9D-405-01,9D-405-01,2,93,0.2612376792175245,2.056349136534714,576.7305642625431,672.6570505718588,533.9828953752832,1.259697747620016,0.8691588785046729,0.6081250803890278,533.8709677419355,493.0,49650.0,994.0,250.0,201.91292924375207,0.3782054868009857,3.1403207765712526,0.4058048557484079,-0.9947101768013068,100.8724775942423,41.13317489624024,9381.140416264534,846.4922485351562,0.0,157.94300322493152,1.5657690481268276,2.0147515196918158,2.4428690344210326,6.655216834213391,1,2,0.032258064516129,0.1397849462365591,1,2,0.5698924731182796,0.1935483870967742,13,INT,DAPI,9.0,2.11,16.0,False,1
260327,260327/9D-405-01,9D-405-01,3,161,0.452250175849693,3.238977224397421,758.829893984983,1190.6243566217436,503.2299257390691,2.365964931185545,0.8429319371727748,0.906288074202636,420.639751552795,405.0,67723.0,710.0,243.0,115.15720520201022,0.2737668153732653,3.264306491363141,0.353469439809044,-0.9624051280441784,66.90654316100274,29.53690528869629,10771.953448921442,437.869384765625,0.0,91.83084098483998,1.3725240708350428,2.390622777238458,2.0205880727542564,4.130476618268188,2,4,0.0,0.0372670807453416,2,9,0.5217391304347826,0.2360248447204969,13,INT,DAPI,9.0,2.11,16.0,False,1
260327,260327/9D-405-01,9D-405-01,4,116,0.3258448471960521,2.4511862656431918,644.1106619969895,837.3384118582604,523.4954720675648,1.599514143935498,0.8721804511278195,0.7804727141238339,416.9827586206897,394.5,48370.0,722.0,246.0,120.69242134332688,0.2894422343565416,3.239939038019762,0.4410696172873467,-0.8255501235775111,63.44002121006106,32.09189319610596,7359.042460367084,385.3992614746094,0.0,82.10853649860209,1.2942703191527365,2.3807920144743986,1.722962524999347,2.682672355689625,1,2,0.0,0.043103448275862,1,5,0.4913793103448275,0.25,13,INT,DAPI,9.0,2.11,16.0,False,1
260327,260327/9D-405-02,9D-405-02,1,412,1.1573110090066678,5.043185989566974,1213.8921460429017,1527.897708653418,976.5330870522502,1.5646143780601534,0.9135254988913526,0.7690944655719784,1419.5970873786407,1366.0,584874.0,2744.0,679.0,511.390345471654,0.3602362600052686,3.277912772669055,0.3601920895816083,-0.9266243969616714,144.09401039475375,45.24904441833496,59366.73228263855,1850.8187255859373,0.0,244.1563912347507,1.694424289849872,1.788018253975027,3.1866273867764403,13.919380246956097,2,5,0.0315533980582524,0.1019417475728155,3,31,0.5436893203883495,0.2257281553398058,13,INT,DAPI,9.0,2.11,16.0,False,2
260327,260327/9D-405-02,9D-405-02,2,237,0.6657347309091753,3.089070391906991,920.6735500149792,1012.965222814291,841.774801418163,1.2033684319223128,0.9404761904761904,0.5562713810935493,1460.9535864978902,1398.0,346246.0,2684.0,687.0,532.6780377530647,0.3646098292759377,3.3321042394624723,0.3619576860132344,-1.0109560396752415,174.63393582246474,60.527320861816406,41388.24278992415,1686.49365234375,0.0,260.5059628048617,1.4917258869415604,2.02322353574572,2.353332235111558,6.932048116980187,1,4,0.050632911392405,0.1181434599156118,1,14,0.5358649789029536,0.2447257383966244,13,INT,DAPI,9.0,2.11,16.0,False,2
260327,260327/9D-405-02,9D-405-02,3,220,0.6179816067511332,3.0890703919069904,887.0392435707212,966.1908384107496,820.6826119290066,1.177301461450155,0.9128630705394192,0.527749410176618,1288.3363636363636,1197.0,283434.0,2551.0,684.0,455.964606037924,0.3539173611082061,3.1848996624468597,0.5289877536950182,-0.7982289989022404,135.9148543482477,49.24578857421875,29901.26795661449,1907.780517578125,0.0,237.8178294427647,1.74975598203134,1.6540724646542282,3.777650699482935,20.3310757816046,1,4,0.0,0.1227272727272727,3,12,0.55,0.1818181818181818,13,INT,DAPI,9.0,2.11,16.0,False,2
260327,260327/9D-405-02,9D-405-02,4,261,0.7331509061911172,3.3888840568878518,966.1659929954842,1187.4362264318784,791.0063332159947,1.501171579251608,0.925531914893617,0.745821032283592,1404.5785440613026,1378.0,366595.0,2568.0,678.0,477.9303362490216,0.3402660095227557,3.3017415330851323,0.2452470888512508,-1.0607100341029112,157.11350062523766,68.79443359375,41006.62366318703,1779.548583984375,0.0,231.45039677937376,1.4731413650533551,1.9457079725600628,2.742887446801347,11.327180907334087,1,4,0.0229885057471264,0.0919540229885057,2,14,0.5172413793103449,0.2183908045977011,13,INT,DAPI,9.0,2.11,16.0,False,2
260327,260327/9D-405-02,9D-405-02,5,206,0.5786555045033339,2.9209768109968834,858.3513680960267,940.5483276444106,786.870744159515,1.1953021949609326,0.9237668161434978,0.5478012273206274,1691.9271844660195,1537.0,348537.0,3298.0,677.0,747.8517653684567,0.4420117911897505,3.304097518893207,0.4334339265229696,-1.0060842372300485,262.9981060629909,73.86944580078125,54177.609848976135,2514.819580078125,0.0,433.3882505292644,1.6478759372718188,1.9165948008150515,2.9007291446188885,10.317584624980285,1,4,0.145631067961165,0.1796116504854369,1,11,0.5776699029126213,0.2233009708737864,13,INT,DAPI,9.0,2.11,16.0,False,2
260327,260327/9D-405-02,9D-405-02,6,143,0.4016880443882366,2.2903027594801983,715.1539014522932,762.9769013383601,672.4668933049966,1.1345939985067977,0.9470198675496688,0.4724218844729999,1279.6083916083917,1206.0,182984.0,2244.0,693.0,400.13349946470834,0.3126999651524356,3.262925890233523,0.3699992737053352,-0.8924958010667519,174.39443572876337,80.6857681274414,24938.40430921316,1493.440185546875,0.0,261.60366639582065,1.5000688829470126,2.094930412077197,2.385738274228624,6.773339226674466,1,3,0.0,0.0559440559440559,1,4,0.5174825174825175,0.2307692307692307,13,INT,DAPI,9.0,2.11,16.0,False,2
260327,260327/9D-405-02,9D-405-02,7,92,0.2584286719141103,2.118442579644642,573.6214819673636,601.2634591405366,574.5000372011001,1.0465855878266344,0.8598130841121495,0.2950298753288409,936.858695652174,901.0,86191.0,1467.0,679.0,178.2664126513984,0.1902810033985991,3.068070844600851,0.6136576463400155,-0.3459039538558284,94.55801389269207,56.97553253173828,8699.33727812767,750.493408203125,0.0,122.46151462507493,1.2950939807603064,2.225195754799145,2.4917587998698254,9.004024280871212,1,1,0.0,0.0108695652173913,1,4,0.4456521739130434,0.217391304347826,13,INT,DAPI,9.0,2.11,16.0,False,2
260327,260327/9D-405-02,9D-405-02,8,92,0.2584286719141103,1.8663022082794816,573.6214819673636,669.786292101505,496.6923052027805,1.3484933933656509,0.9292929292929292,0.6708773397943824,1505.2934782608695,1387.0,138487.0,2631.0,677.0,599.7738683402376,0.3984431454743179,3.194794868131432,0.3657827149299892,-1.1820954842470035,318.6022915645786,175.67635345458984,29311.41082394123,1564.432861328125,0.0,390.5309209987151,1.225763063664459,2.5227525670826605,1.6888818297775954,2.3338428202589627,1,2,0.0434782608695652,0.1739130434782608,1,2,0.4673913043478261,0.2391304347826087,13,INT,DAPI,9.0,2.11,16.0,False,2
260327,260327/9D-405-02,9D-405-02,9,85,0.2387656207902105,1.7784888188989791,551.3672372505789,607.3810123639599,504.9934639430034,1.2027502447685392,0.934065934065934,0.5556327919613597,1389.3058823529411,1357.0,118091.0,2567.0,685.0,511.798626310737,0.3683844089423635,3.189434912828583,0.4358888012671075,-0.8663006205622832,287.2246149960686,140.280517578125,24414.092274665836,1831.86669921875,0.0,377.2498077577332,1.3134313288674675,2.3793525879241963,2.0158117127214505,4.539531424955462,1,2,0.0117647058823529,0.1058823529411764,1,2,0.5058823529411764,0.2470588235294117,13,INT,DAPI,9.0,2.11,16.0,False,2
260327,260327/9D-405-02,9D-405-02,10,95,0.266855693824353,1.8844889566991585,582.8989810549554,743.7162939586905,458.1650022994439,1.6232498995473643,0.931372549019608,0.7877085444286308,1615.4421052631578,1460.0,153467.0,3074.0,683.0,657.1125217901368,0.4067694655532655,3.1883864574957244,0.4462889265440595,-0.9908008224323148,412.6999728152626,174.34295654296875,39206.49741744995,3074.0,0.0,567.7410318010087,1.3756749919999325,2.2602549953783373,2.249028059613665,5.8592611515505695,1,2,0.0631578947368421,0.1684210526315789,1,2,0.5473684210526316,0.2210526315789473,13,INT,DAPI,9.0,2.11,16.0,False,2
260327,260327/9D-405-02,9D-405-02,11,76,0.2134845550594824,1.864418908816757,521.3606982616968,587.2607574892371,485.51581141399816,1.209560520344169,0.8636363636363636,0.5625745502419529,895.1052631578947,863.0,68028.0,1314.0,682.0,154.6876059631039,0.1728149887281104,3.07738480902234,0.6873146469601503,-0.2653382092968845,91.16240004489296,57.40605163574219,6928.342403411865,585.9971313476562,0.0,103.6667584963532,1.1371657442684973,2.418988500860405,2.07219100260574,6.475647323781345,1,1,0.0,0.0,2,2,0.3815789473684211,0.2894736842105263,13,INT,DAPI,9.0,2.11,16.0,False,2
260327,260327/9D-405-02,9D-405-02,12,60,0.1685404382048545,1.5043951001886928,463.2411367845194,490.67697270132606,444.273367881492,1.1044483153269091,0.9090909090909092,0.4244968332135766,1102.6333333333334,1103.5,66158.0,1718.0,680.0,294.00051692948136,0.2666348894429831,3.084844107533612,0.345620546852638,-0.993847982012563,194.44675629138948,125.96728515625,11666.805377483368,883.5023803710938,0.0,228.768108355598,1.176507712027739,2.5962136142586214,1.57012855101904,1.906256625236613,1,1,0.0,0.05,1,1,0.4166666666666667,0.2,13,INT,DAPI,9.0,2.11,16.0,False,2
260327,260327/9D-405-02,9D-405-02,13,63,0.1769674601150972,1.7326988247460038,474.6809121398126,562.8150698338263,420.66183454518426,1.337927578912256,0.8513513513513513,0.6643466347557884,1049.3492063492065,1035.0,66109.0,1787.0,677.0,281.16251520968683,0.2679398940871934,2.9825649168608948,0.5046913742189254,-0.576408640752518,173.4436355166965,117.99887084960938,10926.94903755188,1182.5794677734375,0.0,200.0506672979197,1.153404486143061,2.364090598593205,2.626145623460302,9.976364915667684,1,1,0.0,0.0317460317460317,1,1,0.365079365079365,0.2222222222222222,13,INT,DAPI,9.0,2.11,16.0,False,2
260327,260327/9D-405-02,9D-405-02,14,48,0.1348323505638836,1.2795348514530474,414.3354687297855,501.889409907955,344.58660495095273,1.4564971554230677,0.9411764705882352,0.7270554425944933,1035.2708333333333,1013.0,49693.0,1549.0,685.0,257.57616015489833,0.2488007503558875,3.086146442377625,0.250417697609128,-1.2269256390694578,178.77975953618684,125.54447555541992,8581.428457736969,883.0782470703125,0.0,192.515009410172,1.076827767917458,2.537320434620155,1.5743749965019784,2.9169456051642246,1,0,0.0,0.0,1,1,0.4583333333333333,0.2916666666666667,13,INT,DAPI,9.0,2.11,16.0,False,2
260327,260327/9D-405-02,9D-405-02,15,36,0.1011242629229127,1.2045814352078323,358.8250416089271,501.467804279028,264.45408551613986,1.896237690184684,0.9230769230769232,0.8496419124504996,886.25,853.5,31905.0,1190.0,700.0,135.10998165515804,0.1524513192159752,2.8562065812933084,0.5676864490323802,-0.4670682694671484,145.81550672319202,117.42201232910156,5249.358242034912,515.3228149414062,0.0,139.0496606570808,0.9535999550517276,2.5777078719572835,1.2826010706027724,1.2920048739660732,1,0,0.0,0.0,1,1,0.3888888888888889,0.1944444444444444,13,INT,DAPI,9.0,2.11,16.0,False,2
260327,260327/9D-405-02,9D-405-02,16,30,0.0842702191024272,1.074744650599803,327.56094914489864,447.5295287219007,257.65431801688385,1.7369378171747716,0.8823529411764706,0.8176427988007432,830.6666666666666,833.5,24920.0,1027.0,679.0,107.530054606506,0.1294503065086348,2.9504258637418843,0.1402254000526877,-1.1842026780315626,120.05964597066244,101.48138046264648,3601.789379119873,305.1075134277344,0.0,95.16311405445585,0.7926319729254386,2.607208192387027,0.7188123853553198,-0.5480409848981704,0,0,0.0,0.0,0,0,0.3,0.2,13,INT,DAPI,9.0,2.11,16.0,False,2
260327,260327/9D-405-03,9D-405-03,1,420,1.1797830674339818,4.783512420350916,1225.620844986693,1522.2031388103617,1020.7262316377336,1.4912942291764355,0.9170305676855895,0.7418566689734731,1444.104761904762,1400.5,606524.0,2685.0,614.0,563.7559844481799,0.3903844093032354,3.366821357244703,0.3032839012789815,-1.0837389963314488,208.6152352801391,76.77701950073242,87618.39881765842,2175.873046875,0.0,324.1515977155833,1.5538251426378142,1.974331928728892,2.455355612231152,7.251246362004027,1,7,0.0928571428571428,0.1523809523809524,5,32,0.5571428571428572,0.2238095238095238,13,INT,DAPI,9.0,2.11,16.0,False,3
260327,260327/9D-405-03,9D-405-03,2,213,0.5983185556272336,3.005023601451937,872.8131789641005,906.9051952481288,846.1566160482759,1.071793540401021,0.922077922077922,0.3598361465651437,1197.2018779342725,1130.0,255004.0,2143.0,618.0,412.7758558422089,0.3447838359178307,3.303234584325801,0.3635451285473777,-1.014692488235293,181.5354669755193,73.94874572753906,38667.05446578562,1671.7181396484375,0.0,288.04042323906623,1.5866895215462742,2.028521212847961,2.4233414596951834,6.198056461832351,1,4,0.0,0.107981220657277,2,11,0.5352112676056338,0.1924882629107981,13,INT,DAPI,9.0,2.11,16.0,False,3
260327,260327/9D-405-03,9D-405-03,3,186,0.522475358435049,2.740023256951489,815.6201858151763,871.555427227899,768.2334545650605,1.134492935772154,0.9346733668341708,0.4722753752486582,1199.241935483871,1154.0,223059.0,2111.0,616.0,385.958897916032,0.3218357251327315,3.3103958350409,0.2957362497610394,-1.050710438675369,182.73254641473932,61.59712028503418,33988.25363314152,2111.0,0.0,279.2469233314453,1.5281728887948176,1.826675909458724,2.8002870239453905,12.329428923207429,1,4,0.0,0.075268817204301,4,11,0.543010752688172,0.2419354838709677,13,INT,DAPI,9.0,2.11,16.0,False,3
260327,260327/9D-405-03,9D-405-03,4,133,0.3735979713540942,2.3213494810351625,689.6953754817175,728.1753803618716,660.5102761945924,1.1024436812052631,0.910958904109589,0.4209672990432431,1042.2857142857142,1009.0,138624.0,1698.0,621.0,272.1961350400405,0.2611530900877581,3.2718468297810466,0.4456633869967024,-0.7000580208669462,141.59533249794092,83.3133316040039,18832.179222226143,1449.6517333984375,0.0,208.612227878948,1.4732987606210937,1.9830003468088049,3.1595753150604,13.474145789865958,1,3,0.0,0.0300751879699248,2,5,0.4736842105263157,0.2030075187969924,13,INT,DAPI,9.0,2.11,16.0,False,3
260327,260327/9D-405-03,9D-405-03,5,125,0.3511259129267802,2.171442648544732,668.6309875556262,766.2563860227517,587.383571839885,1.3045247139319478,0.9191176470588236,0.6421694570800506,1178.664,1130.0,147333.0,1996.0,614.0,400.7873690946441,0.3400353019135598,3.3141055113786573,0.4365230012996401,-1.0186404992533338,220.1021754169464,126.08943176269533,27512.7719271183,1325.7984619140625,0.0,288.04655890737,1.3086947385309318,2.43259254013178,1.8681539696336944,3.0507495688224733,1,3,0.0,0.136,2,4,0.464,0.192,13,INT,DAPI,9.0,2.11,16.0,False,3
260327,260327/9D-405-03,9D-405-03,6,110,0.3089908033755666,2.109349205434804,627.2314643074426,697.5648439034567,568.444479899593,1.227146834158141,0.9482758620689656,0.579603818725624,1363.8454545454545,1267.5,150023.0,2613.0,623.0,545.2867974680029,0.3998156797389754,3.237756153685355,0.4761619268334452,-0.875808680366462,353.7096111340956,186.8392105102539,38908.05722475052,2283.725830078125,0.0,478.2489740025831,1.3520949359254846,2.370062182152377,2.0333527267594307,3.8005202694206535,1,3,0.0727272727272727,0.1454545454545454,1,2,0.4909090909090909,0.209090909090909,13,INT,DAPI,9.0,2.11,16.0,False,3
260327,260327/9D-405-03,9D-405-03,7,62,0.174158452811683,1.500628501263244,470.8985338368847,497.22660336743576,452.848117847981,1.0979986087396136,0.9253731343283582,0.412962639630794,946.758064516129,929.5,58699.0,1514.0,617.0,227.5672975932557,0.2403647839108307,3.0888891072104943,0.4984194018256231,-0.4748949687239046,185.18582217924055,110.49085998535156,11481.520975112917,1136.6558837890625,0.0,222.3011990334446,1.200422345606351,2.452296411302089,2.032875079020316,5.0716530977911525,1,1,0.0,0.0161290322580645,1,1,0.4354838709677419,0.2258064516129032,13,INT,DAPI,9.0,2.11,16.0,False,3
260327,260327/9D-405-03,9D-405-03,8,56,0.1573044089911975,1.5134884743985313,447.5334558318364,611.4345068483653,333.3424996930317,1.834253080274561,0.8888888888888888,0.8383183373696325,891.8571428571429,895.0,49944.0,1349.0,623.0,177.43704938232742,0.1989523219087444,3.074824263358772,0.4042635501409818,-0.6170400172641375,178.39867262329375,112.7609519958496,9990.32566690445,969.7205810546876,0.0,196.6473893442785,1.1022917741070792,2.522239430737799,2.043937890840022,5.090010717772916,1,1,0.0,0.0178571428571428,1,1,0.3928571428571428,0.1964285714285714,13,INT,DAPI,9.0,2.11,16.0,False,3
260327,260327/9D-405-03,9D-405-03,9,45,0.1264053286536409,1.257581504107922,401.17859253337576,486.1364294384944,335.3835237693088,1.4494940716672768,0.9375,0.7239086015911215,900.7111111111111,878.0,40532.0,1311.0,616.0,202.2394645218905,0.2245331072605613,2.8787874711383785,0.3674011312555897,-0.7978116315603381,196.91134659449256,126.9813461303711,8861.010596752167,842.802490234375,0.0,205.31534440837652,1.0426790937100778,2.6121561769516166,1.3353903864506265,1.5364798341984471,1,0,0.0,0.0,1,1,0.4222222222222222,0.2444444444444444,13,INT,DAPI,9.0,2.11,16.0,False,3
260327,260327/9D-405-03,9D-405-03,10,51,0.1432593724741263,1.5445351959534954,427.08722550317714,548.1338869555664,347.49909529140984,1.5773678101115798,0.85,0.7733596513849914,852.156862745098,808.0,43460.0,1224.0,615.0,181.6471714669975,0.2131616600279998,3.162171442121455,0.3277169397109485,-1.210527717534573,154.93771907395006,148.5630340576172,7901.823672771454,634.6442260742188,0.0,135.3004938052355,0.8732572972799353,2.721950140504453,1.254782477802715,2.328430263091258,1,0,0.0,0.0,1,1,0.3529411764705882,0.2352941176470588,13,INT,DAPI,9.0,2.11,16.0,False,3
260327,260327/9D-405-04,9D-405-04,1,223,0.626408628661376,3.03983692193235,893.066759640615,944.6184154307816,849.0527677816237,1.1125556046402731,0.9330543933054394,0.4382943893022845,1546.9103139013453,1398.0,344961.0,3085.0,603.0,656.1635089508786,0.4241768272240802,3.296690860222677,0.3537496302671966,-1.0258444846060744,256.71455532659866,77.14971923828125,57247.3458378315,2657.03173828125,0.0,423.7235109522766,1.6505628612028056,1.9172526233231495,2.81636823468254,9.757897823755568,1,4,0.1390134529147982,0.1659192825112107,1,13,0.5739910313901345,0.2017937219730941,13,INT,DAPI,9.0,2.11,16.0,False,4
260327,260327/9D-405-04,9D-405-04,2,211,0.5927005410204051,2.9081168378615967,868.7058000342264,951.8502687413784,797.294835420436,1.1938497861201385,0.925438596491228,0.5462436747695484,1568.1516587677725,1456.0,330880.0,3014.0,611.0,673.8260590408132,0.4296944464990679,3.3442534145067864,0.3427780972232783,-1.1021841554501155,266.9350114795269,94.3599853515625,56323.287422180176,2499.989990234375,0.0,399.73546935425367,1.4975010851467574,2.0318608145291,2.5495391507968,8.23622784285322,1,4,0.1374407582938388,0.1658767772511848,2,11,0.5639810426540285,0.2417061611374407,13,INT,DAPI,9.0,2.11,16.0,False,4
260327,260327/9D-405-04,9D-405-04,3,228,0.6404536651784473,3.366930709542725,903.023218458846,1117.395283690245,743.6734445429028,1.5025348718442535,0.9047619047619048,0.7463604374877669,1197.2149122807018,1129.5,272965.0,2296.0,600.0,401.5518162058667,0.3354049570272291,3.2135054672566588,0.4448075350197492,-0.6707821092849873,146.07887194024627,57.35271644592285,33305.98280237615,1623.2923583984375,0.0,228.5380973169781,1.5644842699118178,1.9061641163064384,2.832263577429897,11.026832649019155,1,3,0.0,0.087719298245614,1,14,0.5307017543859649,0.2280701754385964,13,INT,DAPI,9.0,2.11,16.0,False,4
260327,260327/9D-405-04,9D-405-04,4,207,0.5814645118067481,3.24807059860726,860.4322229510454,1091.393575412593,694.8988814901124,1.5705789784439623,0.9,0.7711051063653361,1228.1497584541062,1158.0,254227.0,2263.0,597.0,424.19473887904337,0.3453933333122052,3.303039856232572,0.4293285126627343,-0.75565041939669,161.92843134046177,41.59908676147461,33519.185287475586,1247.007568359375,0.0,257.4666915965836,1.5900029998762126,2.096703053803173,2.160410637778531,4.402130191956992,1,4,0.0144927536231884,0.1062801932367149,2,12,0.5555555555555556,0.2077294685990338,13,INT,DAPI,9.0,2.11,16.0,False,4
260327,260327/9D-405-04,9D-405-04,5,184,0.5168573438282206,2.7582100053711662,811.2232794667995,936.9761562727676,712.1986521140337,1.3156106845913316,0.9387755102040816,0.6498022774347076,1450.820652173913,1311.5,266951.0,3049.0,601.0,644.538319461471,0.4442577506018358,3.2371880113763227,0.5185377908790219,-0.8086160616059637,280.5393696841986,85.0960922241211,51619.24402189255,2951.0,0.0,443.9173036641368,1.5823707886841394,1.894243049502712,2.81748471916778,10.822079835641578,1,4,0.1413043478260869,0.1739130434782608,1,10,0.5652173913043478,0.25,13,INT,DAPI,9.0,2.11,16.0,False,4
260327,260327/9D-405-04,9D-405-04,6,128,0.359552934837023,2.3470694273057364,676.6069871499132,799.4202564447208,587.9261290483842,1.3597290832075462,0.927536231884058,0.6775891782186872,990.859375,949.0,126830.0,1623.0,613.0,251.30559037541724,0.2536238710719341,3.2286702432329206,0.4183199465088034,-0.6715367252978233,115.41153639939148,45.625802993774414,14772.67665912211,1020.6976928710938,0.0,175.3538472600434,1.5193788483433446,2.07179030439598,2.6098021587257296,8.200617944214118,1,2,0.0,0.03125,1,6,0.5234375,0.2421875,13,INT,DAPI,9.0,2.11,16.0,False,4
260327,260327/9D-405-04,9D-405-04,7,98,0.2752827157345957,2.047255762324876,592.031113756174,630.4057338787974,573.7479641958387,1.0987502757632783,0.8828828828828829,0.4143339731525056,998.061224489796,1020.0,97810.0,1510.0,612.0,241.7271963392443,0.24219676148907,3.236566632576668,0.0796675555047567,-1.064724927238283,116.07866078006978,62.30777549743652,11375.708756446838,609.2366943359375,0.0,147.40120830239852,1.269838980841401,2.4346480875383287,1.503442686016082,1.767589952422183,1,4,0.0,0.0204081632653061,1,4,0.4897959183673469,0.2653061224489796,13,INT,DAPI,9.0,2.11,16.0,False,4
260327,260327/9D-405-04,9D-405-04,8,91,0.255619664610696,1.9412556245246968,570.4954560680371,622.4006289093518,565.3112903007451,1.100987437520017,0.8584905660377359,0.4183724134818944,840.2747252747253,812.0,76465.0,1217.0,598.0,160.4594144555678,0.1909606580194425,3.2404641648735204,0.3263582929296014,-0.7680394235495163,86.47479000261852,35.41210174560547,7869.205890238285,625.205322265625,0.0,128.96001296466395,1.49130183445093,2.190205992845868,2.2727370390098582,5.654033604002901,2,2,0.0,0.0,2,5,0.5164835164835165,0.2417582417582417,13,INT,DAPI,9.0,2.11,16.0,False,4
260327,260327/9D-405-04,9D-405-04,9,91,0.255619664610696,1.87539558248932,570.4954560680371,615.8562865280551,542.0357358606758,1.136191298439323,0.91,0.4747262996883292,899.8571428571429,910.0,81887.0,1425.0,599.0,182.2736387003874,0.2025584173523911,3.019916778746851,0.2383332352117682,-0.4960426229776886,111.53898783568498,59.369476318359375,10150.047893047333,1048.1351318359375,0.0,169.34592259206556,1.5182666247746446,2.022828708153718,2.9513846573225875,11.600726474195504,1,2,0.0,0.0109890109890109,1,4,0.4945054945054945,0.2307692307692307,13,INT,DAPI,9.0,2.11,16.0,False,4
260327,260327/9D-405-04,9D-405-04,10,93,0.2612376792175245,1.994255693424786,576.7305642625431,620.7418493146254,549.2556264825265,1.1301510979321263,0.9029126213592232,0.465899894311188,892.4731182795699,862.0,83000.0,1286.0,600.0,179.09613591575126,0.2006739836164441,3.300344684182087,0.2332595402017739,-0.8273590249754599,110.27004386404508,67.03272247314453,10255.114079356194,707.0781860351562,0.0,135.18753439153167,1.2259679025629846,2.4142128545228703,2.0705626477036505,5.391808017264204,1,3,0.0,0.0,2,3,0.4516129032258064,0.2473118279569892,13,INT,DAPI,9.0,2.11,16.0,False,4
260327,260327/9D-405-04,9D-405-04,11,99,0.27809172303801,1.9904890944993372,595.0440142002377,714.990335092649,502.0961212304711,1.4240108713456,0.9252336448598132,0.7119384892170643,1063.1919191919192,1030.0,105256.0,1905.0,625.0,330.605711173544,0.3109558163542302,3.159228604094723,0.4845415051430711,-0.7663704042413504,175.74892002645166,89.78528594970703,17399.143082618713,1505.7801513671875,0.0,264.9789091018355,1.5077128727843905,2.114804119204204,3.140378340427296,11.723346166674048,1,2,0.0,0.0505050505050505,1,2,0.4848484848484848,0.2323232323232323,13,INT,DAPI,9.0,2.11,16.0,False,4
260327,260327/9D-405-04,9D-405-04,12,80,0.2247205842731393,2.023419115517026,534.904790044501,657.506987050959,460.4428680282389,1.427988210278097,0.8163265306122449,0.7138624987432258,784.6875,766.5,62775.0,1206.0,604.0,135.40708372454085,0.172561795268232,3.0096488591674486,0.8463490886528865,0.4142887372660051,93.0667280435562,54.13064193725586,7445.338243484497,636.10595703125,0.0,122.6679504997714,1.3180645014441843,2.285836718644525,2.4403900645050287,8.022508245772391,2,2,0.0,0.0125,2,2,0.475,0.25,13,INT,DAPI,9.0,2.11,16.0,False,4
260327,260327/9D-405-04,9D-405-04,13,60,0.1685404382048545,1.5134884743985313,463.2411367845194,575.499201425746,377.7716405933237,1.5234049875259923,0.9230769230769232,0.754391929741533,1088.0,1029.5,65280.0,1759.0,600.0,324.12510662668933,0.297909105355413,3.255299252060341,0.3987963975606121,-0.957754272556639,243.64577004114787,132.15513610839844,14618.746202468872,1081.256591796875,0.0,268.5315910330548,1.1021393516813531,2.591405586427255,1.5060356944119526,1.4044411728224675,1,1,0.0,0.0666666666666666,1,1,0.45,0.2333333333333333,13,INT,DAPI,9.0,2.11,16.0,False,4
260327,260327/9D-405-05,9D-405-05,1,269,0.7556229646184311,3.434674051040827,980.8613762720016,1157.843939277149,838.3989641364514,1.38101785522806,0.9275862068965516,0.6896912186861937,918.0483271375464,882.0,246955.0,1617.0,448.0,301.87919133858145,0.328827124253724,3.3267321010230257,0.2282816997501236,-1.0952208125944989,96.38491306938649,30.576391220092773,25927.54161566496,836.9996337890625,0.0,155.13165758770546,1.609501452535708,2.0637928090059607,2.4199725456240637,6.289965929891329,2,4,0.0185873605947955,0.0669144981412639,3,17,0.5799256505576208,0.2230483271375464,13,INT,DAPI,9.0,2.11,16.0,False,5
260327,260327/9D-405-05,9D-405-05,2,190,0.533711387648706,3.050813595604913,824.3436445013756,985.1953015914422,721.5053918864448,1.3654718490953406,0.8837209302325582,0.6809309998961496,994.5894736842104,963.0,188972.0,1745.0,449.0,361.0038031937565,0.3629676492115961,3.348482405217764,0.243223877089816,-1.0816307315543676,114.26098961955624,23.798429489135746,21709.588027715683,1084.7481689453125,0.0,200.3280774403606,1.7532499771564525,1.904254215704548,2.589424202634283,7.13007094210516,2,3,0.0526315789473684,0.1052631578947368,2,12,0.6157894736842106,0.1894736842105263,13,INT,DAPI,9.0,2.11,16.0,False,5
260327,260327/9D-405-05,9D-405-05,3,161,0.452250175849693,2.599209798670897,758.829893984983,826.1991005201135,718.9930052902517,1.1491058945512045,0.9252873563218392,0.4926247886246039,1061.4844720496894,1020.0,170899.0,2022.0,447.0,416.3290781579828,0.3922140070066836,3.211947939794277,0.1527929878930513,-1.2019049269319748,132.31123692796837,27.729352951049805,21302.10914540291,2022.0,0.0,253.0513228727042,1.912545969247253,1.5460401214103563,3.9061651403249984,21.244256321543848,1,2,0.1366459627329192,0.1180124223602484,1,7,0.5900621118012422,0.2111801242236025,13,INT,DAPI,9.0,2.11,16.0,False,5
260327,260327/9D-405-05,9D-405-05,4,161,0.452250175849693,2.7309298827416506,758.829893984983,824.4666817356007,707.9271743929396,1.1646207569904288,0.8994413407821229,0.5125646846437618,909.3664596273292,823.0,146408.0,1645.0,450.0,325.76948693518307,0.3582378517332691,3.3060647100573606,0.447274155316053,-0.9646424310163192,106.57445082605255,53.90774154663086,17158.48658299446,922.3383178710938,0.0,146.8890091259311,1.3782760125658886,2.181458420200248,2.334115607547087,7.15986571194051,1,4,0.0124223602484472,0.1118012422360248,2,7,0.4968944099378882,0.2236024844720497,13,INT,DAPI,9.0,2.11,16.0,False,5
260327,260327/9D-405-05,9D-405-05,5,207,0.5814645118067481,3.070883643487314,860.4322229510454,1136.660156200022,664.3902755045477,1.7108320186306545,0.9409090909090908,0.8113858406889982,784.9082125603865,774.0,162476.0,1394.0,449.0,203.21946690300845,0.2589085751060018,3.182246867396121,0.3050589411244057,-0.6235671046453493,76.6954079054404,33.517967224121094,15875.949436426165,916.9989013671876,0.0,116.52179029385783,1.5192798822782236,1.8893303212686527,2.995480257656419,14.130817178230306,1,2,0.0,0.0289855072463768,3,15,0.5120772946859904,0.251207729468599,13,INT,DAPI,9.0,2.11,16.0,False,5
260327,260327/9D-405-05,9D-405-05,6,98,0.2752827157345957,2.0892791575524026,592.031113756174,653.6803152910361,564.8604572991698,1.1572421238628576,0.8672566371681416,0.5032799892946425,696.4795918367347,700.0,68255.0,1053.0,451.0,141.66231298203243,0.2033976510473837,3.213796882442564,0.1389514902520708,-0.8447963994095913,71.94704635502124,22.48288917541504,7050.810542792082,546.2572021484375,0.0,100.73926907825606,1.4001863062058195,2.073232586019192,1.905538845379135,4.612389953741786,1,3,0.0,0.010204081632653,2,5,0.5510204081632653,0.2551020408163265,13,INT,DAPI,9.0,2.11,16.0,False,5
260327,260327/9D-405-05,9D-405-05,7,82,0.2303385988799678,1.87539558248932,541.5498248295032,572.3899439603684,541.0275945806349,1.057968114184718,0.8913043478260869,0.3264685332613726,667.4268292682926,672.0,54729.0,987.0,450.0,126.9662179710482,0.1902324156046329,3.2028439763265864,0.0956260551290531,-0.6202147380631007,64.68762358078142,37.79099845886231,5304.385133624077,380.21624755859375,0.0,85.33985950153783,1.3192610081736278,2.294803259612433,1.9133806205837949,3.724530482727436,1,1,0.0,0.0,1,2,0.4390243902439024,0.2195121951219512,13,INT,DAPI,9.0,2.11,16.0,False,5
260327,260327/9D-405-06,9D-405-06,1,214,0.6011275629306478,2.952023532551848,874.8596370581831,911.8796803772276,844.8035101953075,1.079398545783046,0.9184549356223176,0.3764378752500129,765.5,719.5,163817.0,1452.0,350.0,288.46367783003467,0.3768304086610511,3.297667509304303,0.4936127210134966,-0.8353534800425004,116.53672074491732,32.63491249084473,24938.858239412308,1452.0,0.0,191.1492735216925,1.6402492905226984,1.7643093418418012,3.103665150304236,13.922936479565088,2,5,0.0373831775700934,0.1308411214953271,3,13,0.5747663551401869,0.2336448598130841,13,INT,DAPI,9.0,2.11,16.0,False,6
260327,260327/9D-405-06,9D-405-06,2,98,0.2752827157345957,2.091162457015127,592.031113756174,626.3699232350327,571.8232738113895,1.0953907473196602,0.8909090909090909,0.4081469621362863,564.2244897959183,539.5,55294.0,947.0,349.0,151.1853188348006,0.2679524224293858,3.239327618337369,0.5630802837583453,-0.5870511931032678,89.5185428322578,54.84365081787109,8772.817197561264,526.355712890625,0.0,106.43647102941172,1.1889879756963335,2.3832026331096063,1.5712331390501884,2.9858429890057536,1,4,0.0,0.0510204081632653,1,4,0.4693877551020408,0.2755102040816326,13,INT,DAPI,9.0,2.11,16.0,False,6
260327,260327/9D-405-07,9D-405-07,1,204,0.5730374898965054,2.9081168378615967,854.1744510063543,909.3021503858682,807.7969011955082,1.1256568935089206,0.9400921658986175,0.4591279236606885,864.9803921568628,827.5,176456.0,1633.0,388.0,338.9184763387596,0.3918221492786131,3.3132122764639003,0.5050743206922645,-0.8464586586748735,215.5735744565141,72.72364044189453,43977.00918912888,1551.776611328125,0.0,332.9293132254621,1.54438833268324,2.226835129422568,2.2357478973205573,4.924660382539082,1,4,0.0490196078431372,0.142156862745098,2,10,0.5735294117647058,0.2352941176470588,13,INT,DAPI,9.0,2.11,16.0,False,7
260327,260327/9D-405-07,9D-405-07,2,78,0.2191025696663109,1.813302139379392,528.1761600566973,563.1232341242376,513.9641287798495,1.0956469578160868,0.8478260869565217,0.4086241254023415,671.8205128205128,639.5,52402.0,1083.0,391.0,186.7620017242407,0.2779938959293686,3.183491722754267,0.3156931822005166,-1.0625811663291227,173.1889786414611,110.37580871582033,13508.740334033966,908.5192260742188,0.0,198.47875299269555,1.1460241555185209,2.6371954050084505,1.6307664463969422,2.525718581124581,1,2,0.0,0.0384615384615384,1,2,0.4487179487179487,0.2435897435897435,13,INT,DAPI,9.0,2.11,16.0,False,7
260327,260327/9D-405-07,9D-405-07,3,48,0.1348323505638836,1.3196749472178495,414.3354687297855,482.1865918571705,363.1084497504688,1.3279409834404383,0.8888888888888888,0.6579684295918873,542.1666666666666,538.0,26024.0,781.0,388.0,95.56424447823063,0.1762635926435241,3.0534434333923413,0.4544954985018484,-0.1650303241715307,136.94785641630492,83.98783874511719,6573.497107982636,613.3803100585938,0.0,149.98576389255626,1.0952034432479008,2.593640585728444,1.205164356322794,1.1330872454779062,1,0,0.0,0.0,1,1,0.4583333333333333,0.3125,13,INT,DAPI,9.0,2.11,16.0,False,7
260327,260327/9D-405-08,9D-405-08,1,106,0.2977547741619096,2.056349136534714,615.7216522882974,717.3261044399075,534.903114265309,1.3410393121848934,0.9464285714285714,0.6662927166698498,1260.8867924528302,1162.0,133654.0,2216.0,720.0,392.8607973692637,0.311574996043081,3.2333125945743064,0.6024639893651595,-0.640750724809811,162.23794000328712,73.13802719116211,17197.221640348434,1303.737060546875,0.0,244.27592706139453,1.5056646247877976,2.1289205036732577,2.6741760426786323,8.171968264721368,1,2,0.0,0.0754716981132075,1,3,0.5377358490566038,0.1981132075471698,13,INT,DAPI,9.0,2.11,16.0,False,8
260327,260327/9D-405-08,9D-405-08,2,88,0.2471926427004533,1.8223955135892305,561.0128767272698,701.1706413740313,451.0862094126721,1.554404960167097,0.9361702127659576,0.7655864786394218,1728.340909090909,1559.5,152094.0,3319.0,720.0,710.3106150139268,0.4109783036886765,3.242525390472076,0.4014450122058825,-0.9961685019518988,392.2541427395561,190.92330169677732,34518.36456108093,3319.0,0.0,531.3489488549327,1.3546037911643702,2.1229168712393864,2.5746202455161167,9.880368269331802,1,2,0.1022727272727272,0.1704545454545454,1,2,0.5,0.2386363636363636,13,INT,DAPI,9.0,2.11,16.0,False,8
260327,260327/9D-405-08,9D-405-08,3,70,0.1966305112389969,1.610395237988872,500.35761472269286,612.1303697906133,412.300363632946,1.4846709432824263,0.9333333333333332,0.7391417325510891,1306.3285714285714,1245.0,91443.0,2091.0,730.0,393.4374237642112,0.301177997916678,3.204971291600955,0.3185214008739033,-1.1649355892434212,200.95350430352343,125.5673942565918,14066.745301246645,895.3998413085938,0.0,225.4785159306112,1.1220432144843058,2.670326020101079,1.3065540089980685,0.8266811904121134,1,2,0.0,0.0571428571428571,1,2,0.4285714285714285,0.2571428571428571,13,INT,DAPI,9.0,2.11,16.0,False,8
260327,260327/9D-405-09,9D-405-09,1,175,0.4915762780974924,2.727163283816202,791.1348535663543,859.547233132153,733.3503949396876,1.1720825938913473,0.925925925925926,0.5216130197698412,1632.8914285714286,1551.0,285756.0,2919.0,760.0,581.4735390800223,0.3561005520059208,3.3104855196801557,0.3324726274593742,-1.0138607913349729,282.24340863091606,132.15403747558594,49392.59651041031,2252.600341796875,0.0,422.1561992611017,1.495716769113807,2.2066700168110898,2.3676290187481728,6.01383673237515,1,4,0.0342857142857142,0.1085714285714285,2,9,0.52,0.1771428571428571,13,INT,DAPI,9.0,2.11,16.0,False,9
260327,260327/9D-405-09,9D-405-09,2,153,0.429778117422379,2.496976259796167,739.7367738351292,812.8465072677835,676.788949563747,1.2010339527436702,0.9272727272727272,0.5538508059260977,1598.3398692810458,1501.0,244546.0,2856.0,758.0,585.3896718763121,0.3662485577236011,3.332051006653615,0.3378920728526955,-1.028481975259009,303.1687152105219,134.7213897705078,46384.813427209854,2172.33251953125,0.0,420.83176935027103,1.3881108050942634,2.3016309261588908,2.0229836533384837,4.414167130132075,1,4,0.0522875816993464,0.1176470588235294,1,8,0.5228758169934641,0.2418300653594771,13,INT,DAPI,9.0,2.11,16.0,False,9
260327,260327/9D-405-09,9D-405-09,3,108,0.3033727887687381,2.091162457015127,621.5032030946782,653.4555346780047,597.354338166931,1.093916111303767,0.907563025210084,0.4053831298952358,1354.0277777777778,1339.0,146235.0,2506.0,747.0,426.51005966669146,0.3149935818648249,3.117185186448212,0.4147089194289304,-0.7851873398599416,254.20030591885248,172.8104705810547,27453.63303923607,2506.0,0.0,338.3276047712319,1.3309488497595872,2.0512429248488333,3.372753845628138,17.88025711296723,1,3,0.0,0.0833333333333333,1,3,0.4166666666666667,0.2222222222222222,13,INT,DAPI,9.0,2.11,16.0,False,9
260327,260327/9D-405-09,9D-405-09,4,63,0.1769674601150972,1.610395237988872,474.6809121398126,518.5018575316697,445.21546166475895,1.1646088291562848,0.875,0.5125499522863659,1071.3015873015872,1048.0,67492.0,1540.0,747.0,207.771480774543,0.1939430345640403,3.1693895364821745,0.3605945396062035,-0.5819801578813606,176.6455227666431,138.18617248535156,11128.667934298515,825.1776123046875,0.0,181.7923577185334,1.0291365151591727,2.54410645699783,1.4486882594033677,2.3842916941709893,1,1,0.0,0.0,1,2,0.3809523809523809,0.2539682539682539,13,INT,DAPI,9.0,2.11,16.0,False,9
260327,260327/9D-405-10,9D-405-10,1,113,0.3174178252858093,2.312256106825324,635.7270855939122,713.6661646015135,579.6237381748106,1.2312576549207457,0.904,0.5834101449117733,533.0265486725664,464.0,60232.0,1049.0,288.0,192.14305776170448,0.3604755865166789,3.097094075942227,0.8993684865010012,0.0232442034127489,104.83117530198224,42.283180236816406,11845.922809123991,799.8944091796875,0.0,156.38778108841447,1.4918060456530755,2.2487754904065675,2.4756647681828454,6.836720712267233,1,2,0.0,0.1061946902654867,1,4,0.5309734513274337,0.2123893805309734,13,INT,DAPI,9.0,2.11,16.0,False,10
260327,260327/9D-405-10,9D-405-10,2,76,0.2134845550594824,1.703535402653764,521.3606982616968,619.9852990817934,441.6819857398007,1.403691613193917,0.8837209302325582,0.7017663381674653,642.4868421052631,603.0,48829.0,1265.0,289.0,275.9729693730192,0.4295387100360331,3.191892327080234,0.5699938098058852,-0.7964234121958569,204.85750250439892,109.92755508422852,15569.17019033432,1239.0,0.0,280.3536172860327,1.3685298993626684,2.280818929411445,1.9488215606410035,3.79965243536784,1,2,0.0789473684210526,0.1710526315789473,1,2,0.4868421052631579,0.25,13,INT,DAPI,9.0,2.11,16.0,False,10
260327,260327/13S-488-01,13S-488-01,1,334,0.9382084393403568,3.891604623259232,1092.9611549238168,1378.7585297616683,893.2961632945088,1.5434506341958938,0.9201101928374656,0.7617263213235596,1727.4071856287426,1642.5,576954.0,3849.0,749.0,694.6178127388022,0.4021158523118999,3.178047984059637,0.542862715012701,-0.5160748930684091,184.34098727563895,59.0637092590332,61569.88975006342,3849.0,0.0,343.19715302011593,1.861751735694811,1.3485250475046842,4.942760035159267,40.81900695153576,2,5,0.0808383233532934,0.1167664670658682,1,21,0.5868263473053892,0.2065868263473053,4,INT,SYBR,13.0,1.44,17.1,False,1
260327,260327/13S-488-01,13S-488-01,2,63,0.1769674601150972,1.500628501263244,474.6809121398126,519.8083839464874,435.1856237153543,1.194452104158852,0.9264705882352942,0.5468908242994109,1107.3015873015872,1087.0,69760.0,1781.0,750.0,247.9884645418551,0.2239574722783382,3.0741640742726166,0.4644974206717189,-0.5868310316571077,133.37927606370715,95.78225708007812,8402.89439201355,957.0922241210938,0.0,152.50442009519233,1.1433891725604377,2.2981123553738176,2.9554849667943475,13.073327206079796,1,1,0.0,0.0158730158730158,1,1,0.3492063492063492,0.1904761904761904,4,INT,SYBR,13.0,1.44,17.1,False,1
260327,260327/13S-488-01,13S-488-01,3,66,0.1853944820253399,1.6505353337536746,485.85140309600337,510.9917765319069,475.1978081007495,1.075324355081134,0.868421052631579,0.3676810270308605,913.6363636363636,892.5,60300.0,1162.0,758.0,105.65191561314576,0.1156389126114033,3.0749589136150184,0.2961888348916905,-1.022976118807369,55.66832717982206,39.3238697052002,3674.109593868256,244.3539581298828,0.0,59.247038532027744,1.0642863102504516,2.591319383420828,1.3270293887746316,1.2522569334984146,1,1,0.0,0.0,1,1,0.4090909090909091,0.2424242424242424,4,INT,SYBR,13.0,1.44,17.1,False,1
260327,260327/13S-488-01,13S-488-01,4,37,0.1039332702263269,1.1515813663077428,363.77458633858026,408.2074162145712,331.45138890482684,1.2315755187008257,0.8809523809523809,0.5837018496773102,988.4864864864865,955.0,36574.0,1288.0,759.0,156.49558418009073,0.1583183850457526,2.842469657608114,0.2554762061026391,-0.9927600483515416,122.02522883544096,121.3839340209961,4514.933466911316,354.8833312988281,0.0,92.4285477961848,0.7574544106844556,2.714054719873893,0.5809284311492413,-0.3269071068783544,1,0,0.0,0.0,1,1,0.3243243243243243,0.3243243243243243,4,INT,SYBR,13.0,1.44,17.1,False,1
260327,260327/13S-488-02,13S-488-02,1,170,0.4775312415804211,2.590116424461059,779.7510247679527,870.1089718372677,701.4830376361247,1.2403849061972805,0.934065934065934,0.591641246807489,1654.229411764706,1429.5,281219.0,3385.0,722.0,765.866605302774,0.4629748448770232,3.242929870539419,0.6495251374820468,-0.7514118902230811,283.3868433938307,103.79240036010742,48175.76337695122,3173.0,0.0,476.5945961550073,1.681780955133017,1.86465058810932,3.098032023762589,11.636398780192014,1,4,0.1294117647058823,0.1764705882352941,1,6,0.5647058823529412,0.2176470588235294,4,INT,SYBR,13.0,1.44,17.1,False,2
260327,260327/13S-488-02,13S-488-02,2,61,0.1713494455082687,1.535441821743657,467.08552748888576,498.9036541538414,444.6730251250162,1.1219561924485495,0.9104477611940298,0.4534132793645107,1125.5081967213114,1085.0,68656.0,1875.0,730.0,294.7390157948112,0.2618719407405541,3.087753399957708,0.5376448654470373,-0.4967592681538488,187.90550114678555,102.87335968017578,11462.235569953918,1327.431640625,0.0,249.41931107848808,1.3273656681485335,2.2735865832423587,2.607115628942714,7.886053478226113,1,1,0.0,0.0491803278688524,1,1,0.4918032786885246,0.180327868852459,4,INT,SYBR,13.0,1.44,17.1,False,2
260327,260327/13S-488-02,13S-488-02,3,37,0.1039332702263269,1.129628018962617,363.77458633858026,439.7323645088346,307.92240197568526,1.428062270518264,0.925,0.7138981235125883,909.918918918919,918.0,33667.0,1180.0,728.0,124.76586480692954,0.1371175631287727,2.8799370727735165,0.1464125221216524,-1.048998068718191,118.15851321091525,108.19470977783205,4371.864988803864,509.1449279785156,0.0,100.41453327276731,0.8498290181895353,2.491121079396126,1.8026847428908288,5.4170339219991455,0,0,0.0,0.0,0,0,0.2702702702702703,0.1891891891891892,4,INT,SYBR,13.0,1.44,17.1,False,2
260327,260327/13S-488-03,13S-488-03,1,206,0.5786555045033339,2.8899300894419198,858.3513680960267,1113.4859402459335,664.4532606255544,1.6757927249805862,0.944954128440367,0.8024402225769318,1114.747572815534,989.0,229638.0,2302.0,448.0,507.7117334298793,0.4554499563946522,3.2644088264636317,0.5514898718679423,-0.7985491432643168,216.329504549865,89.24385070800781,44563.87793727219,2302.0,0.0,323.09878017696644,1.4935493004029443,1.934056754118712,2.689729671346301,10.226601394672189,1,5,0.1553398058252427,0.1699029126213592,2,11,0.529126213592233,0.2184466019417475,4,INT,SYBR,13.0,1.44,17.1,False,3
260327,260327/13S-488-03,13S-488-03,2,174,0.4887672707940781,3.014116975661776,788.8712298894542,1077.437173423814,592.8151394913559,1.8174926746106237,0.883248730964467,0.8350272792170529,712.764367816092,674.5,124021.0,1163.0,450.0,186.53979319585352,0.261713129357758,3.314391395814767,0.4625180924427132,-0.863000491029493,80.9498133919705,38.02741432189941,14085.267530202866,624.9491577148438,0.0,117.32540135177447,1.4493597506354736,2.2131479077233114,2.2846257605688067,5.824419585062262,1,3,0.0,0.0402298850574712,2,8,0.5057471264367817,0.2068965517241379,4,INT,SYBR,13.0,1.44,17.1,False,3
260327,260327/13S-488-03,13S-488-03,3,113,0.3174178252858093,2.246396064789947,635.7270855939122,706.2811116928024,595.8450268720883,1.1853436377583826,0.889763779527559,0.5369136402813205,723.3008849557522,692.0,81733.0,1160.0,447.0,200.8427727706672,0.2776752758749268,3.3234628925232035,0.4882601577475943,-0.8456208312620714,98.14976329086102,50.17056274414063,11090.923251867294,600.9104614257812,0.0,127.0312219844241,1.2942590763869148,2.3648892859819317,1.879973020934269,3.516307861272629,1,2,0.0,0.0530973451327433,1,4,0.495575221238938,0.2389380530973451,4,INT,SYBR,13.0,1.44,17.1,False,3
260327,260327/13S-488-04,13S-488-04,1,115,0.3230358398926378,2.003349067634625,641.3283135165975,694.6094571275755,592.6424912927243,1.172054767136983,0.950413223140496,0.5215798861609234,1140.8695652173913,1055.0,131200.0,2227.0,541.0,447.8982011875045,0.3925936976872181,3.2161738565326035,0.5850270030720751,-0.7517066694494043,269.8026898259702,119.53466033935548,31027.30932998657,2227.0,0.0,396.6797663854429,1.4702587533182554,2.152373991831466,2.4197558474662606,6.879561319415902,1,4,0.0260869565217391,0.1391304347826087,1,4,0.5217391304347826,0.1913043478260869,4,INT,SYBR,13.0,1.44,17.1,False,4
260327,260327/13S-488-04,13S-488-04,2,114,0.3202268325892236,2.109349205434804,638.5338413411511,748.0305828977429,548.5407871217898,1.363673587196099,0.9047619047619048,0.6798908594459726,1152.2543859649122,1060.0,131357.0,2211.0,541.0,455.8577213876438,0.3956224657855416,3.251950078807232,0.512258239296364,-0.8364006354769362,267.7364245841377,141.82635498046875,30521.952402591705,2017.2703857421875,0.0,369.475843338906,1.3799984216297625,2.1995850672189605,2.130715724592373,5.18458114685107,1,3,0.043859649122807,0.1403508771929824,1,4,0.4736842105263157,0.2368421052631578,4,INT,SYBR,13.0,1.44,17.1,False,4
260327,260327/13S-488-04,13S-488-04,3,85,0.2387656207902105,1.9283956513894096,551.3672372505789,646.5429289001554,479.8410921396223,1.347410506293252,0.8762886597938144,0.6702179679050837,853.5176470588235,828.0,72549.0,1360.0,537.0,226.1219441218507,0.2649294304588252,3.2181865554174416,0.3602109847866582,-0.9792708957316836,141.62666237775016,87.40408325195312,12038.266302108765,826.376220703125,0.0,173.90283985772507,1.2278961950955751,2.411989548144999,2.0324581460942035,4.728559573668924,1,2,0.0,0.0352941176470588,1,3,0.4352941176470588,0.2352941176470588,4,INT,SYBR,13.0,1.44,17.1,False,4
260327,260327/13S-488-05,13S-488-05,1,225,0.6320266432682045,3.3321173890623133,897.0626040223177,1182.7376057141537,690.8370919388346,1.7120354704678635,0.9109311740890688,0.8116816705165557,619.48,571.0,139383.0,1259.0,304.0,223.33787024531756,0.3605247469576379,3.1587608744957656,0.5651255032124417,-0.5938399814405502,89.1010709174474,25.969066619873047,20047.740956425667,1131.0,0.0,160.35205958085675,1.799664784382039,1.7309138729183329,3.489834248082794,15.472074628192065,2,5,0.0222222222222222,0.1022222222222222,2,12,0.5822222222222222,0.1911111111111111,4,INT,SYBR,13.0,1.44,17.1,False,5
260327,260327/13S-488-05,13S-488-05,2,129,0.3623619421404372,2.58102305025122,679.2448411583556,816.8385889603904,580.0649509779767,1.408184699977509,0.8716216216216216,0.7040664275131457,500.2480620155039,459.0,64532.0,851.0,303.0,150.39069073415456,0.3006322305942158,3.234807644796131,0.5451133596376287,-0.7925328893462336,59.62169958731925,29.449153900146484,7691.199246764183,338.64013671875,0.0,77.618769502522,1.3018543590634322,2.4546752055646444,1.6001229130240755,2.062724569817512,1,4,0.0,0.0775193798449612,1,8,0.5116279069767442,0.2325581395348837,4,INT,SYBR,13.0,1.44,17.1,False,5
260327,260327/13S-488-05,13S-488-05,3,127,0.3567439275336087,2.3652561757254134,673.9588087412508,862.7328372312886,533.3798531600507,1.6174829853807944,0.900709219858156,0.785985818766256,630.2519685039371,607.0,80042.0,1299.0,303.0,262.4850704296822,0.4164763991975417,3.182273799983085,0.6372938689292951,-0.5770992107714599,118.17071754538168,40.8693962097168,15007.681128263474,1141.6075439453125,0.0,192.71065044259265,1.630781757490683,1.935518063471074,2.7567467853766785,8.985823016351214,1,3,0.0236220472440944,0.1417322834645669,1,5,0.5748031496062992,0.1811023622047244,4,INT,SYBR,13.0,1.44,17.1,False,5
260327,260327/13S-488-05,13S-488-05,4,127,0.3567439275336087,2.334209454170449,673.9588087412508,868.4244566057498,528.4093861642343,1.643469021074194,0.9202898550724636,0.7935776208642336,625.4488188976378,598.0,79432.0,1266.0,306.0,243.308143140412,0.3890136743230979,3.188114541368126,0.5440391118874298,-0.7456917961840555,107.26808553230106,41.689754486083984,13623.046862602234,1201.64404296875,0.0,172.58150908174247,1.608880294873669,1.800049981984634,3.1635913365061588,13.886805656208402,1,3,0.0314960629921259,0.1653543307086614,1,4,0.5826771653543307,0.2362204724409448,4,INT,SYBR,13.0,1.44,17.1,False,5
260327,260327/13S-488-05,13S-488-05,5,82,0.2303385988799678,1.7784888188989791,541.5498248295032,627.1500468789983,471.7402578182566,1.3294393185340885,0.9010989010989012,0.6589385217321967,570.6341463414634,567.0,46792.0,1042.0,304.0,187.2419384405926,0.3281295724082876,3.178299194197168,0.3846349848030874,-0.7429095817659315,105.82940917334903,47.67011260986328,8678.011552214622,760.4716796875,0.0,147.50411537836612,1.3937913528058512,2.2137808876614145,2.340197690673925,6.319573345043111,1,2,0.0,0.073170731707317,1,2,0.524390243902439,0.2073170731707317,4,INT,SYBR,13.0,1.44,17.1,False,5
260327,260327/13S-488-06,13S-488-06,1,260,0.730341898887703,3.6319310540431737,964.313323998374,1410.614470052811,668.8030019557357,2.1091628864222285,0.9219858156028368,0.880459292422405,916.4807692307692,880.5,238285.0,1648.0,458.0,307.8457650720001,0.3358998632675998,3.314629766351595,0.3174880254437132,-0.9511986976333304,170.67619969248773,76.0854721069336,44375.811920046806,1648.0,0.0,260.84383302156465,1.528296467178989,2.0389284555865874,2.406495694965457,6.912888069565813,1,4,0.0038461538461538,0.1038461538461538,3,15,0.5269230769230769,0.2076923076923077,4,INT,SYBR,13.0,1.44,17.1,False,6
260327,260327/13S-488-06,13S-488-06,2,98,0.2752827157345957,2.0033490676346246,592.031113756174,668.5858585530992,534.3760098308113,1.2511524586681575,0.8990825688073395,0.6009812706199119,864.3877551020408,837.0,84710.0,1508.0,460.0,289.039277203017,0.334386131104895,3.2684889784050686,0.3644608157907705,-1.0944875035872128,232.4085012412801,127.85140991210938,22776.03312164545,1307.5306396484375,0.0,281.53118404628555,1.2113635368011242,2.4717580575835245,1.5624049804669138,1.849901938495904,1,2,0.0,0.0918367346938775,1,2,0.4591836734693877,0.2244897959183673,4,INT,SYBR,13.0,1.44,17.1,False,6
260327,260327/13S-488-07,13S-488-07,1,224,0.6292176359647903,3.1110237392521163,895.0669116636727,952.0714657085772,852.2790727536388,1.117088869297844,0.9294605809128632,0.4456969128956916,992.5758928571428,864.5,222337.0,2113.0,460.0,421.8806321189049,0.4250361460064438,3.18740096536205,0.7391105607203596,-0.5875816929725297,177.45044778500284,62.4076099395752,39748.90030384064,2113.0,0.0,286.78735967354305,1.6161546124753188,1.8070386025426035,3.2432028784502207,14.577070481344125,1,4,0.03125,0.1651785714285714,1,9,0.5625,0.2366071428571428,4,INT,SYBR,13.0,1.44,17.1,False,7
260327,260327/13S-488-07,13S-488-07,2,84,0.2359566134867963,1.7784888188989791,548.1143048061958,625.3649286058686,486.0958228819208,1.2865054566777838,0.9032258064516128,0.6291307857447326,803.6190476190476,748.5,67504.0,1268.0,470.0,227.95623680407877,0.2836620628635727,3.310330304150943,0.4578935537501349,-0.975997584724618,166.22848455111185,99.77924728393556,13963.192702293396,853.1473999023438,0.0,195.82073585607813,1.178021542967669,2.606449960471956,1.838639552829928,3.3252864784486533,1,2,0.0,0.0595238095238095,1,3,0.4523809523809524,0.25,4,INT,SYBR,13.0,1.44,17.1,False,7
260327,260327/13S-488-08,13S-488-08,1,173,0.4859582634906639,2.950140233089123,786.6010921471843,859.3128000758664,740.5111075926316,1.1604320195404685,0.8693467336683417,0.5073365183708632,335.7167630057804,333.0,58079.0,533.0,211.0,77.45182754113004,0.2307058689821707,3.286371895048764,0.4024329458483676,-0.6470760965618974,27.77087992024904,15.628949165344238,4804.362226203084,188.0698089599609,0.0,36.94137804148739,1.3302199335265468,2.28394861380311,1.9900892297326167,4.360632422083479,1,4,0.0,0.0231213872832369,2,11,0.4855491329479768,0.2138728323699422,4,INT,SYBR,13.0,1.44,17.1,False,8
260327,260327/13S-488-08,13S-488-08,2,184,0.5168573438282206,2.930070185206722,811.2232794667995,936.6779274100132,710.0302918614015,1.31920840300269,0.9246231155778896,0.6522192860087752,478.9945652173913,441.5,88135.0,950.0,212.0,200.54879616301088,0.4186869971520282,3.2874851648180523,0.4996573617334012,-0.8906063022668511,56.57495982491452,22.241464614868164,10409.792607784271,652.563232421875,0.0,90.54029216007775,1.60035981360442,1.849949553925277,3.028691426899876,12.715837536210064,1,4,0.092391304347826,0.1684782608695652,2,11,0.532608695652174,0.2010869565217391,4,INT,SYBR,13.0,1.44,17.1,False,8
260327,260327/13S-488-09,13S-488-09,1,197,0.5533744387726057,2.98683685303226,839.3915763759538,987.9661827369024,719.9236750382233,1.3723207292557056,0.9078341013824884,0.6848408957382894,780.5888324873097,712.0,153776.0,1629.0,355.0,322.40812403858394,0.4130319453985084,3.2462856896680243,0.565817898359308,-0.7213551643643541,148.22349244114105,54.10003280639648,29200.02801090479,1629.0,0.0,253.7960163850024,1.7122523036338773,1.894491354086212,2.975831525850469,10.36671656461646,1,4,0.0761421319796954,0.1472081218274111,1,11,0.5583756345177665,0.1979695431472081,4,INT,SYBR,13.0,1.44,17.1,False,9
260327,260327/13S-488-09,13S-488-09,2,107,0.3005637814653239,2.047255762324876,618.619181950243,652.1809936631212,590.6150961319437,1.104240304615281,0.9067796610169492,0.4241328477896565,701.5981308411215,676.0,75071.0,1263.0,360.0,251.3110851234128,0.3581980539516614,3.122344856918184,0.36715237872193,-1.0263986818598756,140.95366080453462,80.82258605957031,15082.041706085203,987.4691162109376,0.0,192.61757071321236,1.3665311678589311,2.2814355151983827,2.281569754553253,5.684628838465006,1,3,0.0,0.102803738317757,1,4,0.4579439252336448,0.2242990654205607,4,INT,SYBR,13.0,1.44,17.1,False,9
260327,260327/13S-488-09,13S-488-09,3,97,0.2724737084311815,2.1275359538544807,589.0028017549823,916.4573231400328,391.52296338407416,2.340749863606369,0.8981481481481481,0.9041507640840616,531.4020618556701,518.0,51546.0,798.0,355.0,119.9481363438846,0.2257201184448222,3.191111252467258,0.3620492857833912,-1.0062642600524714,87.78994044815143,53.78824615478516,8515.624223470688,448.0642700195313,0.0,102.42345381066156,1.1666878151165014,2.558582859258239,1.6180255845606002,2.402207070235656,2,1,0.0,0.0103092783505154,2,3,0.4329896907216495,0.2371134020618556,4,INT,SYBR,13.0,1.44,17.1,False,9
260327,260327/13S-488-10,13S-488-10,1,216,0.6067455775374763,3.251837197532708,878.9382588748141,931.0657069079954,841.5862967096426,1.1063223231511623,0.9191489361702128,0.4277529057080803,503.5,505.5,108756.0,800.0,335.0,109.63792418047989,0.2177515872502083,3.201739538755568,0.2502920496652748,-0.8570949027781185,34.23951099454253,12.991890907287598,7395.734374821186,349.63018798828125,0.0,52.70547667477528,1.5393174477046725,1.9691953509828104,2.565514865178137,8.374632379886343,2,4,0.0,0.0092592592592592,3,15,0.5277777777777778,0.2222222222222222,4,INT,SYBR,13.0,1.44,17.1,False,10
260327,260327/13S-488-10,13S-488-10,2,150,0.4213510955121363,2.453069565105916,732.4485490623451,748.8330200766907,721.444877361109,1.037962904131722,0.9493670886075948,0.2679760731997836,978.2533333333332,823.0,146738.0,2227.0,344.0,503.41287825752505,0.5146037954628573,3.1989033791291064,0.6875076987588878,-0.6302695341462661,198.12958807309468,64.04412651062012,29719.438210964203,2227.0,0.0,348.6826927218069,1.7598718904779111,1.7736758202955063,3.2645455080401606,13.247499298327073,1,4,0.18,0.18,1,6,0.6333333333333333,0.2066666666666666,4,INT,SYBR,13.0,1.44,17.1,False,10
260327,260327/13S-488-10,13S-488-10,3,96,0.2696647011277672,1.9723023460796607,585.9588392498761,636.0462509019992,548.0330194537586,1.1605984098110842,0.9056603773584906,0.5075463106532954,639.9166666666666,601.0,61432.0,1098.0,336.0,209.37358535788135,0.3271888298339076,3.219117748045591,0.4323002305238519,-0.859744229621656,86.45498083035152,52.62543487548828,8299.678159713745,538.140380859375,0.0,114.53809538649826,1.324829342235973,2.351263943161188,2.0320025499744463,4.167257270648374,1,3,0.0,0.0833333333333333,1,4,0.4479166666666667,0.2083333333333333,4,INT,SYBR,13.0,1.44,17.1,False,10
260327,260327/13S-488-10,13S-488-10,4,70,0.1966305112389969,1.641441959543836,500.35761472269286,642.131807768809,395.1294335327238,1.6251176279826014,0.945945945945946,0.788261755025869,512.2142857142857,497.0,35855.0,795.0,340.0,116.7704167490348,0.2279718079049627,3.185167086442099,0.4320200561981193,-0.6045763655408987,61.041784236473696,36.62299346923828,4272.924896553159,336.88055419921875,0.0,74.60891724206522,1.2222597713237366,2.549669298465073,2.042874676350774,4.5471319131287045,1,1,0.0,0.0285714285714285,1,1,0.4428571428571428,0.2142857142857142,4,INT,SYBR,13.0,1.44,17.1,False,10
260327,260327/3S-488-01,3S-488-01,1,876,2.4606903977908763,9.574234915448946,1770.0418983225911,2299.3852649427304,1396.7760641521684,1.6462089550041352,0.8866396761133604,0.7943530979391784,177.12671232876713,172.0,155163.0,355.0,90.0,53.88505157071732,0.3042175336642651,3.1813173250056552,0.4109636564659897,-0.4919744151239817,24.787344559074537,4.577814340591431,21713.71383374929,355.0,0.0,41.66201148371044,1.6807775187220757,1.6974345523262502,2.79284790812016,11.374277056769976,10,16,0.0,0.0582191780821917,14,78,0.591324200913242,0.2351598173515981,24,INT,SYBR,3.0,0.47,14.1,False,1
260327,260327/3S-488-02,3S-488-02,1,166,0.4662952123667642,3.8348379554336938,770.522876951778,1134.0603019774908,576.965097256619,1.96556136128472,0.8217821782178217,0.8609080925261191,68.31927710843374,64.5,11341.0,146.0,38.0,20.671467425774757,0.3025715186208102,2.9924359610044164,0.9324388250281156,0.8555904002895898,7.365012383514858,1.9816803336143491,1222.5920556634665,81.7673568725586,0.0,12.060865564269024,1.637589312309225,1.8364103665097904,2.7661782631104987,10.482899742879251,3,3,0.0,0.072289156626506,2,9,0.5843373493975904,0.2469879518072289,24,INT,SYBR,3.0,0.47,14.1,False,2
260327,260327/3S-488-03,3S-488-03,1,129,0.3623619421404372,2.2903027594801983,679.2448411583556,827.9961100681235,561.970799354781,1.473379241445954,0.9214285714285714,0.7344046427289478,1614.6511627906978,1505.0,208290.0,2849.0,832.0,575.2425527978772,0.3562642916651119,3.284847433663613,0.4250227170261694,-1.0399475200493804,541.4803732310155,310.1678771972656,69850.968146801,2849.0,0.0,646.438676954444,1.1938358413568009,2.532311571421814,1.3497716518075236,0.9136607975329872,1,4,0.0,0.1395348837209302,1,3,0.4728682170542636,0.2558139534883721,24,INT,SYBR,3.0,0.47,14.1,False,3
260327,260327/3S-488-06,3S-488-06,1,500,1.404503651707121,4.725185576166437,1337.2619751112525,1646.5552439585456,1093.2367328048856,1.5061287226729263,0.9416195856873822,0.747773530784996,1278.054,1323.0,639027.0,2131.0,585.0,399.0278154201257,0.3122151453851916,3.356226454610998,-0.0834897688316053,-1.1571567961009332,185.9854263187647,60.2835750579834,92992.71315938234,1800.83984375,0.0,289.5306535378662,1.556738392187961,2.030714864914371,2.37013032784349,6.365834952368523,2,4,0.048,0.028,9,36,0.564,0.232,24,INT,SYBR,3.0,0.47,14.1,False,6
260327,260327/3S-488-06,3S-488-06,2,438,1.230345198895438,4.518512075850468,1251.6086292882137,1409.331328903001,1141.324506763428,1.234820877455429,0.9260042283298098,0.58665901616558,1079.650684931507,1019.5,472887.0,1849.0,585.0,329.51201543738523,0.3052024326352273,3.348322642088762,0.4415070426326973,-0.8999913762971015,145.35078253961044,55.31282234191895,63663.64275234938,1190.029296875,0.0,217.37230191413124,1.4955014215688436,2.159069949495677,2.1395645139377444,4.800904169406328,2,5,0.0,0.0821917808219178,6,32,0.545662100456621,0.2397260273972602,24,INT,SYBR,3.0,0.47,14.1,False,6
260327,260327/3S-488-06,3S-488-06,3,169,0.4747222342770069,2.590116424461059,777.4542568193422,887.930812171638,687.6018485753402,1.2913444226646051,0.9388888888888888,0.6327125525347108,893.6686390532544,889.0,151030.0,1281.0,591.0,187.2685467289425,0.2095503171369349,3.342066356382869,0.1231655976067396,-1.1545821440308164,126.63512574568304,62.50917816162109,21401.33625102043,655.9739379882812,0.0,152.03392848436982,1.2005668063195545,2.6270411185796445,1.3785425106606362,1.2660413853640016,1,3,0.0,0.0,1,8,0.5029585798816568,0.272189349112426,24,INT,SYBR,3.0,0.47,14.1,False,6
260327,260327/3S-488-07,3S-488-07,1,85,0.2387656207902105,1.703535402653764,551.3672372505789,644.6770287934061,471.6776396445056,1.3667746244644687,0.9550561797752808,0.6816809940696075,2266.635294117647,2120.0,192664.0,3995.0,1154.0,791.9931283831713,0.349413569284192,3.204057822229609,0.4879599393503547,-0.8497327459755688,694.2647859012379,439.978759765625,59012.506801605225,3789.0,0.0,829.0254912276991,1.1941056324087154,2.551918375343511,2.1351101387776423,4.604613074388412,1,1,0.0,0.1294117647058823,1,2,0.4470588235294118,0.2,24,INT,SYBR,3.0,0.47,14.1,False,7
260327,260327/3S-488-10,3S-488-10,1,171,0.4803402488838354,2.855116768961507,782.0410473925454,821.3844193160295,756.124947467823,1.0863077882389058,0.9047619047619048,0.390626129186247,594.7426900584795,528.0,101701.0,1321.0,271.0,252.66253567069364,0.4248266349366143,3.0919173654095267,0.5825514414675625,-0.7123950839766531,80.50784660013099,30.976221084594727,13766.841768622398,1321.0,0.0,148.44709110071793,1.8438835140881336,1.5628352937166126,4.542998112668877,30.11296614319462,1,4,0.0994152046783625,0.1637426900584795,1,8,0.5555555555555556,0.2046783625730994,24,INT,SYBR,3.0,0.47,14.1,False,10
260327,260327/3S-488-10,3S-488-10,2,250,0.7022518258535605,3.812884608088568,945.5870108240828,1323.3521699086032,697.9151043036687,1.8961506374460144,0.8389261744966443,0.8496268844245844,479.428,456.0,119857.0,840.0,271.0,144.56539499381887,0.3015372381125401,3.2721652130374483,0.4477322861493358,-0.9095784687836814,42.27388545787334,17.161226272583008,10568.471364468336,342.04071044921875,0.0,60.93182399188387,1.441358496668197,2.146289511099913,2.203731544594852,5.76274736063942,2,5,0.0,0.08,5,16,0.532,0.264,24,INT,SYBR,3.0,0.47,14.1,False,10
260327,260327/3S-488-11,3S-488-11,1,248,0.6966338112467321,3.401744030023139,941.7970676737692,1128.3124565740388,794.3564405653864,1.420410786587137,0.9253731343283582,0.7101784722556483,815.3629032258065,791.0,202210.0,1411.0,399.0,271.9893226850919,0.3335806934667068,3.3551029595365782,0.2029207333616186,-1.1033890822327928,104.24516270718269,39.78202819824219,25852.800351381306,778.6780395507812,0.0,156.12988866146026,1.4977183075632787,2.2319738909082494,2.0894461972445577,4.326295036736406,1,4,0.0120967741935483,0.0725806451612903,3,13,0.5725806451612904,0.2338709677419354,24,INT,SYBR,3.0,0.47,14.1,False,11
260327,260327/3S-488-11,3S-488-11,2,201,0.5646104679862627,3.131093787134517,847.8704943631051,1067.5222277868322,682.4256647888951,1.5643055102815702,0.9136363636363636,0.7689895767523663,718.2885572139304,695.0,144376.0,1248.0,395.0,223.01815244147272,0.3104854590841692,3.3177267497799696,0.4170218363528018,-0.897655239656173,96.41963811656136,36.56671905517578,19380.347261428837,942.7886352539062,0.0,152.11953488778892,1.5776820765899593,2.017926389319081,2.7809066446666013,9.410154979403664,1,5,0.0,0.0796019900497512,2,9,0.527363184079602,0.1990049751243781,24,INT,SYBR,3.0,0.47,14.1,False,11
260327,260327/3S-488-12,3S-488-12,1,248,0.6966338112467321,3.401744030023139,941.7970676737692,1128.3124565740388,794.3564405653864,1.420410786587137,0.9253731343283582,0.7101784722556483,815.3629032258065,791.0,202210.0,1411.0,399.0,271.9893226850919,0.3335806934667068,3.3551029595365782,0.2029207333616186,-1.1033890822327928,104.24516270718269,39.78202819824219,25852.800351381306,778.6780395507812,0.0,156.12988866146026,1.4977183075632787,2.2319738909082494,2.0894461972445577,4.326295036736406,1,4,0.0120967741935483,0.0725806451612903,3,13,0.5725806451612904,0.2338709677419354,24,INT,SYBR,3.0,0.47,14.1,False,12
260327,260327/3S-488-12,3S-488-12,2,201,0.5646104679862627,3.131093787134517,847.8704943631051,1067.5222277868322,682.4256647888951,1.5643055102815702,0.9136363636363636,0.7689895767523663,718.2885572139304,695.0,144376.0,1248.0,395.0,223.01815244147272,0.3104854590841692,3.3177267497799696,0.4170218363528018,-0.897655239656173,96.41963811656136,36.56671905517578,19380.347261428837,942.7886352539062,0.0,152.11953488778892,1.5776820765899593,2.017926389319081,2.7809066446666013,9.410154979403664,1,5,0.0,0.0796019900497512,2,9,0.527363184079602,0.1990049751243781,24,INT,SYBR,3.0,0.47,14.1,False,12
260327,260327/3S-488-13,3S-488-13,1,788,2.213497755090423,7.048418356664324,1678.7831527519077,1701.002800753511,1674.276408261491,1.015962951135274,0.9173457508731082,0.1765712511782692,481.4581218274112,478.0,379389.0,883.0,218.0,160.70967777690512,0.3337978330636925,3.3298744324168243,0.13282276099614,-0.9924439466574536,73.82298638794552,18.89236068725586,58172.51327370107,813.1779174804688,0.0,126.96758702400528,1.719892315880866,1.8929345837873783,2.6646152680774007,7.894347565049102,4,8,0.0507614213197969,0.0634517766497461,11,60,0.5850253807106599,0.2131979695431472,24,INT,SYBR,3.0,0.47,14.1,False,13
260327,260327/3S-488-13,3S-488-13,2,367,1.0309056803530268,5.622743271646295,1145.6831495302622,1575.005671067135,867.8740040587805,1.814786090724364,0.8495370370370371,0.8344860084635066,320.2397820163488,308.0,117528.0,497.0,216.0,69.49916261599083,0.2170222643120672,3.3218370755227924,0.4458607110041511,-0.7013162646287849,41.96282099316287,15.179620742797852,15400.355304490777,307.2089233398437,0.0,59.51158955223985,1.418198017762825,2.244146038056246,1.820953659717122,3.198417429347299,3,7,0.0,0.0108991825613079,6,30,0.5340599455040872,0.2561307901907357,24,INT,SYBR,3.0,0.47,14.1,False,13
260327,260327/3S-488-13,3S-488-13,3,161,0.452250175849693,2.98683685303226,758.829893984983,944.9798164991,626.4405153121878,1.508490899615852,0.8609625668449198,0.7486953965211918,339.6583850931677,332.0,54685.0,615.0,215.0,84.31904482307526,0.2482466163758822,3.079100458660075,0.4883755802475319,-0.408392688254684,50.667109300631175,22.71679306030273,8157.404597401619,592.0796508789062,0.0,82.48945459409158,1.6280671175583326,1.8383059744260344,3.4055575112948917,15.44214708622532,1,4,0.0,0.0186335403726708,1,8,0.5279503105590062,0.1987577639751552,24,INT,SYBR,3.0,0.47,14.1,False,13
260327,260327/3S-488-14,3S-488-14,1,264,0.7415779281013599,3.4199307784428155,971.7028061920068,1238.517542056166,781.0456811269898,1.5857171635199097,0.9361702127659576,0.7760840490603956,1831.034090909091,1760.5,483393.0,3139.0,1036.0,520.9824540851348,0.284529084778794,3.314512622139816,0.3947996417474484,-0.8529420147882454,303.65502892299133,152.5549545288086,80164.92763566971,2783.467041015625,0.0,415.2098091187996,1.3673733993191963,2.140695177707039,2.371935537390755,7.456190789335928,1,4,0.0,0.0492424242424242,3,13,0.4962121212121212,0.2537878787878788,24,INT,SYBR,3.0,0.47,14.1,False,14
260327,260327/3S-488-14,3S-488-14,2,152,0.4269691101189648,2.3652561757254134,737.3153703699986,828.0678615041912,658.5005668193892,1.2575051613149335,0.9382716049382716,0.6063139615693454,2496.842105263158,2327.5,379520.0,4095.0,1044.0,1032.139494045765,0.4133779592510443,3.2187188072327806,0.2633692933988767,-1.3228132088362752,876.4899999067972,368.332763671875,133226.47998583317,4020.572509765625,0.0,1066.328612480214,1.2165895932567443,2.6987145099753334,1.419838374523439,1.1855881775357917,3,4,0.1052631578947368,0.1842105263157894,1,4,0.5263157894736842,0.2697368421052631,24,INT,SYBR,3.0,0.47,14.1,False,14
260327,260327/9S-488-01,9S-488-01,1,161,0.452250175849693,2.440209591970629,758.829893984983,793.0786534673668,727.7242772118399,1.0898065081818102,0.9470588235294116,0.3975186848126314,1013.7391304347826,911.0,163212.0,1983.0,509.0,382.43845128561424,0.3772552916267425,3.210052315040437,0.6078342730281311,-0.6991944515499737,205.6140688215527,73.70250701904297,33103.865080269985,1933.80126953125,0.0,325.8133192274821,1.5845867021397613,1.9791671568263496,2.709166235693886,8.947291571025522,1,4,0.0,0.1304347826086956,1,7,0.5527950310559007,0.2049689440993788,13,INT,SYBR,9.0,2.11,16.0,False,1
260327,260327/9S-488-02,9S-488-02,1,121,0.3398898837131233,2.0654425107445524,657.8459096163664,701.5344637309029,619.6255457188824,1.132190995961909,0.9603174603174603,0.468915181005375,1547.892561983471,1468.0,187295.0,2626.0,878.0,461.2585826058397,0.2979913425094455,3.238285557337621,0.3551671534350645,-1.0109197943546782,210.7739116652938,120.31891632080078,25503.64331150055,1550.27294921875,0.0,271.3291031740609,1.287299272620266,2.338606082919367,2.3037079323636824,6.59441331764209,1,3,0.0,0.0661157024793388,1,4,0.4545454545454545,0.2314049586776859,13,INT,SYBR,9.0,2.11,16.0,False,2
260327,260327/9S-488-02,9S-488-02,2,98,0.2752827157345957,1.8534422351441944,592.031113756174,663.6028519332922,529.5575383852606,1.2531270047760357,0.9514563106796116,0.6026525345845054,2235.0102040816328,2017.0,219031.0,4095.0,873.0,1035.2776259445584,0.4632093509255161,3.1541564938123035,0.4200897011398777,-1.1212922558947658,742.6314607931644,426.4786071777344,72777.8831577301,4095.0,0.0,908.2434458389662,1.223006960772872,2.4729253168134218,1.4865938297169574,1.698526504730637,2,2,0.1632653061224489,0.2040816326530612,1,2,0.4795918367346938,0.2448979591836734,13,INT,SYBR,9.0,2.11,16.0,False,2
260327,260327/9S-488-02,9S-488-02,3,100,0.2809007303414242,1.8534422351441944,598.0417360148784,630.4345094272969,569.9554643074212,1.106111878747169,0.9523809523809524,0.427389319056777,1458.03,1395.0,145803.0,2356.0,898.0,393.0549979508484,0.2695794997022341,3.262275247328589,0.4594754962097799,-0.7546924196516609,187.5719495439529,100.3154754638672,18757.19495439529,1279.55908203125,0.0,251.0303873405421,1.338315179593094,2.306669592630997,2.290664267573074,6.07495939781457,1,2,0.0,0.05,1,3,0.47,0.24,13,INT,SYBR,9.0,2.11,16.0,False,2
260327,260327/9S-488-03,9S-488-03,1,250,0.7022518258535605,3.264697170667995,945.5870108240828,1200.122903081503,754.4884639649397,1.5906444702609417,0.946969696969697,0.7776673385093081,2414.46,2254.5,603615.0,4095.0,1136.0,912.2568644559424,0.377830597506665,3.347814203745436,0.3323278640936712,-1.1516676775000994,450.50501251602174,229.53868103027344,112626.25312900545,2787.229736328125,0.0,579.6059827620855,1.2865694424242893,2.479254579718137,1.6863697996727345,2.490428210564712,1,4,0.056,0.148,3,14,0.492,0.236,13,INT,SYBR,9.0,2.11,16.0,False,3
260327,260327/9S-488-03,9S-488-03,2,164,0.4606771977599357,2.5462097297708075,765.8671069746572,898.2944117666141,665.7884444731649,1.3492189887396289,0.9534883720930232,0.6713179067482992,1998.371951219512,1836.0,327733.0,3630.0,1138.0,672.07219298426,0.3363098609215997,3.215536103873151,0.6156554783794829,-0.7182716050386997,381.9129598467815,165.93721771240234,62633.72541487217,3519.0,0.0,592.0573346931328,1.550241539147188,2.0392102074855623,2.957648420621537,10.863344626593191,1,3,0.0,0.0975609756097561,1,6,0.5426829268292683,0.2195121951219512,13,INT,SYBR,9.0,2.11,16.0,False,3
260327,260327/9S-488-04,9S-488-04,1,205,0.5758464971999196,2.895256864726309,856.2654564632185,939.8402849121542,796.8163209426606,1.1794942701478446,0.9360730593607306,0.5302825366264728,1671.2243902439025,1685.0,342601.0,2890.0,785.0,582.3708292278496,0.3484695607768488,3.3445033060683422,0.1751923591185679,-1.1208510724952567,280.1353551422677,97.90208435058594,57427.74780416489,2219.621826171875,0.0,459.9987589669473,1.6420589208860672,2.094556400648653,2.3941847935630336,5.567358983101155,1,4,0.0439024390243902,0.1024390243902439,1,10,0.5707317073170731,0.2048780487804878,13,INT,SYBR,9.0,2.11,16.0,False,4
260327,260327/9S-488-04,9S-488-04,2,145,0.4073060589950651,2.4035129720274915,720.1376126288294,774.7987207211966,691.6687076295738,1.1201876160864912,0.935483870967742,0.4506363702617874,1462.1586206896552,1493.0,212013.0,2210.0,770.0,429.62605956068336,0.2938299945583482,3.386011012250673,0.0483516274501665,-1.3087834427239533,212.82718671272545,93.49730682373048,30859.942073345184,1356.767822265625,0.0,309.220973892684,1.452920459405739,2.3101802267586504,1.892179816733268,3.047338190510226,2,3,0.0,0.0206896551724137,2,6,0.5241379310344828,0.2275862068965517,13,INT,SYBR,9.0,2.11,16.0,False,4
260327,260327/9S-488-04,9S-488-04,3,73,0.2050575331492397,1.716395375789051,510.9670832367321,558.3308185196828,482.4845759167218,1.1571993103797211,0.9012345679012346,0.5032250926265988,1169.1780821917807,1077.0,85350.0,1775.0,763.0,312.1171139913205,0.2669542978484639,3.0763648317871755,0.4135638796592383,-1.1882647132296225,269.0389114275371,130.49961853027344,19639.840534210205,1775.0,0.0,340.2624928642449,1.2647333839510095,2.3965050060947477,2.1251717555906318,5.217296782833909,1,1,0.0,0.0273972602739726,1,1,0.5068493150684932,0.2054794520547945,13,INT,SYBR,9.0,2.11,16.0,False,4
260327,260327/9S-488-05,9S-488-05,1,224,0.6292176359647903,3.1019303650422776,895.0669116636727,1001.0237804897216,819.0803345780254,1.222131381051201,0.9256198347107438,0.574873022797605,1274.174107142857,1187.5,285415.0,2396.0,715.0,433.5313655170656,0.3402449971999464,3.1914061110305663,0.59986127331109,-0.7224760006891655,133.90771226797784,46.95915794372559,29995.32754802704,1535.49951171875,0.0,213.14231393813145,1.5917105171029151,1.859501670706352,3.0941637605565737,13.061928481733638,1,4,0.0,0.1116071428571428,2,13,0.5357142857142857,0.2321428571428571,13,INT,SYBR,9.0,2.11,16.0,False,5
260327,260327/9S-488-05,9S-488-05,2,135,0.3792159859609227,2.2903027594801983,694.8617051767791,742.6646166034416,655.3294219120426,1.1332691494860443,0.9310344827586208,0.4704945240223931,1579.6148148148147,1471.0,213248.0,3106.0,717.0,645.4325980184558,0.4086012564361285,3.237070285330718,0.4252160801626667,-0.9933798675417148,285.2963772535324,94.86032104492188,38515.01092922688,3026.0,0.0,449.584490110492,1.575850680048989,1.8624580144505405,3.2231506559661125,14.210662540705112,1,4,0.0962962962962963,0.1629629629629629,1,3,0.5259259259259259,0.2,13,INT,SYBR,9.0,2.11,16.0,False,5
260327,260327/9S-488-06,9S-488-06,1,145,0.4073060589950651,2.396302897280377,720.1376126288294,789.796544072954,663.1009725788209,1.1910652777380344,0.935483870967742,0.5432290408060078,2390.462068965517,2275.0,346617.0,3994.0,1156.0,867.5888764966328,0.3629377298055541,3.3638216449630427,0.2722469881985634,-1.2301758616575982,701.130681057634,333.5361022949219,101663.94875335692,3545.375732421875,0.0,807.8814196827025,1.152255123772416,2.6378351102084707,1.2957510846489864,1.045549844551836,1,4,0.0137931034482758,0.1172413793103448,2,5,0.503448275862069,0.2896551724137931,13,INT,SYBR,9.0,2.11,16.0,False,6
260327,260327/9S-488-06,9S-488-06,2,79,0.2219115769697251,1.747442097344015,531.5511219369166,637.7129356684476,446.4554192106446,1.4283910738410477,0.8977272727272727,0.7140561975231493,2017.126582278481,1933.0,159353.0,3306.0,1132.0,613.1162178510822,0.3039552516126806,3.230664505115378,0.3589209213049317,-1.0145245225382082,697.4375466455388,444.0571594238281,55097.56618499756,3306.0,0.0,763.0394636198203,1.0940613497076643,2.694490998074194,1.7780246029882596,2.8842685617298844,1,2,0.0,0.0759493670886076,1,2,0.3924050632911392,0.2278481012658227,13,INT,SYBR,9.0,2.11,16.0,False,6
260327,260327/9S-488-07,9S-488-07,1,203,0.5702284825930911,2.758210005371166,852.0783142246081,952.1947305475747,764.6704023657115,1.2452354996371076,0.9398148148148148,0.5958968995198314,2027.7241379310344,1904.0,411628.0,3757.0,891.0,815.9523881704192,0.4023981235450336,3.344190869641407,0.4096560323798456,-0.982161497907347,415.6520343555018,168.1288604736328,84377.36297416687,2852.83203125,0.0,578.8927630698049,1.3927341026188396,2.3578188986731563,1.9137852928837729,3.4134406755452185,1,4,0.1034482758620689,0.1477832512315271,2,7,0.5467980295566502,0.2216748768472906,13,INT,SYBR,9.0,2.11,16.0,False,7
260327,260327/9S-488-07,9S-488-07,2,144,0.4044970516916508,2.259256037925234,717.6500832178542,807.685376086859,639.3263426017505,1.2633381768690592,0.9664429530201344,0.6110996239214671,1780.923611111111,1645.0,256453.0,3388.0,891.0,667.6444772257803,0.374886644806309,3.2763544401824625,0.5205534836240386,-0.9022343647840358,404.3367604298724,200.85638427734372,58224.49350190163,3388.0,0.0,565.4375779694946,1.398432280479141,2.179183349843824,2.552161684570217,8.128854992233181,1,4,0.0,0.1388888888888889,1,6,0.5069444444444444,0.2222222222222222,13,INT,SYBR,9.0,2.11,16.0,False,7
260327,260327/9S-488-07,9S-488-07,3,99,0.27809172303801,1.9283956513894096,595.0440142002377,736.8853242131493,484.9047196605414,1.519649725680145,0.9428571428571428,0.7529773984035695,1620.828282828283,1557.0,160462.0,2769.0,900.0,515.150642529,0.3178317209705164,3.238205698639237,0.3926761400807331,-0.987936089864594,419.659516373066,253.92222595214844,41546.29212093353,2625.72607421875,0.0,511.0628965528096,1.2178036637169654,2.4375523260100658,2.059417283499939,4.504403720241917,1,2,0.0,0.0606060606060606,1,2,0.4343434343434343,0.202020202020202,13,INT,SYBR,9.0,2.11,16.0,False,7
260327,260327/9S-488-07,9S-488-07,4,76,0.2134845550594824,1.6925587289812014,521.3606982616968,686.0184563766194,403.8584143211896,1.6986607980662924,0.8941176470588236,0.8083522915213974,1268.5657894736842,1209.5,96411.0,1995.0,894.0,289.0168315987296,0.2278295962234957,3.03961093760104,0.7308602395960445,-0.451121186974754,260.200820684433,140.7917022705078,19775.262372016907,1373.311279296875,0.0,304.25118641463604,1.1692937232647185,2.5214583946633726,1.8618053174732097,3.794948334746936,1,1,0.0,0.0263157894736842,1,1,0.4736842105263157,0.2236842105263158,13,INT,SYBR,9.0,2.11,16.0,False,7
260327,260327/9S-488-08,9S-488-08,1,200,0.5618014606828484,2.758210005371166,845.7587339373915,997.6339103290264,718.283326334663,1.3889141982730755,0.9433962264150944,0.693987674845625,2318.96,2187.0,463792.0,4095.0,888.0,977.81266942212,0.421659998198382,3.371576243301283,0.2843368263631085,-1.1887929148670058,499.8520126229525,264.32818603515625,99970.40252459048,3339.183837890625,0.0,664.0190995319053,1.328431381215198,2.4266597635268887,1.9493966782499497,3.7803833951106016,1,4,0.135,0.175,2,7,0.48,0.23,13,INT,SYBR,9.0,2.11,16.0,False,8
260327,260327/9S-488-08,9S-488-08,2,138,0.3876430078711654,2.4932096608707184,702.5399681595715,760.288273914027,656.3801605641171,1.1583047745693706,0.8961038961038961,0.5046386920672936,1425.376811594203,1352.5,196702.0,2341.0,897.0,363.3113161615996,0.2548879097838392,3.212436272168696,0.3967154440617513,-0.9217885629575352,176.9866823035738,100.13052749633788,24424.16215789318,1468.166015625,0.0,242.7715384460475,1.371693820609831,2.1472867993341813,2.517392662939518,8.1618658656515,1,4,0.0,0.0217391304347826,1,6,0.463768115942029,0.2246376811594203,13,INT,SYBR,9.0,2.11,16.0,False,8
260327,260327/9S-488-08,9S-488-08,3,103,0.2893277522516669,2.016209040769912,606.9460730214508,636.5145069791745,582.2887100486348,1.0931252761641397,0.9363636363636364,0.4038884756268878,1419.9223300970873,1377.0,146252.0,2330.0,892.0,380.650930858109,0.2680786989469219,3.220210226175773,0.4870638965185355,-0.7471647206498342,229.02451709636208,139.4249267578125,23589.525260925293,1542.4144287109375,0.0,295.11926271256493,1.2885924461458136,2.352186043943392,2.433401988518269,7.105706733453296,1,4,0.0,0.058252427184466,1,1,0.4174757281553398,0.2233009708737864,13,INT,SYBR,9.0,2.11,16.0,False,8
260327,260327/9S-488-08,9S-488-08,4,82,0.2303385988799678,1.716395375789051,541.5498248295032,637.686102190034,463.0544542359473,1.3771298307501083,0.942528735632184,0.6875384777479336,1622.1097560975609,1597.0,133013.0,2993.0,893.0,571.2447531941029,0.3521615914378026,3.098680151092465,0.5963656934775702,-0.5482959374920608,443.9960492645822,180.8157501220703,36407.67603969574,2975.0,0.0,632.7377832862845,1.4250977780868248,2.210986389945629,2.339466558171075,5.7613009212258,1,2,0.0,0.1097560975609756,1,1,0.5609756097560976,0.1951219512195122,13,INT,SYBR,9.0,2.11,16.0,False,8
260327,260327/9S-488-09,9S-488-09,1,191,0.5365203949521202,2.7271632838162025,826.5101229930382,952.7931110919636,719.3854119924566,1.3244543122622483,0.9502487562189056,0.6556926279697872,2749.759162303665,2701.0,525204.0,4095.0,1389.0,886.9824507890308,0.3225673226036071,3.2937488572477287,0.1457989908556515,-1.348758144314834,462.2016557873232,288.0187683105469,88280.51625537872,2491.513916015625,0.0,540.0477782149248,1.168424585790367,2.634264591695174,1.7030460297869423,2.729242358872746,4,4,0.0,0.0,2,6,0.4554973821989528,0.2303664921465968,13,INT,SYBR,9.0,2.11,16.0,False,9
260327,260327/9S-488-09,9S-488-09,2,99,0.27809172303801,1.906442304044284,595.0440142002377,704.4482502760396,509.4004671590777,1.3828967495941686,0.9519230769230768,0.6907226482434553,2874.5151515151515,2867.0,284577.0,4095.0,1387.0,953.3680720952104,0.3316622184414967,3.0486619193529294,-0.025634813898711,-1.512722722134009,959.6325967089472,575.314208984375,95003.62707418576,3987.0,0.0,954.3406261118598,0.9944854201334594,2.8500550815748062,1.1233051851355138,0.6146365457459626,3,2,0.0202020202020202,0.0,2,1,0.4646464646464646,0.2828282828282828,13,INT,SYBR,9.0,2.11,16.0,False,9
260327,260327/9S-488-10,9S-488-10,1,216,0.6067455775374763,2.877070116306633,878.9382588748141,986.6733978523912,786.8124891972313,1.2540133912453193,0.9432314410480348,0.6033987109417841,3174.634259259259,3634.5,685721.0,4095.0,1369.0,992.436494615197,0.3126144347874464,2.5354687040598787,-0.4836160216180981,-1.3913796962578997,743.5771293320038,263.91455078125,160612.6599357128,4095.0,0.0,1018.8861635177144,1.3702494648175043,2.427927969132112,1.5428993963067958,1.405432696523221,12,4,0.0787037037037037,0.0,4,6,0.5555555555555556,0.2407407407407407,13,INT,SYBR,9.0,2.11,16.0,False,10
260327,260327/9S-488-10,9S-488-10,2,50,0.1404503651707121,1.2666748783177604,422.87936696869576,469.10125146043833,381.0693406444321,1.2310128405164638,0.9433962264150944,0.5831852242115875,1950.3,1901.0,97515.0,2679.0,1379.0,371.2583813387729,0.1903596274105383,3.0661124244774456,0.2481028698648172,-1.2332324458711326,510.2063669013977,312.7362823486328,25510.318345069885,1876.218505859375,0.0,450.6088783135482,0.8831894455770928,2.7940431049163648,1.088518275836161,0.5261605858741483,1,0,0.0,0.0,1,1,0.38,0.24,13,INT,SYBR,9.0,2.11,16.0,False,10
260327,260327/9S-488-10,9S-488-10,3,80,0.2247205842731393,1.9904890944993372,534.904790044501,861.6707623015536,342.1178446794682,2.518637293266176,0.898876404494382,0.917801263819758,1943.9875,1910.5,155519.0,2865.0,1371.0,364.4316710711993,0.1874660567885335,3.0440824048787825,0.2544730630127795,-0.774135042216642,481.1643306314945,425.70947265625,38493.14645051956,2486.051513671875,0.0,425.5985972018945,0.88451817831826,2.586002386711605,1.6983632991518458,5.630707414512738,1,1,0.0,0.0,2,2,0.3,0.2125,13,INT,SYBR,9.0,2.11,16.0,False,10
260327,260327/9S-488-11,9S-488-11,1,181,0.5084303219179779,2.771069978506453,804.5828680803478,944.5320570623198,694.6148890199148,1.3597924144629727,0.9282051282051282,0.6776263533251847,1510.2375690607737,1434.0,273353.0,2770.0,704.0,552.0709031784594,0.3655523571180896,3.2676062513637847,0.2865525722156867,-1.0766509681036618,165.30292618867443,86.2945785522461,29919.82964015007,1627.367919921875,0.0,233.3687325001408,1.4117640738783837,2.065478344071803,2.724059863568739,10.54685810898994,1,4,0.0718232044198895,0.1160220994475138,1,9,0.4751381215469613,0.2430939226519337,13,INT,SYBR,9.0,2.11,16.0,False,11
260327,260327/9S-488-11,9S-488-11,2,147,0.4129240736018936,2.2903027594801983,725.0870702771246,770.8241139136001,682.6106234674488,1.1292295891881294,0.9545454545454546,0.4645259485560132,1661.265306122449,1522.0,244206.0,3405.0,700.0,708.8036546966855,0.4266649355069604,3.2667947847945777,0.5057676884449799,-0.8225193261512267,263.7124475102846,98.9737319946289,38765.72978401184,3405.0,0.0,445.2368438625624,1.6883421623289072,1.7453704498385074,3.905247816855721,20.43830702653166,1,4,0.0952380952380952,0.1564625850340136,1,5,0.5510204081632653,0.2176870748299319,13,INT,SYBR,9.0,2.11,16.0,False,11
260327,260327/9S-488-11,9S-488-11,3,118,0.3314628618028806,2.2373026905801088,649.6396102905932,806.7747573527721,528.2656166553638,1.5272142117837386,0.900763358778626,0.7558134657434602,1310.0,1278.0,154580.0,2091.0,712.0,385.29994975609753,0.2941220990504561,3.296579086893236,0.2159733319515198,-1.0990306232668807,146.79604694802882,85.78091430664062,17321.9335398674,736.7548217773438,0.0,172.151826162371,1.1727279428942596,2.6689652463530784,1.5056254163456395,1.7063396643332345,1,3,0.0,0.0508474576271186,3,5,0.4661016949152542,0.2288135593220339,13,INT,SYBR,9.0,2.11,16.0,False,11
260327,260327/9S-488-11,9S-488-11,4,35,0.0983152556194984,1.1587914410548563,353.806262388742,411.0575444676811,320.3189475555619,1.2832757712416618,0.8536585365853658,0.626706075225213,990.2571428571428,991.0,34659.0,1287.0,710.0,168.21648217089069,0.1698715160847449,3.0501472437474773,-0.0931262635195361,-1.2254047080313832,114.12972024508883,103.2167510986328,3994.5402085781097,405.8576049804688,0.0,99.39070256424114,0.8708573222715671,2.644354624182057,0.8565994080584428,0.6211742609865678,1,0,0.0,0.0,1,0,0.3714285714285714,0.2285714285714285,13,INT,SYBR,9.0,2.11,16.0,False,11
260327,260327/9S-488-11,9S-488-11,5,40,0.1123602921365696,1.4567218065729928,378.2348043296332,550.7756218990975,278.37281569608314,1.978553906285208,0.9090909090909092,0.862873680820652,891.875,888.0,35675.0,1151.0,726.0,107.88673726145896,0.1209662085622525,2.986559770045304,0.4548519441253775,-0.1983145065127365,77.64609447717666,79.10595321655273,3105.8437790870667,284.1132507324219,0.0,66.0951852512675,0.8512364426867027,2.6353999280109868,0.8839882120023075,0.8999036683997352,0,0,0.0,0.0,0,0,0.325,0.2,13,INT,SYBR,9.0,2.11,16.0,False,11
260327,260327/9S-488-12,9S-488-12,1,190,0.533711387648706,2.867976742096794,824.3436445013756,902.5414517080198,772.6539454189905,1.1681056662677036,0.9004739336492891,0.5168318480155554,862.1315789473684,708.0,163805.0,2015.0,343.0,463.6296055762681,0.537771283291053,3.1645151337653394,0.8342578340570711,-0.4697117733217277,189.82454429253156,41.49510383605957,36066.66341558099,1933.0,0.0,352.1468007409235,1.85511732454494,1.8135222921239769,2.691999097293932,7.640249312090905,1,4,0.1842105263157894,0.2105263157894736,1,12,0.6368421052631579,0.1947368421052631,13,INT,SYBR,9.0,2.11,16.0,False,12
260327,260327/9S-488-12,9S-488-12,2,150,0.4213510955121363,2.5333497566355203,732.4485490623451,910.2595959580884,594.5214409309608,1.531079509147245,0.925925925925926,0.7572423983235359,818.4733333333334,700.0,122771.0,1784.0,343.0,392.7462198975922,0.4798521880952247,3.169991924399433,0.7200236329013708,-0.5757242923505057,177.68106066743533,74.24678039550781,26652.1591001153,1614.7669677734375,0.0,291.7040558582772,1.6417284698916677,2.036323480173956,2.8296951339475678,9.14494755870445,1,3,0.1466666666666666,0.1866666666666666,1,5,0.5533333333333333,0.2066666666666666,13,INT,SYBR,9.0,2.11,16.0,False,12
260327,260327/9S-488-12,9S-488-12,3,222,0.6235996213579618,3.551650862513568,891.0621179215458,1260.8901084467682,643.0720749001683,1.9607290654667455,0.8809523809523809,0.8601658804596579,608.4459459459459,575.0,135075.0,1007.0,343.0,183.1887098043432,0.3010763914607751,3.348062264317442,0.4059560830621014,-0.9755862146668464,82.589884950771,38.498945236206055,18334.95445907116,522.4517211914062,0.0,116.273544208751,1.4078424286225568,2.3813901831586946,1.889609110506708,3.247918273887313,2,4,0.0,0.081081081081081,3,12,0.5180180180180181,0.2342342342342342,13,INT,SYBR,9.0,2.11,16.0,False,12
260327,260327/9S-488-12,9S-488-12,4,101,0.2837097376448385,2.193395995889857,601.0245063188743,737.6609880399903,502.7093077883106,1.467370857494879,0.8938053097345132,0.7318265146967657,578.3366336633663,558.0,58412.0,1014.0,345.0,177.08152231261863,0.3061910866529905,3.148791614826806,0.5593759551869306,-0.6269756412251875,94.34432798328966,40.67202377319336,9528.777126312256,673.188720703125,0.0,141.24823886182455,1.4971566588172904,2.1737461033245267,2.1808444535267,4.816292543514192,1,2,0.0,0.0891089108910891,1,4,0.5247524752475248,0.2178217821782178,13,INT,SYBR,9.0,2.11,16.0,False,12
260327,260327/9S-488-12,9S-488-12,5,91,0.255619664610696,2.279326085807635,570.4954560680371,805.9037043888042,419.93933973323846,1.9190955172257615,0.875,0.8535085695682321,521.9230769230769,517.0,47495.0,843.0,343.0,129.31092853783178,0.2477585955772753,3.197416796570795,0.3894394395994437,-0.8121358668964969,71.5117429979555,39.36661911010742,6507.56861281395,501.88385009765625,0.0,98.13795707854786,1.3723334513235623,2.2970852362319047,2.719922117065848,8.922306521046073,2,2,0.0,0.0329670329670329,2,2,0.4725274725274725,0.2307692307692307,13,INT,SYBR,9.0,2.11,16.0,False,12
260327,260327/9S-488-12,9S-488-12,6,44,0.1235963213502266,1.2246514830902335,396.6960094668252,478.18903293090494,331.0940982359718,1.4442692741387924,0.9361702127659576,0.7215218564685569,417.0681818181818,409.5,18351.0,545.0,345.0,44.438825328954586,0.1065505048484552,2.884367774956053,0.6953168574035867,0.2229934846062233,46.96245793320916,35.90244674682617,2066.348149061203,188.21788024902344,0.0,45.50639131708108,0.9689950935234496,2.661224840206712,1.0550835754589325,0.9098215577987036,1,1,0.0,0.0,1,1,0.3636363636363636,0.2727272727272727,13,INT,SYBR,9.0,2.11,16.0,False,12
260327,260327/9S-488-13,9S-488-13,1,250,0.7022518258535605,3.2609305717425463,945.5870108240828,1061.604203343436,857.8406660010015,1.237530750660632,0.922509225092251,0.589099192794857,1364.6,1295.5,341150.0,2522.0,728.0,451.4369026878881,0.3308199492070117,3.250374712572865,0.4439920448857816,-0.8394818422788854,185.50336998033524,80.07920455932617,46375.84249508381,2522.0,0.0,295.54946893727856,1.593229648435007,1.7474285580043274,3.358468143827332,17.487240903581448,1,5,0.0,0.096,3,16,0.536,0.236,13,INT,SYBR,9.0,2.11,16.0,False,13
260327,260327/9S-488-13,9S-488-13,2,139,0.3904520151745796,2.303162732615485,705.080808164432,806.6956414230999,620.3761949423409,1.3003330043927233,0.9391891891891893,0.6392081444056747,1596.611510791367,1509.0,221929.0,3068.0,726.0,642.8981877922363,0.4026641317859353,3.2566479027726394,0.4534960828699873,-0.9632084834369836,369.5798732274674,183.26486206054688,51371.60237861797,2592.030029296875,0.0,529.60832174066,1.433000983294074,2.296430508780932,2.2165657217811097,4.72974417394329,1,4,0.0647482014388489,0.1366906474820144,1,5,0.5035971223021583,0.2014388489208633,13,INT,SYBR,9.0,2.11,16.0,False,13
260327,260327/9S-488-14,9S-488-14,1,518,1.4550657831685774,5.642490196424912,1361.1198680943835,1664.9425368097718,1140.9955674525556,1.4592015817616248,0.9087719298245616,0.7282549758760228,903.4015444015444,817.0,467962.0,2048.0,453.0,355.90811323332946,0.3939644728735766,3.119137264432577,0.9012434142021504,0.0863633046832785,116.66381428399193,32.66342735290527,60431.85579910781,2048.0,0.0,212.0857268639212,1.8179221052008985,1.50484627216999,3.57156467901972,19.24763893263502,1,7,0.0,0.1312741312741312,1,39,0.5945945945945946,0.2123552123552123,13,INT,SYBR,9.0,2.11,16.0,False,14
260327,260327/9S-488-15,9S-488-15,1,152,0.4269691101189648,2.515163008215844,737.3153703699986,856.4471801259916,639.4471890416326,1.3393556102882966,0.9101796407185628,0.6652421185143876,1071.7565789473683,991.5,162907.0,1939.0,543.0,388.22924539026985,0.3622364005188299,3.287255787411108,0.4896367098146352,-0.9961120216932722,284.1787493730846,124.42046737670898,43195.16990470886,1696.690673828125,0.0,385.5544057705383,1.356732009768832,2.43978214196753,1.767955232109495,2.5665930404905453,1,4,0.0,0.131578947368421,1,9,0.5394736842105263,0.2236842105263158,13,INT,SYBR,9.0,2.11,16.0,False,15
260327,260327/9S-488-15,9S-488-15,2,106,0.2977547741619096,2.109349205434804,615.7216522882974,681.6665460964142,576.0805420517376,1.1832834062900772,0.913793103448276,0.5345986485227721,1092.330188679245,1071.5,115787.0,1728.0,550.0,341.56632826403364,0.3126951280885381,3.206794630568984,0.1492627629352416,-1.1896655542573946,265.7991126387749,136.53380584716797,28174.70593971014,1546.19091796875,0.0,341.6276944275437,1.285285308276484,2.438597701631582,1.6117068048712295,2.1750600742451454,1,1,0.0,0.0471698113207547,1,4,0.5,0.2452830188679245,13,INT,SYBR,9.0,2.11,16.0,False,15
260327,260327/9S-488-15,9S-488-15,3,80,0.2247205842731393,1.785698893646093,534.904790044501,604.3275455611579,492.99456045588187,1.2258300477034152,0.9090909090909092,0.5783711225275769,1027.6625,960.0,82213.0,1644.0,564.0,315.61019635668265,0.3071146376915404,3.237353555869153,0.2006210134143118,-1.2598967079060956,219.67740668952464,148.5546646118164,17574.192535161972,1417.8135986328125,0.0,270.1072483250904,1.229563168991882,2.3368376932213453,2.223973330917659,6.319527432842968,1,1,0.0,0.0375,1,1,0.425,0.2375,13,INT,SYBR,9.0,2.11,16.0,False,15
260327,260327/13D-BOD-405-01,13D-BOD-405-01,1,411,1.1545020017032537,4.421605312260128,1212.4180809623736,1576.4680149204314,941.4308099710984,1.6745447442588253,0.9153674832962138,0.8021093131134859,2475.647201946472,2358.0,1017491.0,4095.0,1371.0,760.1920839486882,0.307068019769129,3.367577976948332,0.3195759136409077,-1.0690561200455715,321.98599646408496,123.87908172607422,132336.24454673892,3254.080810546875,0.0,501.0554460107485,1.5561404890682486,2.004391571262376,2.492822608858997,7.371040735020037,2,6,0.0,0.072992700729927,4,32,0.5352798053527981,0.2092457420924574,13,BOD,DAPI,,2.11,16.0,False,1
260327,260327/13D-BOD-405-01,13D-BOD-405-01,2,181,0.5084303219179779,2.917210212071435,804.5828680803478,898.4572200070705,751.6331256906878,1.1953401058281774,0.905,0.5478417474519818,2366.491712707182,2285.0,428335.0,4010.0,1376.0,640.4345800468835,0.270626166408269,3.2473703555340374,0.2447897160935892,-1.04492445918308,327.03792866817497,128.09999084472656,59193.86508893967,4010.0,0.0,497.4235964647351,1.5209966577590448,1.7960581758771532,3.4418856750634865,18.57450624773729,1,3,0.0,0.011049723756906,1,10,0.5303867403314917,0.2651933701657458,13,BOD,DAPI,,2.11,16.0,False,1
260327,260327/13D-BOD-405-01,13D-BOD-405-01,3,166,0.4662952123667642,2.600769975029838,770.522876951778,921.296419434153,671.0010373610302,1.3730178764812433,0.9431818181818182,0.6852343664087118,2601.5060240963853,2700.5,431850.0,3823.0,1394.0,657.0341049861913,0.2525591326333397,3.3269961959995387,-0.263442737894759,-1.1904750950229188,324.5692325184144,76.10976028442383,53878.49259805679,2583.00341796875,0.0,518.2764110021899,1.5968131266810248,2.03943044836051,2.340415259648834,5.932316693938855,2,2,0.0,0.0,2,6,0.5481927710843374,0.2349397590361445,13,BOD,DAPI,,2.11,16.0,False,1
260327,260327/13D-BOD-405-01,13D-BOD-405-01,4,120,0.3370808764097091,2.4546297414648564,655.1218982897973,914.9148893772308,494.56565542056353,1.8499361598395163,0.8955223880597015,0.8413059832773244,2433.0416666666665,2395.0,291965.0,3442.0,1405.0,559.6828543103348,0.2300342250517705,3.283789985020421,-0.2099106838969211,-1.068022973999499,282.5251392841339,31.84726047515869,33903.01671409607,2516.1689453125,0.0,430.5058306349133,1.5237788457541688,1.8652497591038903,2.128318854636549,5.834164222309232,1,2,0.0,0.0,1,4,0.5583333333333333,0.2416666666666666,13,BOD,DAPI,,2.11,16.0,False,1
260327,260327/13D-BOD-405-01,13D-BOD-405-01,5,144,0.4044970516916508,2.78925672692613,717.6500832178542,823.0570106588897,672.4784361385537,1.223915840907814,0.8888888888888888,0.5765673265481266,2181.555555555556,2110.0,314144.0,3300.0,1392.0,484.7230306808378,0.2221914676646399,3.307935118013741,0.3118692919498834,-0.8828688186137068,288.3474243283272,153.28404235839844,41522.02910327912,1890.8162841796875,0.0,394.15660534287554,1.3669503248070238,2.3535301936262405,2.1796438346452924,5.350189297495007,1,3,0.0,0.0069444444444444,1,7,0.4930555555555556,0.2430555555555555,13,BOD,DAPI,,2.11,16.0,False,1
260327,260327/13S-BOD-488-02,13S-BOD-488-02,1,132,0.3707889640506799,2.312256106825324,687.0976435563656,792.5494756769149,599.9000952280611,1.3211357724082629,0.9103448275862068,0.6535023643538234,634.2348484848485,609.5,83719.0,1202.0,320.0,231.1705315436536,0.3644872748571086,3.216687920703423,0.5919555491649343,-0.6296238572302602,127.13043415907656,49.69597244262695,16781.217308998108,1202.0,0.0,201.2632169067189,1.5831238069625484,1.978662162702052,2.616173063484778,8.158023520506633,1,3,0.0,0.1212121212121212,2,7,0.5606060606060606,0.2121212121212121,13,BOD,SYBR,,2.11,16.0,False,2
260327,260327/13S-BOD-488-03,13S-BOD-488-03,1,188,0.5280933730418775,2.8149766731967043,819.9935157484457,847.4131933885136,802.1894381930797,1.0563754059107282,0.9170731707317074,0.322312953563874,928.781914893617,862.5,174611.0,1703.0,432.0,349.21499482747925,0.3759924576777299,3.348066113147569,0.3817301680397336,-0.968721651176084,213.50903328555697,97.69891738891602,40139.69825768471,1586.0,0.0,302.16877828567203,1.4152505570175915,2.2546442071751827,2.002146214360528,4.111212593706331,1,4,0.0691489361702127,0.1329787234042553,2,10,0.5212765957446809,0.2287234042553191,13,BOD,SYBR,,2.11,16.0,False,3
260327,260327/13S-BOD-488-03,13S-BOD-488-03,2,111,0.3117998106789809,2.0343957891895887,630.0760660407722,665.9143096135246,600.4439278701901,1.1090366289081508,0.9487179487179488,0.4323967082203341,756.2882882882883,726.0,83948.0,1221.0,440.0,218.5599309275225,0.2889902360146161,3.197555127732191,0.2688055793794474,-1.219273137244456,162.16585585340724,99.35709381103516,18000.409999728203,857.4356079101562,0.0,192.61926624280352,1.1877917532586215,2.6344370138555107,1.5518192422997326,1.9768886867415345,1,4,0.0,0.018018018018018,1,3,0.4414414414414414,0.2342342342342342,13,BOD,SYBR,,2.11,16.0,False,3
260327,260327/13S-BOD-488-04,13S-BOD-488-04,1,164,0.4606771977599357,2.76009330483389,765.8671069746572,864.1460224061949,685.0360740704933,1.2614606078646748,0.9213483146067416,0.6095705174328488,627.5853658536586,574.0,102924.0,1209.0,319.0,226.81842965228088,0.3614144656540171,3.199744352749197,0.5776137158149356,-0.7337969306893797,127.8805385133842,52.70988464355469,20972.40831619501,1209.0,0.0,188.9341047164429,1.4774265647674665,2.0080508053769988,2.388160520138949,7.418019789657798,1,3,0.0,0.1158536585365853,1,8,0.524390243902439,0.2378048780487804,13,BOD,SYBR,,2.11,16.0,False,4
260327,260327/13S-BOD-488-04,13S-BOD-488-04,2,160,0.4494411685462787,2.5333497566355208,756.4696086592663,934.8339427523484,617.7259576669993,1.5133473527371084,0.9411764705882352,0.7505736241134219,673.89375,647.0,107823.0,1194.0,322.0,246.73183560868304,0.3661286895874655,3.3227301676880145,0.3831129497450238,-1.036070029922959,159.41751225888729,72.58745956420898,25506.801961421967,1058.5086669921875,0.0,225.62974693503597,1.4153385267273697,2.317455442775349,1.9362378824074464,3.507761436951503,1,2,0.03125,0.125,1,8,0.51875,0.21875,13,BOD,SYBR,,2.11,16.0,False,4
260327,260327/13S-BOD-488-05,13S-BOD-488-05,1,230,0.6460716797852757,3.1367436855226902,906.9751989090364,1042.7032876385986,794.7242672876548,1.3120315190541256,0.9387755102040816,0.6473689116387152,887.7434782608696,835.5,204181.0,1630.0,416.0,312.96910198943914,0.3525445240133558,3.307187593394927,0.3249131043987015,-0.982578972793834,162.72231429970782,64.66971206665039,37426.1322889328,1566.0,0.0,264.3989446694062,1.6248474943788391,2.0334910229516354,2.751905451464077,8.666153532537924,1,4,0.0521739130434782,0.1,1,12,0.5478260869565217,0.2217391304347826,13,BOD,SYBR,,2.11,16.0,False,5
260327,260327/13S-BOD-488-05,13S-BOD-488-05,2,124,0.348316905623366,2.3213494810351625,665.9510930537281,751.9729779403974,598.5959653089138,1.2562279425861669,0.9117647058823528,0.6052520682129008,706.0887096774194,682.0,87555.0,1164.0,414.0,203.59293086330013,0.2883390260641792,3.274152272986713,0.3833281789896912,-0.9471709129704426,118.81587271921096,68.01256942749023,14733.16821718216,823.2333374023438,0.0,157.3049108830622,1.3239385217058468,2.305193364466994,2.3945902830611376,6.993813761331108,1,4,0.0,0.0403225806451612,2,5,0.4758064516129032,0.2096774193548387,13,BOD,SYBR,,2.11,16.0,False,5
260327,260327/13S-BOD-488-06,13S-BOD-488-06,1,178,0.5000033000077351,2.793023325851579,797.8871938237432,898.7470380270601,716.8311080507794,1.253777951226126,0.8944723618090452,0.6032007575493564,763.7808988764045,709.0,135953.0,1569.0,321.0,326.8753667620086,0.4279700726253744,3.2429018237240435,0.4977233130586522,-0.8182827831040571,154.01946651466776,54.81220245361328,27415.465039610863,1478.47265625,0.0,250.683262929985,1.627607656374473,1.9563234166569656,2.6013088032963902,7.650655701061314,1,4,0.1123595505617977,0.1629213483146067,1,9,0.5842696629213483,0.196629213483146,13,BOD,SYBR,,2.11,16.0,False,6
260327,260327/13S-BOD-488-06,13S-BOD-488-06,2,122,0.3426988910165375,2.2373026905801088,660.5586877629735,711.6184598168338,623.4031450780244,1.141506046986286,0.9104477611940298,0.4822463347923885,706.5901639344262,669.5,86204.0,1300.0,317.0,258.0509192528592,0.3652059318459563,3.2839379534483606,0.3313144033730797,-0.9786593949242772,124.50126281136372,38.09346771240234,15189.154062986374,1225.011962890625,0.0,224.4053995608776,1.80243472631183,1.8628713261460776,2.993209866239773,9.977599088834578,1,3,0.0655737704918032,0.1229508196721311,1,5,0.5983606557377049,0.180327868852459,13,BOD,SYBR,,2.11,16.0,False,6
260327,260327/13S-BOD-488-06,13S-BOD-488-06,3,130,0.3651709494438515,2.387209523070539,681.8724905877906,805.3260644809754,604.6260875588191,1.3319406506796347,0.8904109589041096,0.6605475610220067,648.2307692307693,597.5,84270.0,1132.0,317.0,234.72862571081072,0.3621065781702313,3.293090636208916,0.3944157634741564,-1.065342042035742,110.58256886555598,31.865795135498047,14375.733952522278,792.4044189453125,0.0,174.63474287625905,1.579224869414784,2.064124896793261,2.1257411546256475,4.138023176061316,2,3,0.0153846153846153,0.1,2,8,0.5923076923076923,0.2230769230769231,13,BOD,SYBR,,2.11,16.0,False,6
260327,260327/13S-BOD-488-06,13S-BOD-488-06,4,166,0.4662952123667642,2.6832565891259508,770.522876951778,1052.538815929134,565.8718545778365,1.860030336222272,0.9222222222222224,0.8431836521035339,742.9819277108434,679.0,123335.0,1481.0,318.0,310.3338080175694,0.4176868863738316,3.275957497745876,0.4374397207929895,-0.9733994571906152,158.81348345329965,68.36205291748047,26363.038253247734,1481.0,0.0,244.25188012449365,1.537979488979082,2.0267779230740897,2.5921697670733868,8.206813474770868,1,2,0.1024096385542168,0.1626506024096385,2,11,0.5421686746987951,0.2289156626506024,13,BOD,SYBR,,2.11,16.0,False,6
260327,260327/13S-BOD-488-06,13S-BOD-488-06,5,99,0.27809172303801,2.058232435997439,595.0440142002377,693.1053035601234,523.8112460435127,1.3231966835292948,0.8839285714285714,0.6548653829366975,548.9494949494949,565.0,54346.0,930.0,326.0,146.97760302358537,0.2677433978459307,3.179217274782501,0.3958667742480423,-0.5525660277214013,100.95076939553924,57.9757080078125,9994.126170158386,657.5039672851562,0.0,139.70402307524049,1.3838826975935226,2.2812055360466146,2.2067912811442936,5.3152717449319,1,2,0.0,0.0404040404040404,1,5,0.4747474747474747,0.2222222222222222,13,BOD,SYBR,,2.11,16.0,False,6
260327,260327/13S-BOD-488-06,13S-BOD-488-06,6,98,0.2752827157345957,1.9283956513894096,592.031113756174,714.785732037622,494.547064777389,1.4453340904153769,0.9514563106796116,0.7220110192429989,530.469387755102,498.0,51986.0,858.0,320.0,147.6726809627091,0.2783811552022754,3.2342660708593685,0.4494124510427704,-0.9527497917858057,81.67372142538733,41.95421600341797,8004.024699687958,491.7944030761719,0.0,103.10827817528909,1.2624412892644203,2.4430246022477387,1.884492160670854,3.511340717392468,1,2,0.0,0.0408163265306122,1,4,0.4795918367346938,0.2142857142857142,13,BOD,SYBR,,2.11,16.0,False,6
260327,260327/13S-BOD-488-06,13S-BOD-488-06,7,72,0.2022485258458254,1.6944420284439257,507.4552403624349,519.8345399999781,502.7082427630986,1.0340680652912035,0.935064935064935,0.2545700746952377,540.3611111111111,521.5,38906.0,959.0,316.0,158.2059012766213,0.2927781034266368,3.055302072282956,0.5706276912664591,-0.266807274658789,109.07445896458294,56.64602279663086,7853.361045449972,925.197509765625,0.0,163.36009817643478,1.497693408036786,2.0513139524249224,3.0850893089332097,11.061506774620684,1,1,0.0,0.0694444444444444,1,3,0.4861111111111111,0.1944444444444444,13,BOD,SYBR,,2.11,16.0,False,6
260327,260327/13S-BOD-488-06,13S-BOD-488-06,8,86,0.2415746280936248,1.8534422351441944,554.6010904185937,690.5630870274501,449.619817777094,1.5358822269925112,0.9347826086956522,0.7589991715872465,603.3837209302326,574.0,51891.0,1135.0,323.0,208.21098849934444,0.3450722670779831,3.163730245887684,0.6328903161401265,-0.4825147544769148,145.31488709671552,66.45366287231445,12497.080290317535,1131.0059814453125,0.0,217.789663868369,1.4987429589606829,2.078931599738691,2.64747248119176,8.056426518462612,1,2,0.0,0.0930232558139534,1,2,0.5116279069767442,0.2209302325581395,13,BOD,SYBR,,2.11,16.0,False,6
260327,260327/13S-BOD-488-06,13S-BOD-488-06,9,96,0.2696647011277672,2.056349136534714,585.9588392498761,809.7928218052068,427.8161103171923,1.8928525651004784,0.9056603773584906,0.8490558087787201,587.6666666666666,562.5,56416.0,927.0,318.0,173.7887808544533,0.2957267966893703,3.277736496534194,0.2211106389639989,-1.1308259797593991,111.69731209985912,70.34347915649414,10722.941961586475,601.1098022460938,0.0,123.48349487427976,1.1055189471693252,2.5808570008492526,1.3668090561269792,1.8900936920521936,1,2,0.0,0.0520833333333333,1,3,0.46875,0.2604166666666667,13,BOD,SYBR,,2.11,16.0,False,6
260327,260327/13S-BOD-488-06,13S-BOD-488-06,10,65,0.1825854747219257,1.6285819864085491,482.156661999187,544.5939292767495,435.8716059945076,1.249436581293648,0.9154929577464788,0.5995186977393463,481.3538461538462,492.0,31288.0,728.0,317.0,106.3998106743544,0.221042818135804,3.18272059666302,0.3095299785713387,-0.6021244514108979,87.7554630741477,55.27130126953125,5704.105099819601,586.87646484375,0.0,114.14824345041626,1.3007537018404012,2.264397858684539,2.1845775755233894,5.516353431678121,1,1,0.0,0.0153846153846153,1,2,0.4461538461538462,0.1846153846153846,13,BOD,SYBR,,2.11,16.0,False,6
260327,260327/13S-BOD-488-06,13S-BOD-488-06,11,49,0.1376413578672978,1.36734824083355,418.629215210415,531.8180790124826,336.4326287181006,1.5807565426660708,0.9245283018867924,0.7744717593266294,453.7959183673469,442.0,22236.0,616.0,324.0,84.1739220284992,0.1854884952058131,3.023489673891224,0.2759162823139369,-0.7759920682969583,80.76971249677698,55.01937484741211,3957.715912342072,299.49639892578125,0.0,82.13221866890844,1.0168690234249111,2.8323822768657463,1.1449596794168784,0.440988967010897,1,1,0.0,0.0,1,1,0.4285714285714285,0.2448979591836734,13,BOD,SYBR,,2.11,16.0,False,6
260327,260327/13S-BOD-488-07,13S-BOD-488-07,1,115,0.3230358398926378,2.109349205434804,641.3283135165975,718.7604826014185,578.093109462584,1.24332995989107,0.9274193548387096,0.5942346495689154,818.5043478260869,724.0,94128.0,1595.0,402.0,315.59835606249857,0.3855793275878308,3.1777668689554366,0.662612700346041,-0.6368737027206457,162.82694077906402,45.801116943359375,18725.09818959236,1595.0,0.0,252.72570775328944,1.5521123626354123,1.9272337347418436,2.5973142228243304,9.244015168091591,1,3,0.008695652173913,0.1565217391304348,1,4,0.5826086956521739,0.2434782608695652,13,BOD,SYBR,,2.11,16.0,False,7
260327,260327/13S-BOD-488-07,13S-BOD-488-07,2,112,0.3146088179823951,2.100255831224965,632.9078828530835,744.5418221439328,542.5604128872343,1.3722745052147367,0.9105691056910568,0.6848147776385047,853.875,775.5,95634.0,1613.0,404.0,337.6542323600145,0.3954375433875151,3.2909794866434434,0.5420464240708243,-0.798400411611575,183.10920340674264,57.02141952514648,20508.230781555176,1445.3382568359375,0.0,286.73449101516525,1.5659206947574258,2.135031821372864,2.2978769134439614,5.523452518254672,1,4,0.0535714285714285,0.125,1,4,0.5803571428571429,0.2053571428571428,13,BOD,SYBR,,2.11,16.0,False,7
260327,260327/13S-BOD-488-07,13S-BOD-488-07,3,167,0.4691042196701784,2.6340231191513097,772.8402442201116,1011.3742707776888,600.5934028237092,1.683958341904324,0.9226519337016574,0.8045839541443457,738.754491017964,715.0,123372.0,1196.0,417.0,224.04007997349163,0.3032673001618933,3.311781334167037,0.2312079121000002,-1.170282760869799,96.18605441390396,61.65949630737305,16063.071087121964,515.653564453125,0.0,112.88546450962058,1.173615709652216,2.5728613927056734,1.5371698625844337,2.1702347004833262,1,4,0.0,0.0479041916167664,2,9,0.4491017964071856,0.2514970059880239,13,BOD,SYBR,,2.11,16.0,False,7
260327,260327/13S-BOD-488-08,13S-BOD-488-08,1,268,0.7528139573150169,3.825744581223855,979.0365163169596,1447.877781949093,681.1421629450341,2.125661661713829,0.91156462585034,0.8824310490546075,598.705223880597,560.5,160453.0,1167.0,265.0,256.55993972021054,0.4285246386481799,3.2673666619519794,0.4764206098751599,-0.9208260432905856,106.60656301680008,38.85798263549805,28570.55888850242,917.0,0.0,170.02618649463182,1.594894176147837,2.056720479423721,2.4109493965394457,6.288771896393325,1,5,0.1156716417910447,0.1716417910447761,3,18,0.5895522388059702,0.2201492537313432,13,BOD,SYBR,,2.11,16.0,False,8
260327,260327/13S-BOD-488-08,13S-BOD-488-08,2,115,0.3230358398926378,2.1441625259152164,641.3283135165975,711.4448796645854,587.3100784706404,1.211361605639721,0.9126984126984128,0.5643767674380391,484.6347826086957,455.0,55733.0,854.0,266.0,150.4983144065299,0.3105396471883971,3.1932517021488094,0.4878441109984162,-0.6129539471271799,86.7523815072101,34.80534744262695,9976.523873329164,554.7864990234375,0.0,128.47754582384644,1.480968517425294,2.262431889767165,2.07474576935731,3.922280067719777,1,3,0.0,0.0695652173913043,1,4,0.5391304347826087,0.2347826086956521,13,BOD,SYBR,,2.11,16.0,False,8
260327,260327/13S-BOD-488-08,13S-BOD-488-08,3,90,0.2528106573072818,1.910208902969733,567.3522064944498,588.95505009605,555.7077715052776,1.0598287090726004,0.9,0.3312338326891765,467.6111111111111,463.0,42085.0,791.0,263.0,129.3525532072076,0.2766242078804487,3.203671088362797,0.2665910123247009,-0.7159603045342506,75.9201838599311,34.35587692260742,6832.816547393799,545.7786254882812,0.0,101.0596144125608,1.3311297375018307,2.202796916021522,1.8695980567859456,4.508096838920337,1,3,0.0,0.0222222222222222,1,4,0.5333333333333333,0.2666666666666666,13,BOD,SYBR,,2.11,16.0,False,8
260327,260327/13S-BOD-488-08,13S-BOD-488-08,4,86,0.2415746280936248,1.8496756362187448,554.6010904185937,668.1224509569971,468.9917735310259,1.4245931137058587,0.8865979381443299,0.7122214777329696,405.7441860465116,394.5,34894.0,625.0,264.0,94.87976118987302,0.2338413326740723,3.203455533547628,0.3701697755230888,-0.917060916064992,58.65173457251039,21.680713653564453,5044.049173235893,360.11090087890625,0.0,81.77063633528371,1.3941725156344988,2.328760260444682,2.11303426585802,4.417054223195352,2,2,0.0,0.0116279069767441,2,2,0.5465116279069767,0.2325581395348837,13,BOD,SYBR,,2.11,16.0,False,8
260327,260327/13S-BOD-488-09,13S-BOD-488-09,1,300,0.8427021910242727,3.988511386849572,1035.8386718244635,1196.700065923614,911.6350398473608,1.3126964340071687,0.8875739644970414,0.6478231659621844,520.1733333333333,487.5,156052.0,963.0,262.0,188.43917062447773,0.362262266342907,3.3172778487812344,0.4866042202702846,-0.9253024887457864,80.21545301556587,24.64672565460205,24064.63590466976,577.3250122070312,0.0,120.00794607553442,1.4960701655857604,2.2201305676195235,1.987158680102088,3.872933783284264,1,6,0.0,0.1366666666666666,3,21,0.56,0.2466666666666666,13,BOD,SYBR,,2.11,16.0,False,9
260327,260327/13S-BOD-488-09,13S-BOD-488-09,2,295,0.8286571545072015,3.9446046921593214,1027.1704133912174,1141.642224491981,952.5643635238088,1.1984935277955595,0.8939393939393939,0.5511884111648797,526.3491525423728,505.0,155273.0,1001.0,265.0,192.7716480452862,0.3662429152097237,3.285311836778632,0.4645304726014085,-0.8943189585755769,87.37733592057633,25.8765926361084,25776.31409657001,855.4273071289062,0.0,147.76035475826114,1.6910604243252665,1.975711333839348,2.6542478968965115,7.866619617083025,1,4,0.0,0.1288135593220339,2,19,0.5627118644067797,0.2,13,BOD,SYBR,,2.11,16.0,False,9
260327,260327/13S-BOD-488-09,13S-BOD-488-09,3,262,0.7359599134945315,3.9025812969317952,968.0151162048592,1351.0778142541612,715.9733151400313,1.8870505166661349,0.8704318936877077,0.8480429374612025,525.8015267175573,548.0,137760.0,843.0,261.0,157.1704992083915,0.298916019110036,3.3099583641759405,-0.0282172117526619,-1.22539692580796,86.88390457800782,36.39402198791504,22763.582999438047,839.0,0.0,134.23489985474376,1.5449915666971703,2.030806081945479,2.326706041655648,6.286461651584391,2,4,0.0038167938931297,0.0305343511450381,4,20,0.5229007633587787,0.2175572519083969,13,BOD,SYBR,,2.11,16.0,False,9
260327,260327/13S-BOD-488-09,13S-BOD-488-09,4,184,0.5168573438282206,2.942930158342009,811.2232794667995,967.9063636654988,689.8402177383833,1.4030877568123608,0.9064039408866996,0.701454949580153,525.6576086956521,512.5,96721.0,929.0,264.0,171.5716395059947,0.3263942853062213,3.291211216390935,0.1646911969413255,-1.1332900558174457,92.874233133605,34.34572219848633,17088.85889658332,833.8833618164062,0.0,132.72326117611956,1.4290644099875305,2.0931581588989374,2.141408749172138,5.945722354793407,1,2,0.0,0.0652173913043478,2,10,0.532608695652174,0.2608695652173913,13,BOD,SYBR,,2.11,16.0,False,9
260327,260327/13S-BOD-488-09,13S-BOD-488-09,5,180,0.5056213146145636,3.025093649334338,802.3571850667515,1079.0890430528293,604.6812032563262,1.7845586025193514,0.8910891089108911,0.8282473620182019,471.47222222222223,451.5,84865.0,813.0,262.0,146.10344657529265,0.3098877085200339,3.3135475982454325,0.4911557717657752,-0.7432124049589532,83.86429698997074,35.60672569274902,15095.573458194733,710.2962036132812,0.0,130.77852071887503,1.559406391190696,2.139156979866057,2.6223278834054056,7.585976776956294,1,5,0.0,0.0777777777777777,1,11,0.5388888888888889,0.2111111111111111,13,BOD,SYBR,,2.11,16.0,False,9
260327,260327/13S-BOD-488-10,13S-BOD-488-10,1,260,0.730341898887703,3.7928145602061663,964.313323998374,1184.9671494854215,830.073517711381,1.427544818864391,0.8843537414965986,0.7136490635241938,622.2461538461539,595.5,161784.0,1277.0,258.0,243.8557729807478,0.3918959907963359,3.230657456035571,0.2898295968942277,-1.079270019585007,84.82899391559454,26.868428230285645,22055.53841805458,1277.0,0.0,143.58013576412358,1.6925832682512638,1.6264699876028996,3.4656181184304025,19.595816252825564,1,3,0.073076923076923,0.1384615384615384,4,18,0.5807692307692308,0.2192307692307692,13,BOD,SYBR,,2.11,16.0,False,10
260327,260327/13S-BOD-488-10,13S-BOD-488-10,2,163,0.4578681904565215,2.6264899213004123,763.5285759980266,885.0477461760978,690.2501045375558,1.2822131287746052,0.9314285714285714,0.6259022130411548,639.3067484662577,605.0,104207.0,1174.0,260.0,265.5029546065248,0.4152982198975457,3.3214970899374947,0.323600187729504,-1.0688146080899443,86.56111072001556,19.519500732421875,14109.461047362536,707.275390625,0.0,140.60601324656287,1.62435546490799,1.9996960063452864,2.112854469854438,4.280037333633513,1,2,0.147239263803681,0.1595092024539877,1,8,0.6012269938650306,0.2024539877300613,13,BOD,SYBR,,2.11,16.0,False,10
260327,260327/13S-BOD-488-10,13S-BOD-488-10,3,351,0.985961563498399,4.445441959067978,1120.4308333114857,1496.900692236871,871.3282935825156,1.7179525825820243,0.8666666666666667,0.8131256222749559,499.54131054131057,499.0,175339.0,842.0,262.0,139.16455984601365,0.2785846874109627,3.3095185387666275,0.0772583962400112,-0.9123984966949172,58.17013559025577,23.46225929260254,20417.71759217977,534.6171875,0.0,87.50196856941054,1.5042421283966927,2.081772976044104,2.4483506251510128,7.459566806731811,2,6,0.0,0.0284900284900284,5,24,0.5356125356125356,0.2193732193732193,13,BOD,SYBR,,2.11,16.0,False,10
260327,260327/13S-BOD-488-10,13S-BOD-488-10,4,101,0.2837097376448385,2.1313025527799296,601.0245063188743,707.9283751975553,537.0550603716863,1.318167218660244,0.8706896551724138,0.651522755548341,428.4950495049505,421.0,43278.0,660.0,260.0,108.4550251267664,0.2531068334443229,3.248216928009476,0.25568786069458,-0.857247233863669,52.520705423437725,20.4053897857666,5304.59124776721,457.0946044921875,0.0,87.71808257928187,1.670161927035677,1.916974000355012,2.6908474524510733,7.761229730932435,1,3,0.0,0.0297029702970297,1,4,0.594059405940594,0.198019801980198,13,BOD,SYBR,,2.11,16.0,False,10
260327,260327/13S-BOD-488-10,13S-BOD-488-10,5,80,0.2247205842731393,1.8223955135892305,534.904790044501,576.2817635288343,519.2125488633425,1.1099149371301358,0.898876404494382,0.4338815022338865,432.0125,443.5,34561.0,645.0,262.0,104.1763954106663,0.2411420859597032,3.195593005892976,0.0441086326272094,-1.1552840169613652,52.86903279721737,27.50907325744629,4229.5226237773895,302.06890869140625,0.0,66.73616773899171,1.2622922003313857,2.427121831092901,1.790289481201667,3.312597764823014,1,1,0.0,0.0,1,2,0.475,0.225,13,BOD,SYBR,,2.11,16.0,False,10
260327,260327/13S-BOD-488-10,13S-BOD-488-10,6,77,0.2162935623628966,1.8826056572364336,524.7794935704719,647.1717728529901,451.31504509762095,1.4339689755146643,0.875,0.7167160089968085,374.0,369.0,28798.0,558.0,257.0,76.08392180937268,0.2034329460143654,3.113215102772504,0.3963618112719821,-0.4916764703387271,42.12333707782355,20.31954002380371,3243.496954992413,244.89230346679688,0.0,55.41538411775652,1.3155506653087738,2.391477994637643,1.9335329512227917,3.880831962929157,1,1,0.0,0.0,1,2,0.5064935064935064,0.2597402597402597,13,BOD,SYBR,,2.11,16.0,False,10
260327,260327/13S-BOD-488-10,13S-BOD-488-10,7,64,0.1797764674185115,1.628581986408549,478.4333888119028,495.4671172667478,482.34639797081707,1.027201860221468,0.8648648648648649,0.2286083047435551,400.265625,402.0,25617.0,567.0,259.0,66.54470801410537,0.1662513687357123,3.11685543846495,-0.0443824266677886,-0.4200846948602827,42.92239441815764,25.788168907165527,2747.033242762089,301.5653991699219,0.0,55.396510590531165,1.290620230801862,2.201548133563876,2.1430774123398435,6.557933269591148,1,1,0.0,0.0,1,1,0.453125,0.28125,13,BOD,SYBR,,2.11,16.0,False,10
260327,260327/13S-BOD-488-11,13S-BOD-488-11,1,169,0.4747222342770069,2.655976466496436,777.4542568193422,819.9640397295871,742.6218609045246,1.1041474576722785,0.9234972677595628,0.4239702131817077,931.3609467455622,887.0,157400.0,1789.0,458.0,339.6813018096497,0.3647149936838043,3.2747011111603013,0.4849788721686361,-0.7749598333533179,181.3936755452636,79.9039077758789,30655.531167149544,1759.0,0.0,285.5572653851502,1.5742404718729812,2.0085852092518377,2.947571571933564,10.886439246568129,1,4,0.0177514792899408,0.1183431952662721,1,8,0.5266272189349113,0.2071005917159763,13,BOD,SYBR,,2.11,16.0,False,11
260327,260327/13S-BOD-488-11,13S-BOD-488-11,2,191,0.5365203949521202,2.8899300894419198,826.5101229930382,1040.7733398893156,661.4574891050944,1.5734546165580634,0.9227053140096618,0.7720644622771387,886.6544502617801,845.0,169351.0,1592.0,458.0,295.51177012552733,0.3332885432856949,3.327149155632503,0.3906916369792751,-0.9487209876460918,144.7480213080401,65.20215606689453,27646.872069835663,1178.0994873046875,0.0,224.89452265791087,1.553696697375296,2.16831157930401,2.5790879816298826,7.193906197454259,1,4,0.0,0.0785340314136125,2,11,0.5287958115183246,0.2094240837696335,13,BOD,SYBR,,2.11,16.0,False,11
260327,260327/13S-BOD-488-12,13S-BOD-488-12,1,205,0.5758464971999196,2.983070254106812,856.2654564632185,1002.2288527391628,737.1747514729434,1.3595539602199027,0.9192825112107624,0.677486344296656,1092.946341463415,1045.0,224054.0,2001.0,528.0,405.3791157654824,0.3709048654874445,3.322371934840707,0.4007083561179031,-1.0050755256517692,221.2896853935428,83.2439956665039,45364.38550567627,1654.7186279296875,0.0,313.4469951709654,1.4164555144697757,2.294652261088711,2.071483186875544,4.3584288886165625,1,4,0.0439024390243902,0.1268292682926829,2,11,0.5317073170731708,0.2341463414634146,13,BOD,SYBR,,2.11,16.0,False,12
260327,260327/13S-BOD-488-12,13S-BOD-488-12,2,168,0.4719132269735926,2.670396615990664,775.1506835876227,941.7603290842936,650.4130578329192,1.447941915898953,0.9081081081081082,0.7232030773557889,1018.934523809524,991.0,171181.0,1788.0,529.0,324.26551070951103,0.3182397917946375,3.3007827004793397,0.3832539866937106,-0.883738387240987,190.6274717478525,71.52935791015625,32025.41525363922,1678.0,0.0,318.1908629083732,1.6691763259036023,1.969859434010912,2.5861733151539954,7.061264348444608,1,4,0.0,0.0773809523809523,2,6,0.5535714285714286,0.1964285714285714,13,BOD,SYBR,,2.11,16.0,False,12
260327,260327/13S-BOD-488-12,13S-BOD-488-12,3,127,0.3567439275336087,2.2903027594801983,673.9588087412508,717.8217775183823,643.578846568462,1.1153594953373325,0.9136690647482014,0.4428981813686835,1034.4173228346456,1016.0,131371.0,1740.0,528.0,322.1994216577451,0.3114791434223202,3.3210925246173737,0.2346894970108366,-1.0330216371314676,207.60393816748945,110.1149673461914,26365.70014727116,1552.133056640625,0.0,290.8945135114407,1.401199399583425,2.2701230806467367,2.0740881967373133,4.518203907961985,1,4,0.0,0.0629921259842519,1,5,0.4881889763779528,0.1968503937007874,13,BOD,SYBR,,2.11,16.0,False,12
260327,260327/13S-BOD-488-12,13S-BOD-488-12,4,117,0.3286538544994663,2.1275359538544807,646.8810432207431,743.1591034251263,568.1896176884949,1.3079420677351357,0.9435483870967742,0.6445527328170844,1034.2136752136753,979.0,121003.0,1746.0,529.0,338.0687756252501,0.3268848437489505,3.318944666510647,0.3987254106663991,-0.9816723200581504,253.1415656896738,149.08937072753906,29617.563185691837,1415.3995361328125,0.0,297.19455550374124,1.17402511394779,2.5674695325997328,1.51754384703205,1.999545525731043,1,4,0.0,0.094017094017094,1,4,0.4358974358974359,0.2393162393162393,13,BOD,SYBR,,2.11,16.0,False,12
260327,260327/13S-BOD-488-13,13S-BOD-488-13,1,198,0.55618344607602,3.1019303650422776,841.5193150909048,974.7580394175724,735.1411747790593,1.3259467335787958,0.912442396313364,0.6566699171525152,769.530303030303,706.0,152367.0,1451.0,351.0,306.7145146440069,0.3985736668669289,3.2685728245400325,0.4524795481423526,-0.983917381860146,115.88088815350726,49.9969654083252,22944.41585439444,1056.069091796875,0.0,179.37315303904006,1.5479097191715054,2.072786887354097,2.43011257056178,6.599319310510428,1,4,0.0606060606060606,0.1666666666666666,2,10,0.5404040404040404,0.202020202020202,13,BOD,SYBR,,2.11,16.0,False,13
260327,260327/13S-BOD-488-13,13S-BOD-488-13,2,97,0.2724737084311815,1.9412556245246968,589.0028017549823,671.5658601225977,523.230685133224,1.283498615819148,0.923809523809524,0.6268742677909213,608.3505154639175,581.0,59010.0,1017.0,349.0,184.67437791720465,0.3035657457713752,3.204574901134001,0.5441599813350206,-0.6511497770467938,98.6828629405228,56.579708099365234,9572.237705230713,675.61767578125,0.0,123.13784447456992,1.247813863576155,2.342667573068592,1.968448483980673,4.823307998972548,1,4,0.0,0.0721649484536082,1,4,0.4742268041237113,0.2164948453608247,13,BOD,SYBR,,2.11,16.0,False,13
260327,260327/13S-BOD-488-13,13S-BOD-488-13,3,94,0.2640466865209387,1.8844889566991585,579.822975514724,641.9699970781868,528.2667914714931,1.2152382232658845,0.94,0.5682095076493546,661.8404255319149,645.0,62213.0,1156.0,358.0,219.5914732461113,0.3317891515460509,3.11934297071064,0.4632793362064985,-0.9110977401474184,126.4493408983058,55.66314506530762,11886.238044440746,970.0,0.0,186.2090212347434,1.4725978001300777,2.1570949336024468,2.4036424097534965,6.29718366716136,1,2,0.0,0.1170212765957446,1,2,0.5106382978723404,0.1914893617021276,13,BOD,SYBR,,2.11,16.0,False,13
260327,260327/13S-BOD-488-13,13S-BOD-488-13,4,69,0.1938215039355827,1.6944420284439257,496.7707755402142,645.824781986299,389.5017519521685,1.6580792737117325,0.8846153846153846,0.7976599379403235,654.5942028985507,610.0,45167.0,1114.0,357.0,212.1926371484577,0.3241590533629327,3.1882264285291457,0.4537185265860095,-0.8071089043890192,162.91789438586304,82.41028594970703,11241.33471262455,776.4717407226562,0.0,198.81297955513875,1.2203262281567424,2.494976590202061,1.5972028980527784,1.856722441948695,1,1,0.0,0.1014492753623188,1,2,0.4927536231884058,0.2753623188405797,13,BOD,SYBR,,2.11,16.0,False,13
260327,260327/13S-BOD-488-14,13S-BOD-488-14,1,169,0.4747222342770069,2.984953553569536,777.4542568193422,931.6145370078692,659.4880972216673,1.4126328298154782,0.8941798941798942,0.7063146440899156,608.6331360946746,572.0,102859.0,1104.0,333.0,203.0927429249919,0.3336866346583539,3.193791300849156,0.4468518033784202,-0.833252755977961,77.5790348934704,34.29652786254883,13110.856896996498,701.8007202148438,0.0,121.08018559024342,1.56073333158253,2.036006040405647,2.8112105695872875,9.45423203916189,1,3,0.0,0.0710059171597633,2,7,0.5325443786982249,0.1952662721893491,13,BOD,SYBR,,2.11,16.0,False,14
260327,260327/13S-BOD-488-14,13S-BOD-488-14,2,138,0.3876430078711654,2.515163008215844,702.5399681595715,829.8255730674975,603.663088864521,1.374650178841287,0.8961038961038961,0.6861524202311613,732.9057971014493,668.0,101141.0,1533.0,333.0,318.5047843131746,0.4345780666121364,3.212842549287002,0.6737176366906894,-0.6157115748871496,137.8528812114514,59.84120941162109,19023.697607180293,1533.0,0.0,228.78799968432588,1.659653375930459,1.8712346640715696,3.137146290096027,12.527108241846506,1,4,0.0797101449275362,0.1739130434782608,1,6,0.5434782608695652,0.1956521739130435,13,BOD,SYBR,,2.11,16.0,False,14
260327,260327/13S-BOD-488-14,13S-BOD-488-14,3,156,0.4382051393326218,2.48411628666088,746.9538888743239,866.9049371432432,650.4434882338353,1.3327905541758451,0.9285714285714286,0.6610913327864879,721.4294871794872,674.0,112543.0,1438.0,342.0,291.5554307321556,0.4041357276260298,3.2293517260488938,0.6621013989888672,-0.5477668813100554,114.71313916987332,48.060359954833984,17895.24971050024,1039.3970947265625,0.0,183.72051224209815,1.601564681880382,2.046395358214282,2.6841752497630056,8.077588702971864,1,4,0.0512820512820512,0.1346153846153846,1,10,0.5512820512820513,0.2115384615384615,13,BOD,SYBR,,2.11,16.0,False,14
260327,260327/13S-BOD-488-14,13S-BOD-488-14,4,65,0.1825854747219257,1.5664885432986209,482.156661999187,527.0754198494076,449.55414673968977,1.1724403471126377,0.8783783783783784,0.5220386030358976,543.9076923076923,541.0,35354.0,947.0,344.0,142.9575683416371,0.2628342462580306,3.0851974860046667,0.5178417873485153,-0.3844348704476648,89.47215316387323,51.27089691162109,5815.68995565176,711.0802001953125,0.0,122.12848722650229,1.364988802748685,2.1865146184305817,2.76906727578711,10.093516187338173,1,1,0.0,0.0307692307692307,1,1,0.4307692307692308,0.1692307692307692,13,BOD,SYBR,,2.11,16.0,False,14
260327,260327/13S-BOD-488-15,13S-BOD-488-15,1,183,0.5140483365248063,2.705209936471076,809.0158650908596,966.9447951605734,682.9020200266633,1.4159348878816027,0.9289340101522844,0.7079653538976942,776.1092896174863,700.0,142028.0,1655.0,332.0,336.18022225631563,0.4331609307524274,3.2234851433894454,0.5926372675709941,-0.7302504834518802,129.90230226647006,44.6448860168457,23772.121314764023,1655.0,0.0,213.08480549992552,1.6403466434553426,1.7511564449857606,3.442898505648293,17.179715942719643,1,4,0.087431693989071,0.1639344262295081,1,10,0.5737704918032787,0.2240437158469945,13,BOD,SYBR,,2.11,16.0,False,15
260327,260327/13S-BOD-488-15,13S-BOD-488-15,2,123,0.3455078983199517,2.3160227057507723,663.2603705629474,778.2913998189724,575.7370438332719,1.3518174801417822,0.9111111111111112,0.6728874926574728,556.7073170731708,517.0,68475.0,943.0,329.0,173.43845375551396,0.3115433342377249,3.2643225979869785,0.4838645752974144,-0.9648926162646604,67.54216761511516,31.968889236450195,8307.686616659164,486.7770385742188,0.0,95.50230347184709,1.4139656283473314,2.261336148532693,2.2753134769700845,5.43393576918972,1,2,0.0,0.0975609756097561,2,5,0.5040650406504065,0.2195121951219512,13,BOD,SYBR,,2.11,16.0,False,15
260327,260327/13S-BOD-488-15,13S-BOD-488-15,3,74,0.2078665404526539,1.641441959543836,514.4549536466826,644.4886967761,412.070932352237,1.564023681789797,0.9367088607594936,0.7688938035210048,628.8513513513514,591.0,46535.0,1067.0,327.0,216.52205319250223,0.344313569060818,3.202066542281448,0.4431553518561287,-1.0461911902752326,127.08416903341138,76.78422927856445,9404.228508472444,630.4385375976562,0.0,159.4703055345603,1.2548400540167546,2.54422704227963,1.8429981928022812,2.7069237592718247,1,1,0.0,0.0945945945945946,1,1,0.4459459459459459,0.2162162162162162,13,BOD,SYBR,,2.11,16.0,False,15
260327,260327/13S-BOD-488-15,13S-BOD-488-15,4,66,0.1853944820253399,1.6944420284439257,485.85140309600337,669.9127518902187,355.7750530750644,1.8829671898014584,0.9041095890410958,0.8473237512832957,503.1363636363636,480.0,33207.0,734.0,327.0,119.91161955163687,0.2383282708587958,3.202305772722509,0.2675893784196439,-1.22149686910661,77.28887719548109,56.0302734375,5101.0658949017525,291.85186767578125,0.0,74.7088696379599,0.9666186435727904,2.8039046923433526,1.180945314325519,0.9090364902679317,1,0,0.0,0.0,1,1,0.3484848484848485,0.2272727272727272,13,BOD,SYBR,,2.11,16.0,False,15
260327,260327/24S-BOD-488-01,24S-BOD-488-01,1,973,2.7331641062220577,11.356490333273374,1865.468472607527,2240.864421081839,1615.1760863114037,1.3873808806811443,0.8468233246301131,0.6931611947023096,155.72147995889003,152.0,151517.0,307.0,88.0,44.828474208532704,0.2878759835853556,3.154177544264697,0.4624992303722312,-0.5532618754837157,15.450857906587965,3.509695291519165,15033.68474311009,219.05340576171875,0.0,26.90825095033801,1.741537661728468,1.7221454811777468,3.0019199338472444,11.832377329736586,14,22,0.0,0.0513874614594039,18,80,0.590955806783145,0.2096608427543679,24,BOD,SYBR,,0.47,14.1,False,1
260327,260327/24S-BOD-488-03,24S-BOD-488-03,1,117,0.3286538544994663,2.184302621680019,646.8810432207431,790.0149941180185,533.7023122363614,1.4802540217741151,0.9069767441860463,0.7373052677475388,1295.5128205128206,1225.0,151575.0,2255.0,663.0,428.9676986349305,0.3311180652501195,3.217859083511002,0.3427239408238692,-0.9535465864852872,368.6157695533883,200.7573089599609,43128.04503774643,2255.0,0.0,470.1062808589372,1.2753287289594637,2.4986445200785616,2.03851061821336,4.286224974684931,1,3,0.0,0.0854700854700854,2,4,0.4786324786324786,0.2136752136752136,24,BOD,SYBR,,0.47,14.1,False,3
260327,260327/24S-BOD-488-04,24S-BOD-488-04,1,94,0.2640466865209387,1.9283956513894096,579.822975514724,694.5883829428783,488.2700920160259,1.422549515730078,0.9215686274509804,0.7112261944362898,880.7659574468086,834.0,82792.0,1613.0,471.0,289.7118860060102,0.328931748050113,3.1536177121699738,0.5359689769763587,-0.7037046787780086,196.58000314489323,115.56742477416992,18478.520295619965,1613.0,0.0,273.34130731471737,1.3904837874747904,2.106444256355962,2.8665017062818428,10.07917620284962,1,2,0.0,0.0744680851063829,1,2,0.3936170212765957,0.2234042553191489,24,BOD,SYBR,,0.47,14.1,False,4
260327,260327/24S-BOD-488-04,24S-BOD-488-04,2,107,0.3005637814653239,1.9594423729443733,618.619181950243,730.7402272533617,523.7425100907576,1.395228023646074,0.9469026548672568,0.6973520899084847,997.0560747663552,931.0,106685.0,1845.0,455.0,385.7667892572936,0.3869058110374506,3.2938095471685065,0.453986978947905,-0.9326440722366556,241.5177287297828,123.8757553100586,25842.39697408676,1645.6129150390625,0.0,308.4656678386241,1.2771967899041672,2.358953413216776,1.9299445969485567,4.075846336815268,1,2,0.0654205607476635,0.1588785046728972,1,2,0.4953271028037383,0.205607476635514,24,BOD,SYBR,,0.47,14.1,False,4
260327,260327/24S-BOD-488-04,24S-BOD-488-04,3,81,0.2275295915765536,1.6724886810988,538.2375624133907,642.6775903311559,449.9656256731768,1.4282815256602543,0.9529411764705882,0.7140035476451606,795.4938271604939,750.0,64435.0,1401.0,467.0,239.96167003590327,0.3016512031179975,3.168396786404597,0.4763629990988974,-0.7201132298985908,163.68080090004722,83.4197769165039,13258.144872903824,1248.3465576171875,0.0,226.7351929679864,1.3852277831072184,2.228276392557293,2.416949254711485,6.926947845642662,1,2,0.0,0.074074074074074,1,1,0.4938271604938271,0.1975308641975308,24,BOD,SYBR,,0.47,14.1,False,4
260327,260327/24S-BOD-488-06,24S-BOD-488-06,1,118,0.3314628618028806,2.308489507899875,649.6396102905932,750.4950381139631,582.1259135005155,1.289231454413339,0.921875,0.6311560073709629,699.0084745762712,725.5,82483.0,1090.0,342.0,203.06945869769007,0.2905107249533531,3.2858555776540617,-0.0890082989415309,-1.1038722632587974,77.25624500290822,26.1693172454834,9116.23691034317,602.6275634765625,0.0,118.35783830720652,1.5320164512623038,2.1370128712589045,2.284272744201477,5.761787473456582,1,2,0.0338983050847457,0.0169491525423728,1,3,0.559322033898305,0.2288135593220339,24,BOD,SYBR,,0.47,14.1,False,6
260327,260327/24S-BOD-488-06,24S-BOD-488-06,2,55,0.1544954016877833,1.6028620401379745,443.5196217853606,744.2066717851578,271.8786950548933,2.737274693903102,0.9166666666666666,0.9308793031623632,745.709090909091,746.0,41014.0,1193.0,352.0,228.0844282218898,0.3058624750622699,3.137827704747353,0.1275969937196213,-0.8370733937818575,117.61456615274602,15.905723571777344,6468.801138401032,1115.8095703125,0.0,218.54138664083305,1.8581149749514303,1.6251810368832345,2.756428497210816,8.464746432538725,0,0,0.0181818181818181,0.0727272727272727,0,0,0.6,0.2,24,BOD,SYBR,,0.47,14.1,False,6
260327,260327/24S-BOD-488-06,24S-BOD-488-06,3,139,0.3904520151745796,2.4273496188353416,705.080808164432,787.3685618295942,659.5814226003432,1.1937397489539066,0.9025974025974026,0.5461252585910416,690.3525179856115,658.0,95959.0,1196.0,344.0,230.9964195503105,0.3346064706540623,3.308096358658376,0.3266463280839049,-0.9918867157595964,97.77219129455604,34.87681198120117,13590.33458994329,718.339599609375,0.0,150.26768979502145,1.5369164565649698,2.1999408989663096,2.2838822003495785,5.294885081234158,1,2,0.0071942446043165,0.0863309352517985,2,6,0.5683453237410072,0.2158273381294964,24,BOD,SYBR,,0.47,14.1,False,6
260327,260327/24S-BOD-488-06,24S-BOD-488-06,4,162,0.4550591831531072,2.677929813841561,761.1828605436523,1026.0625299614524,573.4623614592292,1.789241280544619,0.9364161849710982,0.8292376818177832,659.4876543209876,643.5,106837.0,1097.0,345.0,199.22755296158184,0.3020944390031193,3.261762917636585,0.2527031287061059,-1.0077606932985437,113.02811315839674,66.78821182250977,18310.55433166027,1090.0,0.0,154.52782522618676,1.3671627430392708,2.0808081338466664,2.6292087221584333,10.66804875346103,1,4,0.0,0.0493827160493827,3,10,0.4814814814814814,0.2530864197530864,24,BOD,SYBR,,0.47,14.1,False,6
260327,260327/24S-BOD-488-06,24S-BOD-488-06,5,102,0.2865187449482527,2.193395995889857,603.9925466228896,637.0756061323702,603.5346730086802,1.0555741610610123,0.8869565217391304,0.320194805316258,568.8823529411765,534.0,58026.0,894.0,341.0,156.01023666068744,0.2742398948642008,3.1752605831172858,0.2348922732903487,-1.145735226156474,71.34202358243512,36.81900024414063,7276.886405408382,441.1991271972656,0.0,90.04868036115361,1.2622109079524932,2.349601392562093,1.577468293968058,2.721025198812198,1,2,0.0,0.0098039215686274,1,4,0.4901960784313725,0.3039215686274509,24,BOD,SYBR,,0.47,14.1,False,6
260327,260327/24S-BOD-488-07,24S-BOD-488-07,1,148,0.4157330809053078,2.577256451325772,727.5491726771605,945.3121371635232,572.0169045264821,1.6525947566987664,0.9079754601226994,0.7961426186863176,875.4459459459459,860.0,129566.0,1480.0,448.0,268.0027739673624,0.3061328631521358,3.2916576872216656,0.1537561534657283,-1.0179292529507973,226.9562144633886,128.7386589050293,33589.51974058151,1429.52685546875,0.0,288.37568352864474,1.2706225481001931,2.443466736793409,1.9520724014741664,4.217013219205257,1,3,0.0,0.054054054054054,2,7,0.4729729729729729,0.2364864864864864,24,BOD,SYBR,,0.47,14.1,False,7
260327,260327/24S-BOD-488-08,24S-BOD-488-08,1,168,0.4719132269735926,2.6340231191513097,775.1506835876227,975.208861985156,623.1222496356434,1.565036174772105,0.9230769230769232,0.7692375807042499,935.2678571428572,928.5,157125.0,1525.0,465.0,303.67352610600767,0.3246915028532015,3.357207980995436,0.1160204555613282,-1.2495155897471597,228.56497548165777,122.27407836914062,38398.9158809185,1335.7239990234375,0.0,292.07409944200174,1.277860261951817,2.4836141287952245,1.7703056272920477,3.055385325352474,1,2,0.0059523809523809,0.0535714285714285,2,9,0.4761904761904761,0.2261904761904762,24,BOD,SYBR,,0.47,14.1,False,8
260327,260327/24S-BOD-488-08,24S-BOD-488-08,2,150,0.4213510955121363,2.5333497566355208,732.4485490623451,927.4881506540354,586.0623307964133,1.5825759512535993,0.925925925925926,0.7750652501788461,965.0466666666666,937.0,144757.0,1680.0,469.0,329.00211820102413,0.3409183509616365,3.3493035855042885,0.3396954334649735,-0.9264379802984356,230.87236708164212,101.84222412109376,34630.85506224632,1654.0,0.0,337.73700655003483,1.462873235195803,2.257863780501147,2.050114492413435,3.903927164681343,1,3,0.0333333333333333,0.1,2,6,0.52,0.2066666666666666,24,BOD,SYBR,,0.47,14.1,False,8
260327,260327/24S-BOD-488-08,24S-BOD-488-08,3,76,0.2134845550594824,1.7747222199735302,521.3606982616968,562.805204450576,506.3716922168006,1.1114468148618657,0.926829268292683,0.4364507238353542,892.3026315789474,862.5,67815.0,1451.0,472.0,270.2003217238076,0.3028124227827085,3.174562420605526,0.2450827867995475,-0.9617161380955994,168.32433335404647,34.86874771118164,12792.649334907532,1148.7147216796875,0.0,263.7753624583993,1.5670661347791293,2.0786341210377883,2.109446877612664,4.231830737674874,1,1,0.0,0.0789473684210526,1,2,0.5657894736842105,0.25,24,BOD,SYBR,,0.47,14.1,False,8
260327,260327/24S-BOD-488-08,24S-BOD-488-08,4,65,0.1825854747219257,1.6596287079635128,482.156661999187,531.3069072783387,462.9717076742015,1.1476012431675964,0.8783783783783784,0.4906037019926825,850.5538461538462,818.0,55286.0,1405.0,474.0,267.4967307492532,0.3144971149785019,3.2214885533249284,0.4301099007849502,-0.8448955511382783,203.31550193199743,106.38151550292967,13215.507625579834,1093.7896728515625,0.0,253.5551389487198,1.2471018517492378,2.43972470179014,1.6904665413844626,2.770248035195664,1,1,0.0,0.0769230769230769,1,2,0.4923076923076923,0.2307692307692307,24,BOD,SYBR,,0.47,14.1,False,8
260327,260327/24S-BOD-488-09,24S-BOD-488-09,1,130,0.3651709494438515,2.264582813209624,681.8724905877906,799.5577661403366,588.3301837291508,1.3590289742952038,0.948905109489051,0.6771777355004303,887.9230769230769,844.0,115430.0,1777.0,351.0,376.9202127110578,0.4244964710425151,3.274685346666547,0.4157950214489552,-0.8793347495442494,169.96760819691875,61.10835838317871,22095.78906559944,1777.0,0.0,281.7351824608388,1.657581614812334,1.889352440362444,3.0907322685694045,11.99016904890681,1,3,0.123076923076923,0.1384615384615384,1,3,0.5923076923076923,0.2307692307692307,24,BOD,SYBR,,0.47,14.1,False,9
260327,260327/24S-BOD-488-09,24S-BOD-488-09,2,117,0.3286538544994663,2.1805360227545703,646.8810432207431,718.2791706861204,594.3379378776299,1.2085366336382335,0.936,0.5615438348677426,856.974358974359,800.0,100266.0,1670.0,347.0,361.47042759612464,0.4217984164995769,3.2804791220425518,0.4926600370085571,-0.7327095590695323,169.5573638504387,65.35198211669922,19838.211570501328,1134.4700927734375,0.0,262.1147120550947,1.5458763105464297,2.140544596215024,2.022297704447308,3.392170247479581,1,2,0.1196581196581196,0.1452991452991453,1,4,0.5384615384615384,0.188034188034188,24,BOD,SYBR,,0.47,14.1,False,9
260327,260327/24S-BOD-488-09,24S-BOD-488-09,3,113,0.3174178252858093,2.513279708753119,635.7270855939122,727.9490353051076,593.888962069298,1.225732555743588,0.8432835820895522,0.5782795937652078,489.6283185840708,478.0,55328.0,711.0,346.0,92.08043792272306,0.188061912327713,3.2514343949967057,0.3715166449314853,-0.6592573116700104,49.25454710437133,23.0472354888916,5565.763822793961,379.82269287109375,0.0,70.31898794227509,1.427664897481806,2.1437121257150933,2.0447947498089434,4.75907941184828,1,3,0.0,0.0,2,5,0.504424778761062,0.2566371681415929,24,BOD,SYBR,,0.47,14.1,False,9
260327,260327/24S-BOD-488-09,24S-BOD-488-09,4,105,0.2949457668584954,2.438326292507904,612.8104224933467,703.562011407743,571.160477579039,1.231811441838396,0.8333333333333334,0.5839181170967848,442.83809523809526,431.0,46498.0,625.0,348.0,57.26929030223451,0.1293233145884688,3.1649807341843013,0.585320850039677,0.0765345322498438,39.19140042009808,21.771596908569336,4115.097044110298,226.7429656982422,0.0,48.31115722093349,1.232697905741552,2.283268843471096,1.3861496669116606,1.763484095722152,1,1,0.0,0.0,1,4,0.4952380952380952,0.3047619047619048,24,BOD,SYBR,,0.47,14.1,False,9
260327,260327/24S-BOD-488-10,24S-BOD-488-10,1,166,0.4662952123667642,3.21890717651502,770.522876951778,828.0335854553563,759.0372804883984,1.0908997578123731,0.8556701030927835,0.3996346385334979,264.7831325301205,259.0,43954.0,390.0,193.0,47.49916699563582,0.1793889457449958,3.222136784453551,0.4533245465432415,-0.5975614725435023,20.678166981966022,10.46060037612915,3432.57571900636,136.85443115234375,0.0,27.1334191718631,1.3121771961473605,2.365510744010777,1.7451568647820117,3.1197788572367653,2,6,0.0,0.0,3,8,0.5,0.253012048192771,24,BOD,SYBR,,0.47,14.1,False,10
260327,260327/24S-BOD-488-10,24S-BOD-488-10,2,158,0.4438231539394502,2.6870231880513997,751.7268057378224,986.7896555256024,583.6407705917751,1.690748325421234,0.9239766081871345,0.8063386806916473,499.5506329113924,468.0,78929.0,1100.0,192.0,229.4990264738897,0.4594109412620782,3.1911219594459457,0.4569749339565943,-0.888066542789371,81.47063187653599,26.363534927368164,12872.359836492687,1100.0,0.0,147.62854647480955,1.8120461701896708,1.640808178977498,3.824406692242389,19.03802157008848,1,3,0.1582278481012658,0.189873417721519,2,5,0.5886075949367089,0.2278481012658227,24,BOD,SYBR,,0.47,14.1,False,10
260327,260327/24S-BOD-488-11,24S-BOD-488-11,1,212,0.5955095483238193,3.2151405775895707,870.7619113128812,1054.795935937102,750.0292586875969,1.4063397177101955,0.902127659574468,0.7031255260436372,343.9056603773585,330.0,72908.0,702.0,177.0,120.52633609683306,0.3504633682521617,3.1772759028027804,0.6943252534920333,-0.1649218382878516,38.86798092406595,10.064559936523438,8240.01195590198,575.875,0.0,70.42045697458273,1.8117858273152645,1.6168077490465738,3.7472458424384913,19.9297728857975,2,4,0.0,0.0990566037735849,2,11,0.5801886792452831,0.2169811320754717,24,BOD,SYBR,,0.47,14.1,False,11
260327,260327/24S-BOD-488-11,24S-BOD-488-11,2,172,0.4831492561872496,2.882396891591022,784.3243837768823,815.6504829724965,790.2059252917247,1.0321999074752295,0.9052631578947368,0.2478259100897304,350.0232558139535,320.5,60204.0,645.0,177.0,119.54396551027776,0.3415314940496939,3.2780937407740587,0.5123732571331311,-0.7959384325994749,31.410445895825703,11.689621448516846,5402.596694082022,314.9197692871094,0.0,55.03247760444404,1.7520438196567465,1.9303327611520205,2.877710827277376,8.993625296424865,1,1,0.0,0.1104651162790697,3,6,0.5465116279069767,0.2093023255813953,24,BOD,SYBR,,0.47,14.1,False,11
260327,260327/24S-BOD-488-11,24S-BOD-488-11,3,49,0.1376413578672978,1.4366517586905918,418.629215210415,504.5705007323473,364.1300102437392,1.3856877668352598,0.8448275862068966,0.6922442403450819,328.7551020408163,310.0,16109.0,695.0,179.0,110.05690395810495,0.3347686568965884,2.871352532067469,1.0708350039037642,1.4606557265859408,61.16439029513573,27.95598793029785,2997.055124461651,695.0,0.0,118.4533917084618,1.9366397856152937,1.677025147611531,3.9817433544188368,18.299600081113404,1,1,0.0,0.0612244897959183,0,1,0.5510204081632653,0.1428571428571428,24,BOD,SYBR,,0.47,14.1,False,11
260327,260327/24S-BOD-488-11,24S-BOD-488-11,4,57,0.1601134162946118,1.6596287079635128,451.511609229423,624.517184288182,362.3108829370949,1.7237052865359606,0.8260869565217391,0.8145128041749009,368.0175438596491,338.0,20977.0,685.0,177.0,136.41526559266302,0.3706759850684937,3.1794196739199108,0.5266527865893387,-0.6747736995537115,93.7007233866474,71.31580352783203,5340.941233038902,510.1917724609375,0.0,114.20180916848544,1.2187932498369536,2.2813890539626467,1.9741269231327483,4.595131843352654,1,1,0.0350877192982456,0.1052631578947368,1,1,0.4385964912280701,0.2280701754385964,24,BOD,SYBR,,0.47,14.1,False,11
260327,260327/24S-BOD-488-13,24S-BOD-488-13,1,244,0.6853977820330751,3.120117113461954,934.1710549777716,1088.056283171749,817.4701892333879,1.3310042341630992,0.9348659003831418,0.6599467109744981,894.1065573770492,852.0,218162.0,1670.0,390.0,337.201355321858,0.3771377723826026,3.3328063294920907,0.3167643809880758,-1.030844742537931,172.42012765563902,60.7062873840332,42070.51114797592,1528.0,0.0,269.5026858890046,1.563058150770314,2.0728229630696573,2.492023303621291,7.148228617543488,1,3,0.081967213114754,0.1352459016393442,3,15,0.5614754098360656,0.2336065573770492,24,BOD,SYBR,,0.47,14.1,False,13
260327,260327/24S-BOD-488-13,24S-BOD-488-13,2,89,0.2500016500038675,1.994255693424786,564.191445374674,597.5548747411797,550.7337534797902,1.0850158919179222,0.8725490196078431,0.388032983750665,586.3258426966293,552.0,52183.0,993.0,389.0,146.92946477824125,0.2505935336271097,3.112115630087356,0.67156775022251,-0.3205035626748476,94.93464054418412,54.35787963867188,8449.183008432388,817.9608154296875,0.0,125.57969765161148,1.3228016341744575,2.149058051180605,2.960873981620056,12.427184047661992,1,3,0.0,0.0449438202247191,1,4,0.4719101123595505,0.1910112359550561,24,BOD,SYBR,,0.47,14.1,False,13
260327,260327/24S-BOD-488-13,24S-BOD-488-13,3,61,0.1713494455082687,1.6633953068889615,467.08552748888576,676.0080701130554,328.4822793320504,2.057974242895777,0.8840579710144928,0.874006221087809,526.639344262295,510.0,32125.0,802.0,389.0,91.2248198658832,0.1732206696286031,2.9774236184807807,0.8520472675513647,0.5974115151059518,110.20427974252428,59.9159049987793,6722.461064293981,619.2176513671875,0.0,133.400638692649,1.2104851009808288,2.484676477661069,1.979255025577116,4.420257044171496,1,2,0.0,0.0163934426229508,2,1,0.4754098360655737,0.2295081967213114,24,BOD,SYBR,,0.47,14.1,False,13
260327,260327/24S-BOD-488-14,24S-BOD-488-14,1,120,0.3370808764097091,2.334209454170449,655.1218982897973,947.3636367850715,466.0845848370474,2.032600235247619,0.9230769230769232,0.8706061295034765,650.6416666666667,629.0,78077.0,1165.0,326.0,237.58475872208388,0.3651545403467098,3.200732608855401,0.3485955264221808,-1.142901451166804,194.05503031710785,77.16268157958984,23286.60363805294,1128.5482177734375,0.0,278.11652963133383,1.433183819954886,2.386991714702424,1.7774534897320946,2.4582911047514564,1,2,0.0,0.125,1,5,0.5583333333333333,0.2583333333333333,24,BOD,SYBR,,0.47,14.1,False,14
260327,260327/24S-BOD-488-15,24S-BOD-488-15,1,320,0.8988823370925575,4.471161905338552,1069.809580089002,1343.2728931849624,899.5910441889561,1.4932039417933691,0.8648648648648649,0.7426309485877616,283.43125,261.0,90698.0,550.0,138.0,97.9284891593259,0.3455105573550055,3.216726121711663,0.3859080715877489,-0.9208880082257672,37.01658404348418,9.036685943603516,11845.306893914938,421.2373352050781,0.0,65.3051501561224,1.7642133071870445,1.837001055016925,2.9148870123891517,10.010497502702474,3,6,0.01875,0.084375,3,26,0.578125,0.20625,24,BOD,SYBR,,0.47,14.1,False,15
260327,260327/24S-BOD-488-15,24S-BOD-488-15,2,209,0.5870825264135766,3.120117113461955,864.5789082858728,908.423806725602,866.7313277321058,1.048103117609224,0.9247787610619468,0.2994735761160578,297.244019138756,302.0,62124.0,504.0,141.0,89.70744531702664,0.3017973097556269,3.296769818754828,0.0519198564154197,-0.8746587370877328,41.9618427739189,10.473036766052246,8770.02513974905,426.8245239257813,0.0,75.365357775968,1.7960449969277998,1.902046514523304,2.6765683236248554,7.540316753747868,2,2,0.0239234449760765,0.0430622009569378,2,12,0.6076555023923444,0.200956937799043,24,BOD,SYBR,,0.47,14.1,False,15
260327,260327/24S-BOD-488-15,24S-BOD-488-15,3,219,0.6151725994477191,3.485790820478192,885.0209491612956,968.3848991431904,895.9976665399302,1.0807895325026875,0.8202247191011236,0.3793590900198211,249.15068493150685,233.0,54564.0,462.0,139.0,76.86906618845244,0.3085244024498036,3.166825405049404,0.467741557956386,-0.7151744769628197,32.48316017813878,9.953124046325684,7113.812079012394,278.2321472167969,0.0,50.04159165935226,1.5405395098544117,2.0853135660494053,2.3413296382277435,6.255563914598852,1,5,0.0,0.0547945205479452,5,16,0.5388127853881278,0.2328767123287671,24,BOD,SYBR,,0.47,14.1,False,15
260327,260327/24S-BOD-488-15,24S-BOD-488-15,4,217,0.6095545848408905,3.399860730560414,880.9704887758992,980.400817168467,810.1967386902984,1.2100774668055407,0.8821138211382114,0.5630932358156243,274.36866359447004,246.0,59538.0,593.0,138.0,111.0833959929898,0.404869107636783,3.1324497333847594,0.7571715740435712,-0.2794628114760846,47.047069297133504,12.064165115356444,10209.21403747797,593.0,0.0,80.99944992314666,1.7216683447715162,1.75362358988812,3.0398267920045003,12.182254119973164,1,4,0.0,0.1198156682027649,3,15,0.576036866359447,0.1935483870967742,24,BOD,SYBR,,0.47,14.1,False,15
260327,260327/4S-BOD-488-01,4S-BOD-488-01,1,189,0.5309023803452918,2.950140233089123,822.1714572092936,1072.040268513646,637.9995956713449,1.6803149653810912,0.908653846153846,0.8036320200630154,533.3333333333334,523.0,100800.0,942.0,277.0,172.97607754905107,0.3243301454044707,3.309402508738068,0.3696881385892006,-0.8826613239087493,77.6265882762967,31.685096740722656,14671.425184220076,801.9891967773438,0.0,125.42911088514764,1.615800895934099,1.9522627449192131,2.9360196016020006,10.385355279172645,1,3,0.0,0.0793650793650793,2,10,0.5396825396825397,0.2063492063492063,4,BOD,SYBR,,1.44,17.1,False,1
260327,260327/4S-BOD-488-01,4S-BOD-488-01,2,204,0.5730374898965054,3.1677904070776544,854.1744510063543,1084.5765988150954,686.738664655936,1.5793148902697662,0.9272727272727272,0.7739997106179706,608.0833333333334,565.5,124049.0,1096.0,278.0,231.24954622065272,0.3802925249620162,3.311131909312357,0.3762205273721511,-1.1023427339454264,97.57859703803472,32.148054122924805,19906.03379575908,926.0,0.0,155.32653753681618,1.5918094976941732,2.0326879993416376,2.4694097957158885,7.054977629309473,1,3,0.0539215686274509,0.1715686274509804,4,15,0.5686274509803921,0.2107843137254902,4,BOD,SYBR,,1.44,17.1,False,1
260327,260327/4S-BOD-488-01,4S-BOD-488-01,3,204,0.5730374898965054,3.4146040031584257,854.1744510063543,1207.1870356669504,617.2710631742378,1.9556838278780555,0.8908296943231441,0.8593843916661491,489.7843137254902,465.5,99916.0,907.0,281.0,148.8901553945671,0.3039912696714409,3.225562149333468,0.5142702693722923,-0.6441716974615295,62.93316856786316,26.858729362487797,12838.366387844086,600.370849609375,0.0,96.89197067288758,1.5396010224466194,2.079153836638702,2.7077561978781635,9.52387102448352,1,4,0.0,0.0588235294117647,3,11,0.5392156862745098,0.2254901960784313,4,BOD,SYBR,,1.44,17.1,False,1
260327,260327/4S-BOD-488-02,4S-BOD-488-02,1,167,0.4691042196701784,2.630256520225861,772.8402442201116,822.4773926338614,733.4432885014941,1.1213919406288029,0.907608695652174,0.4525306026178372,711.1437125748503,679.0,118761.0,1299.0,338.0,269.7197178743707,0.3792759650476158,3.3149923409371542,0.3896214379338958,-0.9765726954824824,151.4178848994706,76.20101928710938,25286.786778211597,982.6845092773438,0.0,207.33009880902875,1.3692576603264492,2.3831458245668555,1.8928476693403309,3.421835340011631,1,4,0.0359281437125748,0.1197604790419161,1,8,0.497005988023952,0.2395209580838323,4,BOD,SYBR,,1.44,17.1,False,2
260327,260327/4S-BOD-488-02,4S-BOD-488-02,2,103,0.2893277522516669,2.0124424418444637,606.9460730214508,733.4346570690282,506.9711610551386,1.4466989710865608,0.9196428571428572,0.7226359664960613,597.1359223300971,570.0,61505.0,1023.0,348.0,180.63624202310345,0.3025043968519577,3.2202578390296432,0.4531156290615841,-0.8766095167611478,132.68478698471506,68.52458190917969,13666.533059425652,822.1358642578125,0.0,179.57469351149447,1.3533932381575968,2.3377314133696108,2.1130011248715497,4.639916279126651,1,2,0.0,0.0970873786407767,1,2,0.4951456310679611,0.2135922330097087,4,BOD,SYBR,,1.44,17.1,False,2
260327,260327/4S-BOD-488-03,4S-BOD-488-03,1,279,0.7837130376525736,3.84769792856898,998.9266395805922,1424.4347802503894,714.376402356423,1.9939555331780088,0.9147540983606556,0.8651485451435393,336.3405017921147,311.0,93839.0,699.0,143.0,138.79609095538498,0.4126654096543272,3.2515992183843263,0.5398253874326597,-0.6277491306177931,62.5845974982853,21.26884078979492,17461.1027020216,632.0,0.0,107.7500571852478,1.7216705306477356,1.9425339784696984,2.8617330041765747,9.443283024959928,1,4,0.1146953405017921,0.1505376344086021,3,22,0.5734767025089605,0.1971326164874552,4,BOD,SYBR,,1.44,17.1,False,3
260327,260327/4S-BOD-488-03,4S-BOD-488-03,2,193,0.5421384095589488,3.450977499997779,830.8261320940026,996.1001443556172,716.0601640904227,1.3910844288076214,0.8733031674208145,0.6951511228961192,239.65284974093265,227.0,46253.0,420.0,144.0,65.4846412071119,0.2732479137131126,3.207725546302953,0.3628861800185954,-0.8738205524817495,34.43628959705175,15.313773155212402,6646.203892230988,295.0050048828125,0.0,48.00085133482542,1.3939031148969951,2.1219547556997216,2.1538550200619446,5.983297175544385,2,6,0.0,0.0310880829015544,2,12,0.5233160621761658,0.2279792746113989,4,BOD,SYBR,,1.44,17.1,False,3
260327,260327/4S-BOD-488-03,4S-BOD-488-03,3,187,0.5252843657384633,3.569837610933245,817.8097741463719,1064.9454327893836,649.4308579402563,1.6398134147289811,0.8538812785388128,0.7925357316779599,246.49732620320856,242.0,46095.0,440.0,141.0,66.54227973861713,0.2699513246799306,3.1918792133257847,0.3355673240132674,-0.6234764041523766,38.517699254706585,19.071516036987305,7202.809760630131,413.3300476074219,0.0,55.610618038596925,1.443767907082397,1.9355960494146995,2.6721080613835007,11.458396753922678,1,4,0.0,0.0267379679144385,2,12,0.5133689839572193,0.2566844919786096,4,BOD,SYBR,,1.44,17.1,False,3
260327,260327/4S-BOD-488-03,4S-BOD-488-03,4,77,0.2162935623628966,1.8534422351441944,524.7794935704719,549.0988193989241,517.6041216426673,1.06084707682834,0.8651685393258427,0.3338027872930852,253.67532467532467,236.0,19533.0,397.0,141.0,70.64914078488994,0.2785022188315428,3.197860071125513,0.4790344437805381,-0.7926837952811931,50.53507199535122,32.883445739746094,3891.200543642044,251.3346710205078,0.0,59.7778287478968,1.1828978645443669,2.5374956336172403,1.660796073928458,2.073586895418117,1,2,0.0,0.0649350649350649,2,3,0.4415584415584415,0.1818181818181818,4,BOD,SYBR,,1.44,17.1,False,3
260327,260327/4S-BOD-488-05,4S-BOD-488-05,1,249,0.6994428185501463,3.4638374731330663,943.6939418365826,1271.9542651584206,710.0274277479039,1.7914156769871004,0.9154411764705882,0.8296944988129908,1121.0602409638554,1057.0,279144.0,2163.0,515.0,432.04442767547135,0.3853891270856345,3.316425691813958,0.4921270190044259,-0.7921872127298699,214.6713159247096,90.15370178222656,53453.157665252686,2045.0,0.0,345.18838450790304,1.6079855989189025,2.045318498872612,2.7564934102891274,8.449566856369838,1,5,0.0682730923694779,0.144578313253012,3,15,0.5421686746987951,0.2008032128514056,4,BOD,SYBR,,1.44,17.1,False,5
260327,260327/4S-BOD-488-05,4S-BOD-488-05,2,144,0.4044970516916508,2.449302966180467,717.6500832178542,873.188464209989,596.5568758184778,1.463713687000878,0.9230769230769232,0.7302371805563826,1092.6458333333333,1018.0,157341.0,2093.0,513.0,422.55219346998274,0.3867238409548529,3.24693125401074,0.4369127492178621,-0.9509298500773236,247.99349286821155,123.78152465820312,35711.06297302246,2057.726318359375,0.0,333.5489864480773,1.34499088097175,2.219155084912848,2.368945352970784,6.932117257162807,1,4,0.0625,0.1319444444444444,1,6,0.5,0.2013888888888889,4,BOD,SYBR,,1.44,17.1,False,5
260327,260327/4S-BOD-488-05,4S-BOD-488-05,3,63,0.1769674601150972,1.5573951690887824,474.6809121398126,565.1066139325656,406.503042021955,1.3901657688014162,0.9130434782608696,0.6946595373883426,751.5555555555555,735.0,47348.0,1073.0,513.0,166.2412527679691,0.2211962263323066,3.1712026888810927,0.337429634600404,-1.1558550457470256,145.82105568477087,77.95474243164062,9186.726508140564,781.4627075195312,0.0,167.87918904868854,1.1512685068718878,2.525254051018233,1.6746241524653998,2.7049098593577883,1,1,0.0,0.0,1,1,0.492063492063492,0.2222222222222222,4,BOD,SYBR,,1.44,17.1,False,5
260327,260327/4S-BOD-488-05,4S-BOD-488-05,4,39,0.1095512848331554,1.2356281567627962,373.47694443716193,616.879696531741,231.1209689456395,2.669077147547064,0.9069767441860463,0.9271617367592788,616.7692307692307,599.0,24054.0,773.0,521.0,68.22079538584202,0.1106099201815847,2.9548754746418835,0.7666400307784135,-0.2274824747896131,126.51798272744205,97.16228485107422,4934.201326370239,446.5865478515625,0.0,114.25676111572352,0.903087123684758,2.6262486201888127,1.4014379184304584,1.7327912526478464,0,0,0.0,0.0,0,0,0.3076923076923077,0.2564102564102564,4,BOD,SYBR,,1.44,17.1,False,5
260327,260327/4S-BOD-488-07,4S-BOD-488-07,1,326,0.915736380913043,4.266371704485308,1079.7924674358255,1472.5253425061082,808.243062017309,1.8218842965763355,0.9080779944289692,0.8358996630453923,730.079754601227,678.5,238006.0,1329.0,385.0,240.17605034243823,0.3289723469645087,3.3170432725217736,0.4919351647009806,-0.7495784399144245,96.22353894066956,40.31497383117676,31368.87369465828,812.3078002929688,0.0,140.36288689981794,1.458716738597239,2.164394988110653,2.247902752359987,5.731900597104394,1,7,0.0,0.0950920245398773,3,22,0.5276073619631901,0.2392638036809816,4,BOD,SYBR,,1.44,17.1,False,7
260327,260327/4S-BOD-488-07,4S-BOD-488-07,2,247,0.6938248039433178,3.412720703695701,939.8963652971286,1235.8982764677492,731.456384040937,1.6896404261864784,0.911439114391144,0.8060540710834381,777.4898785425102,723.0,192040.0,1493.0,382.0,289.42825419788227,0.3722598353826126,3.271224624614997,0.5598584744331718,-0.6890403546638271,118.75954883590884,45.99836349487305,29333.60856246948,1281.0,0.0,198.08782185405693,1.6679738496460332,1.9309358293376613,2.985543374895689,10.657488684079452,1,4,0.0161943319838056,0.1255060728744939,2,16,0.5708502024291497,0.2064777327935222,4,BOD,SYBR,,1.44,17.1,False,7
260327,260327/4S-BOD-488-08,4S-BOD-488-08,1,162,0.4550591831531072,2.677929813841561,761.1828605436523,937.1633750195302,631.1978353796992,1.4847379418780426,0.8756756756756757,0.7391694280897103,729.4506172839506,676.0,118171.0,1427.0,368.0,271.4778751144101,0.3721675856896738,3.2186255930675234,0.6523561790099539,-0.617484686667495,158.30435206051226,72.92591857910156,25645.305033802983,1427.0,0.0,245.19682735237555,1.54889505033095,2.094813650942117,2.8499831928032098,9.474053410588745,1,4,0.0,0.1358024691358024,1,9,0.5308641975308642,0.1975308641975308,4,BOD,SYBR,,1.44,17.1,False,8
260327,260327/4S-BOD-488-09,4S-BOD-488-09,1,233,0.6544987016955184,3.5569776377979583,912.8710911057252,1141.2010817439557,758.3777736075618,1.504792362670815,0.9031007751937984,0.7472495714292924,387.2875536480687,349.0,90238.0,792.0,202.0,137.41382462426725,0.3548108461784865,3.1511791530764937,0.7004010504836561,-0.3593557133786946,65.26338475993775,25.131271362304688,15206.368649065496,765.7731323242188,0.0,110.05483347809982,1.6863181994455416,1.8306483388677384,3.003383610859122,11.493456998852317,1,4,0.0,0.1244635193133047,4,15,0.5450643776824035,0.2017167381974249,4,BOD,SYBR,,1.44,17.1,False,9
260327,260327/4S-BOD-488-09,4S-BOD-488-09,2,143,0.4016880443882366,2.378116148860701,715.1539014522932,834.2379342586947,620.0694664577418,1.34539431367977,0.9407894736842104,0.6689843187127519,485.24475524475525,468.0,69390.0,911.0,203.0,188.21456203796745,0.387875520556699,3.304025355446703,0.3519445720201224,-0.982498673797183,109.53557538235938,50.0726318359375,15663.587279677393,911.0,0.0,163.62947177290073,1.4938477403502382,2.1458652911698004,2.614124857896156,7.563546685359931,1,3,0.0769230769230769,0.1398601398601398,2,7,0.5174825174825175,0.1888111888111888,4,BOD,SYBR,,1.44,17.1,False,9
260327,260327/4S-BOD-488-10,4S-BOD-488-10,1,164,0.4606771977599357,2.652209867570987,765.8671069746572,1002.980316021856,592.2281859924815,1.693570721125031,0.9318181818181818,0.807060756331463,615.1463414634146,584.5,100884.0,1146.0,285.0,216.95025705357608,0.3526807239679878,3.259447368119138,0.398637594725132,-0.8459393130498314,126.03754775117083,41.68567657470703,20670.157831192017,943.8326416015624,0.0,192.87739376040824,1.5303169349279606,2.158410375023912,2.1443557672456115,4.665941538543573,1,3,0.0365853658536585,0.1036585365853658,2,8,0.5426829268292683,0.2256097560975609,4,BOD,SYBR,,1.44,17.1,False,10
260327,260327/4S-BOD-488-10,4S-BOD-488-10,2,115,0.3230358398926378,2.259256037925234,641.3283135165975,937.176639117728,443.8940107405164,2.111262185210167,0.92,0.8807129945017216,518.0782608695653,500.0,59579.0,865.0,294.0,162.53961178881187,0.3137356342958654,3.2124853867489733,0.3386015066235593,-1.0425974828881983,110.77480009224104,60.837158203125,12739.10201060772,768.0,0.0,150.26641850157682,1.3565036305770943,2.338510159186285,2.242775061071376,5.28427261590293,1,2,0.0,0.0608695652173913,2,4,0.4695652173913043,0.2,4,BOD,SYBR,,1.44,17.1,False,10
260327,260327/4S-BOD-488-10,4S-BOD-488-10,3,88,0.2471926427004533,1.8863722561618823,561.0128767272698,693.7023469412725,465.7652275156089,1.4893820018327255,0.9072164948453608,0.7410775683372554,515.1136363636364,507.5,45330.0,783.0,287.0,124.6178002283434,0.2419229300704659,3.2886692265809465,0.1010939428069833,-0.7725111401240614,91.32833841443062,53.45216369628906,8036.893780469894,482.6075744628906,0.0,107.0713063124856,1.1723776888025312,2.4586978682858924,1.421104658200243,1.8218385426530064,1,3,0.0,0.0113636363636363,1,4,0.4545454545454545,0.2727272727272727,4,BOD,SYBR,,1.44,17.1,False,10
260326,260326/1D-405-01,1D-405-01,1,140,0.3932610224779939,2.418256244625503,707.612524777484,763.7744928886335,667.7117567560608,1.1438685707726244,0.9090909090909092,0.4855186489971104,801.9142857142857,739.5,112268.0,1591.0,414.0,304.819311632466,0.3801145796535543,3.2087770403191134,0.7074136023099444,-0.369037727700817,145.37706423316683,55.531686782836914,20352.78899264336,1310.4691162109375,0.0,244.39474892423848,1.6811093979189144,2.021811871883017,2.8374573361954787,8.727562855521212,1,4,0.0,0.1071428571428571,2,5,0.5357142857142857,0.2071428571428571,21,INT,DAPI,1.0,0.39,14.1,False,1
260326,260326/1D-405-01,1D-405-01,2,92,0.2584286719141103,1.8534422351441944,573.6214819673636,629.7151524945964,528.502109714341,1.191509250237358,0.9108910891089108,0.5437122447987548,841.4347826086956,821.0,77412.0,1707.0,413.0,326.6192562558048,0.3881694256127478,3.100007080764768,0.6123047601634911,-0.4566579710754199,193.18024452484173,81.52453231811523,17772.58249628544,1707.0,0.0,301.296309440056,1.5596641891677037,2.0462012758400934,2.567007634792308,7.825726364954868,1,3,0.0326086956521739,0.1304347826086956,1,4,0.5108695652173914,0.2065217391304347,21,INT,DAPI,1.0,0.39,14.1,False,1
260326,260326/1D-405-02,1D-405-02,1,272,0.7640499865286738,3.600884332488209,986.315698446839,1128.956558040978,876.6819831849571,1.2877606471841885,0.918918918918919,0.6300657091110826,772.8198529411765,767.0,210207.0,1333.0,377.0,250.8975340519237,0.3246520299615296,3.335665973529971,0.2367369643236274,-1.076734230979818,148.1813292889034,40.081993103027344,40305.321566581726,1333.0,0.0,222.97801960281225,1.5047646061271365,2.033484295501023,2.126446066343703,5.116741868103855,2,4,0.0220588235294117,0.0772058823529411,3,18,0.5661764705882353,0.2389705882352941,21,INT,DAPI,1.0,0.39,14.1,False,2
260326,260326/1D-405-02,1D-405-02,2,74,0.2078665404526539,1.7292553489243383,514.4549536466826,616.8833379893251,437.0245643273959,1.4115530071833409,0.891566265060241,0.7057714793896951,647.918918918919,601.5,47946.0,1093.0,373.0,207.4771323762916,0.3202208275110661,3.116646310829289,0.4367225700210378,-1.0386393272911745,164.4335291325744,101.19435119628906,12168.081155810503,815.9853515625,0.0,198.33308145014425,1.2061596104906218,2.599804298831425,1.7291652915103486,2.651016732101877,1,2,0.0,0.0675675675675675,1,2,0.4594594594594595,0.2297297297297297,21,INT,DAPI,1.0,0.39,14.1,False,2
260326,260326/1D-405-03,1D-405-03,1,161,0.452250175849693,2.771069978506453,758.829893984983,1053.0349744491757,552.2484546003946,1.9068138003412776,0.8944444444444445,0.8514504525974301,1128.0807453416148,1027.0,181621.0,2381.0,462.0,495.7439986418807,0.4394579028930729,3.2033634179122106,0.4633878715240775,-0.8434092370962931,201.87887582960337,88.94255065917969,32502.49900856614,2381.0,0.0,338.7735036340499,1.678102784364586,1.803648818906853,3.4178903739154527,15.28515239406235,1,2,0.1614906832298136,0.1614906832298136,1,9,0.5279503105590062,0.186335403726708,21,INT,DAPI,1.0,0.39,14.1,False,3
260326,260326/1D-405-03,1D-405-03,2,92,0.2584286719141103,1.9723023460796607,573.6214819673636,662.7499786106863,506.3575722242626,1.3088576432252077,0.8846153846153846,0.6451866037715632,741.2826086956521,718.5,68198.0,1126.0,461.0,179.1381887907484,0.2416597754882672,3.3010261941844883,0.3139487129668954,-0.9682242189975616,84.6020594679791,60.42741012573242,7783.389471054077,366.3043212890625,0.0,94.80512114635049,1.1206006300855256,2.716682822763068,1.3664787832338816,1.126758593040849,1,2,0.0,0.0217391304347826,1,4,0.4347826086956521,0.2391304347826087,21,INT,DAPI,1.0,0.39,14.1,False,3
260326,260326/1D-405-03,1D-405-03,3,58,0.162922423598026,1.4695817797082802,455.4550169326275,509.93961734026914,420.90937503354496,1.2115187914254195,0.8787878787878788,0.5645333985186259,648.1034482758621,637.0,37590.0,1056.0,473.0,130.6196688199661,0.2015413884426186,2.929855915431053,0.8018727512258667,0.4059910004426896,78.86079642690461,50.17709922790527,4573.926192760468,553.5301513671875,0.0,97.32116594180336,1.234088043125579,2.2137742656958435,2.640159085469927,9.94877656191636,1,1,0.0,0.0172413793103448,1,1,0.4482758620689655,0.2586206896551724,21,INT,DAPI,1.0,0.39,14.1,False,3
260326,260326/1D-405-04,1D-405-04,1,226,0.6348356505716187,3.432790751578102,899.0538664148321,1068.6435550673646,766.5775203236874,1.3940449944529156,0.8932806324110671,0.6967264055539304,489.429203539823,483.5,110611.0,811.0,262.0,145.8989508340411,0.2981002150644447,3.337251677031113,0.2119933989308509,-1.0886449894054706,60.377130685654365,28.436880111694336,13645.231534957886,435.0771484375,0.0,82.92880494931225,1.3735135142653636,2.30429727502023,1.9894049960293585,4.508986198664959,1,4,0.0,0.0442477876106194,2,15,0.5132743362831859,0.2345132743362832,21,INT,DAPI,1.0,0.39,14.1,False,4
260326,260326/1D-405-04,1D-405-04,2,130,0.3651709494438515,2.356162801515575,681.8724905877906,793.4906480966355,591.1088753846363,1.3423764743513769,0.8904109589041096,0.6671230926296318,488.1769230769231,487.5,63463.0,873.0,263.0,150.04306696394713,0.3073538708430601,3.2060073401676323,0.2485874098912138,-0.8978422206358174,81.76916185479898,31.03970718383789,10629.991041123869,687.7996826171875,0.0,123.01115513215412,1.504370991971158,2.092752825702357,2.292932874471333,6.021046133094298,1,2,0.0,0.0461538461538461,1,6,0.5769230769230769,0.2307692307692307,21,INT,DAPI,1.0,0.39,14.1,False,4
260326,260326/1D-405-04,1D-405-04,3,120,0.3370808764097091,2.0654425107445524,655.1218982897973,735.6515913521359,584.5619732397705,1.2584663817165418,0.9375,0.6071097789642865,618.4,561.5,74208.0,1228.0,286.0,254.4771010483717,0.4115088956150901,3.205419319299144,0.548426546162922,-0.7712372616733059,145.01130672693253,67.09050369262695,17401.356807231903,1194.0,0.0,225.1688773562147,1.5527677285208183,2.133474035435438,2.552527867988193,7.05769828535918,1,4,0.075,0.1166666666666666,1,4,0.525,0.2083333333333333,21,INT,DAPI,1.0,0.39,14.1,False,4
260326,260326/1D-405-05,1D-405-05,1,348,0.9775345415881562,3.7946978596688905,1115.6323922756098,1399.532963211956,893.9468949948035,1.5655661103002,0.9534246575342464,0.7694171855972062,1381.2959770114942,1397.0,480691.0,2299.0,600.0,466.77574086538175,0.3379259395768859,3.394289293175081,-0.0017524335763762,-1.215274664913611,222.7712355276634,98.8872413635254,77524.38996362686,2299.0,0.0,346.17873202514465,1.5539651302160895,1.9994831338735328,2.858471606044417,10.330092217565676,2,5,0.0689655172413793,0.0488505747126436,6,24,0.514367816091954,0.2068965517241379,21,INT,DAPI,1.0,0.39,14.1,False,5
260326,260326/1D-405-05,1D-405-05,2,304,0.8539382202379296,4.452652033815092,1042.7213965233937,1825.389426602003,626.2813339554529,2.9146476633324694,0.8660968660968661,0.9393008388328682,1090.9309210526317,1055.5,331643.0,1901.0,598.0,324.9659822224306,0.2978795228472149,3.299903689917616,0.4152057109695699,-0.8300157509128034,187.79405957617257,89.36191177368164,57089.39411115646,1701.890380859375,0.0,266.8928734425248,1.421199765556313,2.141628498296129,2.403820560260061,7.481425304695222,3,5,0.0,0.0592105263157894,6,20,0.5098684210526315,0.2302631578947368,21,INT,DAPI,1.0,0.39,14.1,False,5
260326,260326/1D-405-05,1D-405-05,3,66,0.1853944820253399,1.5536285701633337,485.85140309600337,572.1703499821688,421.97986145575567,1.3559186166095285,0.9166666666666666,0.6753390627547373,955.4242424242424,926.0,63058.0,1325.0,616.0,207.38927059303128,0.2170651124225326,3.130315580356356,0.0855010009770512,-1.2138489037759173,180.8560503974105,108.91096115112305,11936.499326229095,909.8208618164062,0.0,210.62039087778268,1.164574756636388,2.5154538526182986,1.6655115561312233,2.752024846833594,1,1,0.0,0.0,1,1,0.4545454545454545,0.2272727272727272,21,INT,DAPI,1.0,0.39,14.1,False,5
260326,260326/1D-405-05,1D-405-05,4,52,0.1460683797775405,1.4695817797082802,431.2540288138287,519.1637646745323,373.968865773421,1.3882539756373236,0.896551724137931,0.6936322617941386,823.9423076923077,781.0,42845.0,1302.0,610.0,178.62441848987123,0.2167923856103,2.883011065108461,0.9370150115576544,0.2474217076134941,151.22665085242346,60.94563865661621,7863.785844326019,1058.3074951171875,0.0,214.84751133424405,1.4206987334785708,2.109708498302683,2.2329940887907376,5.83151235007306,1,1,0.0,0.0384615384615384,0,1,0.5961538461538461,0.25,21,INT,DAPI,1.0,0.39,14.1,False,5
260326,260326/1D-405-06,1D-405-06,1,181,0.5084303219179779,2.78925672692613,804.5828680803478,1026.566570516287,636.0492420270325,1.6139734201155718,0.9187817258883249,0.7849264980112739,960.5580110497236,927.0,173861.0,1675.0,508.0,299.4311332518156,0.3117262360079524,3.2737248516610435,0.3497324995201011,-0.8972134680522683,135.58350148418333,57.28441619873047,24540.61376863718,1083.5013427734375,0.0,201.8785982917306,1.4889613860229227,2.136876495472809,2.4084812153367747,6.643922421580818,1,4,0.0,0.0607734806629834,1,9,0.5414364640883977,0.2265193370165746,21,INT,DAPI,1.0,0.39,14.1,False,6
260326,260326/1D-405-06,1D-405-06,2,136,0.3820249932643369,2.4220228435509514,697.4305187625058,905.0348962810316,541.0022126320471,1.6728857574868643,0.918918918918919,0.8016680635091432,1072.1029411764705,1015.5,145806.0,2011.0,510.0,384.912001091,0.3590252263169965,3.2462582061204537,0.3560771560180645,-0.9513722467250428,216.00051920729524,103.85280990600586,29376.070612192158,2011.0,0.0,318.7136313531726,1.4755225243107115,2.0007029164987244,2.6176533872026115,8.761072655434827,1,4,0.0294117647058823,0.1176470588235294,1,7,0.5147058823529411,0.1985294117647058,21,INT,DAPI,1.0,0.39,14.1,False,6
260326,260326/1D-405-07,1D-405-07,1,136,0.3820249932643369,2.184302621680019,697.4305187625058,778.6290046173947,627.3252175142751,1.2411887532636556,0.9645390070921984,0.5923520718852116,973.3970588235294,918.0,132382.0,2152.0,358.0,457.5927395081184,0.4700987488714787,3.176946143892755,0.5600353335153898,-0.6971036485570892,204.5478539694758,86.10320281982422,27818.50813984871,2152.0,0.0,337.23717604675,1.648695742841062,1.9263059225704864,3.061366126814914,11.786217915141464,1,4,0.1544117647058823,0.1691176470588235,1,4,0.5661764705882353,0.213235294117647,21,INT,DAPI,1.0,0.39,14.1,False,7
260326,260326/1D-405-07,1D-405-07,2,73,0.2050575331492397,1.7565354715538537,510.9670832367321,635.6967376392865,422.9534984197603,1.5029943953989693,0.8795180722891566,0.7465418359149444,526.3424657534247,486.0,38423.0,807.0,362.0,126.68346590113686,0.240686386039169,3.1794325224502717,0.6471770509960929,-0.8558555568879647,71.03283980447952,47.20236587524414,5185.397305727005,448.05950927734375,0.0,90.62633413279636,1.275837125226144,2.3276667256606065,1.9239301429081144,4.255018583820926,1,2,0.0,0.0136986301369863,1,2,0.4657534246575342,0.2328767123287671,21,INT,DAPI,1.0,0.39,14.1,False,7
260326,260326/1D-405-07,1D-405-07,3,59,0.1657314309014403,1.597535264853585,459.3645737638645,503.1274266707314,438.63966846820136,1.147017615683806,0.9076923076923076,0.4898153641948707,501.6779661016949,493.0,29599.0,718.0,365.0,90.34692534851344,0.1800894826028681,3.0698372824694777,0.5245935922470537,-0.6433945430003303,64.35937710131628,44.97468185424805,3797.203248977661,275.8446960449219,0.0,72.14439237512183,1.1209616317689053,2.682522064483202,1.5323712090997386,1.846045973103557,1,1,0.0,0.0,1,1,0.4067796610169492,0.2372881355932203,21,INT,DAPI,1.0,0.39,14.1,False,7
260326,260326/1D-405-07,1D-405-07,4,34,0.0955062483160842,1.054674602717402,348.7152593812529,383.0907586741245,317.7710169798393,1.205556007955343,0.9444444444444444,0.5585174429676977,498.52941176470586,498.0,16950.0,659.0,361.0,87.23713252137868,0.1749889383909661,2.96552749573123,0.2565622151502968,-1.0194296593552972,82.8041759361239,67.5090217590332,2815.3419818282127,214.86178588867188,0.0,67.17611165994106,0.8112647810390805,2.866555191759281,0.3894615763286453,-1.103713550681603,0,0,0.0,0.0,0,0,0.3529411764705882,0.2941176470588235,21,INT,DAPI,1.0,0.39,14.1,False,7
260326,260326/1D-405-08,1D-405-08,1,138,0.3876430078711654,2.2903027594801983,702.5399681595715,852.7034811302932,580.6584272434874,1.4685113332088593,0.9517241379310344,0.7323190144714368,2267.405797101449,2194.0,312902.0,3998.0,1055.0,791.0252299507918,0.3488679578053488,3.3225763208373933,0.245167461271629,-1.1209606671515306,497.0125554514968,241.5717620849609,68587.73265230656,3998.0,0.0,664.6616592030668,1.3373136189673802,2.258842788177443,2.324787477653499,6.958923917048164,1,2,0.036231884057971,0.0797101449275362,2,3,0.5217391304347826,0.2318840579710145,21,INT,DAPI,1.0,0.39,14.1,False,8
260326,260326/1D-405-08,1D-405-08,2,30,0.0842702191024272,0.9486744649172228,327.56094914489864,364.4321716977756,295.23833640169124,1.2343660248848631,0.967741935483871,0.586246856384182,1322.0333333333333,1252.5,39661.0,1828.0,1057.0,216.2523244177781,0.163575546066245,2.736818408347388,0.7481667537061486,-0.2722492988226825,285.38576278686526,217.4271697998047,8561.572883605957,1119.4464111328125,0.0,274.8619710178647,0.9631243280455442,2.6557253867257558,1.7002200097553204,2.918544058283453,0,0,0.0,0.0,0,0,0.3,0.2,21,INT,DAPI,1.0,0.39,14.1,False,8
260326,260326/1D-405-09,1D-405-09,1,208,0.5842735191101623,2.93383678413217,862.5080576276574,1207.687097124294,617.2646120145,1.9565143920739207,0.9585253456221198,0.8595135078236731,3154.3125,3266.5,656097.0,4095.0,1593.0,858.121909200974,0.2720472081320332,2.998288785578131,-0.3277535658253257,-1.3748477520202067,873.245648076901,593.6411743164062,181635.09479999545,3979.0,0.0,954.9832836688428,1.093602110439311,2.7913424196861056,1.2255458614829755,0.7450161328698086,7,2,0.0,0.0,4,6,0.4326923076923077,0.2644230769230769,21,INT,DAPI,1.0,0.39,14.1,False,9
260326,260326/1D-405-10,1D-405-10,1,154,0.4325871247257933,2.771069978506453,742.150277062646,1131.8882110726531,493.79778516681006,2.2922099796180526,0.9058823529411764,0.8998205553680054,928.8571428571428,860.5,143044.0,1848.0,404.0,376.5539555219602,0.4053949075136452,3.214905193091307,0.3931442341762006,-1.038917468008851,192.74786448323883,91.22958374023438,29683.171130418777,1848.0,0.0,293.68419301083554,1.523670281889811,2.008168117838544,2.7570638896243143,9.605970587777604,2,4,0.0974025974025974,0.1623376623376623,2,9,0.5,0.2077922077922078,21,INT,DAPI,1.0,0.39,14.1,False,10
260326,260326/1D-405-10,1D-405-10,2,80,0.2247205842731393,1.844348860934356,534.904790044501,616.3929822745963,474.1348449928805,1.300037296950516,0.8791208791208791,0.6389976328792001,694.9625,680.5,55597.0,1313.0,403.0,223.1968220220877,0.3211638354905303,3.103195408993714,0.6919966597877503,-0.2236625525577782,121.63802954554558,56.018741607666016,9731.042363643646,970.1264038085938,0.0,180.9058887692076,1.4872477747715405,2.1531000289650897,2.6008399581967634,7.702829079765909,1,2,0.0,0.1,1,4,0.55,0.1875,21,INT,DAPI,1.0,0.39,14.1,False,10
260326,260326/1D-405-10,1D-405-10,3,67,0.1882034893287542,1.7913487920342666,489.5182581584797,688.7332405952455,358.6817504851621,1.920179210856553,0.8481012658227848,0.8536880410557499,703.2388059701492,669.0,47117.0,1181.0,409.0,223.68999717223903,0.3180854003977337,3.163902550733491,0.463922693877914,-0.9863632794886734,139.27055646412407,76.25909423828125,9331.127283096312,745.267822265625,0.0,159.95414988260563,1.148513755840486,2.5843185092029546,1.587498836216254,2.3725393334314004,1,2,0.0,0.0895522388059701,1,2,0.4626865671641791,0.2388059701492537,21,INT,DAPI,1.0,0.39,14.1,False,10
260326,260326/1D-405-10,1D-405-10,4,49,0.1376413578672978,1.3507216687728136,418.629215210415,550.5421750621719,322.78395812808344,1.7056057502204367,0.9074074074074074,0.8100925921213872,660.0204081632653,647.0,32341.0,1034.0,405.0,148.09618071205145,0.2243812143993853,3.0411028620005163,0.258463276064532,-0.4713628657986803,127.85394631113324,80.36583709716797,6264.843369245529,727.8743896484375,0.0,142.47180576990223,1.114332485468977,2.3919641508958267,1.927719905030408,5.37436585861467,1,1,0.0,0.0204081632653061,1,1,0.4489795918367347,0.3061224489795918,21,INT,DAPI,1.0,0.39,14.1,False,10
260326,260326/1D-405-11,1D-405-11,1,126,0.3539349202301945,2.4220228435509514,671.3001837477544,915.2818668886596,498.99358799194886,1.8342557678384988,0.9197080291970804,0.8383188568522005,1776.309523809524,1618.0,223815.0,3558.0,816.0,720.8542539435912,0.4058156781131402,3.194414147993648,0.5898421790771227,-0.7547678625096692,426.1596399167227,199.5009994506836,53696.114629507065,3558.0,0.0,621.833959458421,1.459157323250826,2.1896962999588405,2.683527211802108,8.836247977282554,1,2,0.0634920634920634,0.1507936507936507,1,2,0.5158730158730159,0.2063492063492063,21,INT,DAPI,1.0,0.39,14.1,False,11
260326,260326/1D-405-11,1D-405-11,2,71,0.1994395185424111,1.822395513589231,503.91892382717646,750.957866421629,341.2044215198312,2.2009030922771395,0.9102564102564102,0.8908186976097249,1215.957746478873,1239.0,86333.0,1810.0,790.0,289.52968940382897,0.2381083473025593,3.251047099927104,0.2437271747718259,-0.9321764380013282,208.4150829399136,104.10834503173828,14797.470888733864,926.072265625,0.0,232.52522925004507,1.115683308376882,2.7192367840361165,1.501827935844425,1.6815550940692976,1,1,0.0,0.0,1,2,0.5070422535211268,0.2394366197183098,21,INT,DAPI,1.0,0.39,14.1,False,11
260326,260326/1D-405-12,1D-405-12,1,201,0.5646104679862627,3.1677904070776544,847.8704943631051,1204.371109947578,606.6446091270649,1.9852992869756407,0.9178082191780822,0.8638772483020394,1252.810945273632,1241.0,251815.0,1999.0,685.0,348.5316543437654,0.278199720124285,3.3375201322127195,0.1514159767965629,-1.0782697017503642,201.83623636539892,120.42772674560548,40569.08350944519,1398.906494140625,0.0,264.8793238231384,1.31234771611381,2.2991573523529896,1.7714451085928646,3.147549258586764,1,2,0.0,0.0348258706467661,3,13,0.4875621890547263,0.2686567164179104,21,INT,DAPI,1.0,0.39,14.1,False,12
260326,260326/1D-405-12,1D-405-12,2,122,0.3426988910165375,2.1275359538544807,660.5586877629735,789.0991702065901,556.2342745884378,1.4186453554852425,0.9457364341085271,0.7093088760751,1548.426229508197,1427.0,188908.0,3092.0,684.0,668.6015740041842,0.4317942703776996,3.237203811570785,0.6510652143792005,-0.6933508253253118,438.3824020643704,180.23294830322263,53482.65305185318,3054.850830078125,0.0,653.6974152067991,1.4911579756132929,2.1679561811332992,2.223844388939184,4.967395467343318,1,3,0.0737704918032786,0.1639344262295081,1,3,0.5491803278688525,0.1967213114754098,21,INT,DAPI,1.0,0.39,14.1,False,12
260326,260326/1D-405-13,1D-405-13,1,157,0.441014146636036,2.4091628704156647,749.3441474280244,826.6424611818206,680.1762059584504,1.215335752618664,0.9457831325301204,0.568305128755283,1466.904458598726,1418.0,230304.0,2596.0,685.0,548.5972880019282,0.373982971274067,3.299010433898672,0.3341560039198318,-0.9985811149045324,341.30329187356745,139.10757446289062,53584.616824150085,2005.390380859375,0.0,478.20679196912585,1.4011197763257233,2.4024066380367657,1.8144039479296523,2.8652487627206096,1,4,0.0700636942675159,0.1337579617834395,1,7,0.5605095541401274,0.2547770700636942,21,INT,DAPI,1.0,0.39,14.1,False,13
260326,260326/1D-405-13,1D-405-13,2,107,0.3005637814653239,2.056349136534714,618.619181950243,637.9094955398264,606.9399787543102,1.0510256662431074,0.9145299145299144,0.3077985487632868,1193.8411214953271,1128.0,127741.0,2054.0,687.0,360.11290550071146,0.3016422361542193,3.171274237576559,0.3228346318861769,-0.8721690512312863,246.1714302936447,118.60626220703124,26340.343041419983,2054.0,0.0,320.2913303004608,1.3010905852007375,2.1428449150680877,2.4222914428362565,9.049759925058952,1,4,0.0,0.0560747663551401,1,4,0.514018691588785,0.2336448598130841,21,INT,DAPI,1.0,0.39,14.1,False,13
260326,260326/1D-405-14,1D-405-14,1,115,0.3230358398926378,2.109349205434804,641.3283135165975,678.0607454109786,613.000323337609,1.1061344009072205,0.934959349593496,0.4274282554895579,1160.4782608695652,1084.0,133455.0,2186.0,615.0,380.15062452964906,0.3275809959979741,3.1861383187986747,0.5216327033641236,-0.6460281936934136,232.2011403280756,125.72644805908205,26703.13113772869,2186.0,0.0,325.2318271426734,1.4006469851231365,2.0672124442687814,3.0674946656318487,13.02816620212431,1,2,0.0,0.1130434782608695,2,4,0.4869565217391304,0.1826086956521739,21,INT,DAPI,1.0,0.39,14.1,False,14
260326,260326/1D-405-14,1D-405-14,2,106,0.2977547741619096,2.0033490676346246,615.7216522882974,688.1580722209225,554.00405854934,1.2421534853424443,0.9298245614035088,0.5932022220813916,1238.1509433962265,1194.0,131244.0,2154.0,587.0,446.374448672494,0.3605169878949465,3.232129179511104,0.4424955860849344,-0.9458735929098424,296.8353644586959,152.80866241455078,31464.548632621765,1865.4456787109373,0.0,404.6514814854482,1.363218571423806,2.4251173097423884,2.238292031669741,5.018428919246627,1,1,0.0283018867924528,0.1509433962264151,2,4,0.5,0.1886792452830188,21,INT,DAPI,1.0,0.39,14.1,False,14
260326,260326/1D-405-15,1D-405-15,1,195,0.5477564241657772,3.1238837123874035,835.119835790406,1209.218280461991,589.1188721400132,2.0525879201075763,0.9027777777777778,0.8732960840908984,1022.1179487179488,990.0,199313.0,1879.0,470.0,366.72115229716746,0.3587855518603787,3.2922600941768803,0.290218562774114,-1.0412685715809993,189.3434504508972,87.64871978759766,36921.97283792496,1879.0,0.0,286.0861144962737,1.510937472698402,2.039881559591843,2.7000900063382494,9.332939862453165,1,4,0.0307692307692307,0.1025641025641025,1,11,0.5076923076923077,0.2256410256410256,21,INT,DAPI,1.0,0.39,14.1,False,15
260326,260326/1D-405-15,1D-405-15,2,85,0.2387656207902105,1.7474420973440152,551.3672372505789,632.2365289706182,481.8655048151485,1.3120601550699391,0.9550561797752808,0.6473884958985305,858.6823529411764,816.0,72988.0,1567.0,478.0,270.2884795637319,0.3147712057176141,3.1191972647995825,0.514365322569759,-0.5955490868483637,183.7794935051133,100.67163848876952,15621.256947934628,1507.424560546875,0.0,278.5550644734872,1.5157026453864777,2.061860408208924,2.7411838682128105,8.371678573224989,1,1,0.0,0.0705882352941176,1,2,0.4941176470588235,0.2117647058823529,21,INT,DAPI,1.0,0.39,14.1,False,15
260326,260326/1D-405-15,1D-405-15,3,93,0.2612376792175245,1.933722426673799,576.7305642625431,763.0800206484779,443.1555958544342,1.7219234683863298,0.9587628865979382,0.8140848824549825,802.4731182795699,756.0,74630.0,1358.0,467.0,237.85027220272372,0.2963965605634907,3.190181095612872,0.5075455349792377,-0.7794427817453284,163.61372282299945,85.47003936767578,15216.076222538948,960.1764526367188,0.0,227.12930862740825,1.3882045143188948,2.347231174736641,2.0772684270495403,3.903609185741826,1,1,0.0,0.086021505376344,1,2,0.4838709677419355,0.2258064516129032,21,INT,DAPI,1.0,0.39,14.1,False,15
260326,260326/2D-405-01,2D-405-01,1,191,0.5365203949521202,2.864210143171345,826.5101229930382,1119.964236707527,612.5636366852726,1.8283230829174253,0.9271844660194176,0.8371657430899824,1394.041884816754,1397.0,266262.0,2147.0,776.0,383.7785522717459,0.2752991545316398,3.3834438457334626,0.1207795589510003,-1.1447041478823208,218.42457195601537,113.7840347290039,41719.09324359894,1390.7581787109375,0.0,286.74055253189186,1.3127669197842513,2.406214880576385,1.879175614915816,3.854112241171441,1,2,0.0,0.0209424083769633,3,10,0.4869109947643979,0.2617801047120419,21,INT,DAPI,2.0,0.39,14.1,False,1
260326,260326/2D-405-01,2D-405-01,2,151,0.4241601028155505,2.5023030350805566,734.8859885748886,1021.529634700784,529.4814509351912,1.929302023510961,0.937888198757764,0.8551854384974754,1730.6423841059602,1583.0,261327.0,3124.0,788.0,638.5876013450397,0.3689887681070115,3.3393748174754063,0.3168634401254355,-1.053479665414228,424.3550543532466,203.7772216796875,64077.61320734024,3124.0,0.0,576.133139675276,1.3576676741917264,2.300281664628745,2.3032312580226404,6.0805506129839415,1,2,0.0662251655629139,0.1125827814569536,1,5,0.5099337748344371,0.2052980132450331,21,INT,DAPI,2.0,0.39,14.1,False,1
260326,260326/2D-405-02,2D-405-02,1,192,0.5393294022555345,2.8021167000614176,828.670937459571,895.08070658486,771.9050448910428,1.1595735932924287,0.9411764705882352,0.5062513563721673,1376.5,1355.5,264288.0,2371.0,676.0,461.75980247661886,0.3354593552318335,3.302478522054857,0.1848002244920304,-1.218977071529579,262.46555320670205,134.33905792236328,50393.3862156868,1744.0465087890625,0.0,363.5345404114732,1.3850752449986277,2.3906238043223245,2.0074537456032364,3.899459575333889,1,4,0.015625,0.078125,2,8,0.4895833333333333,0.21875,21,INT,DAPI,2.0,0.39,14.1,False,2
260326,260326/2D-405-02,2D-405-02,2,118,0.3314628618028806,2.1752092474701805,649.6396102905932,723.873364020535,587.5758872506757,1.2319657421743568,0.921875,0.5840594515582255,1270.1610169491526,1181.5,149879.0,2405.0,676.0,447.3413956692347,0.3521926666775845,3.15802767115001,0.5514152076454972,-0.7719160290386542,302.30879115174383,130.39900970458984,35672.43735590577,2405.0,0.0,428.870140141548,1.4186492510112836,2.166001559734083,2.2148235763136053,5.6905770356526695,1,4,0.0,0.1271186440677966,1,5,0.5084745762711864,0.2203389830508474,21,INT,DAPI,2.0,0.39,14.1,False,2
260326,260326/2D-405-03,2D-405-03,1,104,0.2921367595550811,2.029069013905199,609.885296376554,718.5274232177292,522.8235105817984,1.3743211785142395,0.9454545454545454,0.6859677429236586,1427.8557692307693,1413.5,148497.0,2243.0,843.0,390.91352849768367,0.2737766215058829,3.263337610840926,0.2913683417147015,-0.9162318808551584,281.1302831860689,151.89705657958984,29237.54945135117,1651.784423828125,0.0,336.7389833662107,1.1978040200789632,2.5457092336992897,1.7537442863960349,2.9645958064162112,1,4,0.0,0.048076923076923,1,4,0.4711538461538461,0.2403846153846154,21,INT,DAPI,2.0,0.39,14.1,False,3
260326,260326/2D-405-03,2D-405-03,2,147,0.4129240736018936,2.515163008215844,725.0870702771246,1024.2402773700817,514.4660170662473,1.990880336879843,0.9423076923076924,0.8646990197868848,1796.530612244898,1773.0,264090.0,3192.0,832.0,664.6032631157804,0.3699370656898016,3.3012855065088624,0.3155713201889357,-1.0206158804024077,462.1196673484076,228.1442108154297,67931.59110021591,2939.24755859375,0.0,631.5958296644221,1.3667365279830013,2.3825042006451858,2.032577836844557,4.060269441123905,1,2,0.0476190476190476,0.1156462585034013,2,8,0.5034013605442177,0.2176870748299319,21,INT,DAPI,2.0,0.39,14.1,False,3
260326,260326/2D-405-04,2D-405-04,1,140,0.3932610224779939,2.378116148860701,707.612524777484,784.4608225602782,644.5995296954434,1.2169739294270283,0.9271523178807948,0.5699054307035581,1565.2857142857142,1493.0,219140.0,2708.0,827.0,508.99564365726746,0.3251774669709658,3.3054449711784546,0.282283150842804,-1.1394612194238032,331.1852275831359,185.2837448120117,46365.93186163902,2571.412841796875,0.0,461.41356035986325,1.3932190264858255,2.212102411117431,2.3958825565830293,7.15167074601618,2,4,0.0,0.0642857142857142,2,6,0.4928571428571429,0.2142857142857142,21,INT,DAPI,2.0,0.39,14.1,False,4
260326,260326/2D-405-04,2D-405-04,2,149,0.4185420882087221,2.493209660870718,730.0029711195548,881.3257423174828,609.1715896054271,1.44676107250559,0.9197530864197532,0.7226643464013606,1703.0,1601.0,253747.0,3073.0,830.0,604.8994108918419,0.3551963657615043,3.253198144428461,0.3426510812889384,-0.9482705377930642,394.78738512448814,182.82891845703125,58823.32038354874,2634.55859375,0.0,556.1266968932616,1.408673928924802,2.369912747165308,2.105851630198832,4.318812100376069,1,4,0.0335570469798657,0.1006711409395973,1,6,0.5033557046979866,0.1946308724832214,21,INT,DAPI,2.0,0.39,14.1,False,4
260326,260326/2D-405-05,2D-405-05,1,105,0.2949457668584954,2.153255900125055,612.8104224933467,734.4923767131775,544.0105625602354,1.350143595110529,0.875,0.6718778628474764,1677.695238095238,1661.0,176158.0,2977.0,705.0,677.4518592577052,0.4037991190979635,3.292149271411146,0.2220001940067965,-1.2512514560442904,268.84566360541754,112.06526184082033,28228.79467856884,2977.0,0.0,419.61437140727713,1.5608002218817318,1.883086612706839,3.403972398434092,17.154556314921134,1,3,0.1333333333333333,0.1523809523809524,1,3,0.5428571428571428,0.2476190476190476,21,INT,DAPI,2.0,0.39,14.1,False,5
260326,260326/2D-405-05,2D-405-05,2,124,0.348316905623366,2.2282093163702705,665.9510930537281,781.6921156306719,570.9407060931575,1.3691301168200944,0.9117647058823528,0.6830295186668413,1180.266129032258,1152.5,146353.0,1839.0,695.0,314.619297855786,0.2665664040649488,3.289188848573767,0.1465734815132989,-1.1323804502883923,135.37494808711833,93.12519454956056,16786.493562802672,809.639404296875,0.0,172.9301581431176,1.277416247146638,2.334468102944162,1.8831155293884896,3.9626369902609024,1,4,0.0,0.0241935483870967,2,7,0.4677419354838709,0.2258064516129032,21,INT,DAPI,2.0,0.39,14.1,False,5
260326,260326/2D-405-05,2D-405-05,3,145,0.4073060589950651,2.524256382425682,720.1376126288294,934.7260950934328,558.1671773716598,1.674634648878751,0.9294871794871796,0.8021331811528474,1329.6275862068965,1294.0,192796.0,2285.0,697.0,435.1980702448341,0.3273082438717657,3.3091050459306617,0.3099079008907644,-1.0313300457982957,175.21612035652686,96.90131378173828,25406.3374516964,1249.653076171875,0.0,225.2247681020129,1.2854112261116688,2.308248030450669,1.970711375403818,4.736866637120014,1,2,0.0,0.0758620689655172,2,6,0.4689655172413793,0.2413793103448276,21,INT,DAPI,2.0,0.39,14.1,False,5
260326,260326/2D-405-05,2D-405-05,4,99,0.27809172303801,1.9283956513894096,595.0440142002377,718.6687537187142,502.3516999025556,1.4306087823692426,0.9339622641509434,0.7151186199167459,1746.1515151515152,1661.0,172869.0,3239.0,707.0,704.2097519688925,0.4032924668096672,3.192652364009394,0.2073202385073226,-1.1570319606136998,321.3659556851243,110.38673400878906,31815.2296128273,2666.635009765625,0.0,476.8811846451937,1.4839194264635918,2.056427058789105,2.453628350005139,7.666775358657768,1,2,0.1313131313131313,0.1414141414141414,1,3,0.5959595959595959,0.2323232323232323,21,INT,DAPI,2.0,0.39,14.1,False,5
260326,260326/2D-405-05,2D-405-05,5,64,0.1797764674185115,1.5846752917182978,478.4333888119028,644.3983990597474,362.6109040977235,1.7771070637359605,0.9142857142857144,0.8266528107030636,1017.265625,999.5,65105.0,1538.0,727.0,204.58965839800575,0.2011172434908589,3.1393181066653986,0.5900027489006302,-0.4395990929523425,150.29049311485142,91.74969482421876,9618.59155935049,893.94140625,0.0,179.47436363272325,1.194183077804992,2.476492221976792,1.9066683727916711,4.337386134033351,1,1,0.0,0.015625,1,2,0.453125,0.25,21,INT,DAPI,2.0,0.39,14.1,False,5
260326,260326/2D-405-05,2D-405-05,6,38,0.1067422775297412,1.2666748783177604,368.6576851849993,470.143084300003,301.853348877944,1.5575215118455017,0.8636363636363636,0.7666663618036166,978.1842105263158,944.0,37171.0,1335.0,693.0,187.0605994111603,0.1912324870900457,2.9898624642904053,0.2916890632795212,-1.1254928023355328,162.08424337286698,124.74278259277344,6159.201248168945,460.1893615722656,0.0,136.9576650566016,0.8449782792367861,2.989862464290406,0.864574639607622,-0.4048005885648047,1,0,0.0,0.0,1,0,0.3947368421052631,0.2894736842105263,21,INT,DAPI,2.0,0.39,14.1,False,5
260326,260326/2D-405-06,2D-405-06,1,194,0.544947416862363,3.19507052970717,832.9757505176474,991.2247292024952,713.4017603716029,1.3894340948726809,0.8660714285714286,0.6942670628541916,810.4020618556701,723.0,157218.0,1747.0,397.0,325.1921921894985,0.4012726614303877,3.141928316991029,0.7715795318679609,-0.3814199854133906,136.83714451064768,50.35117149353027,26546.40603506565,1584.0,0.0,239.1266110632159,1.747527046975237,1.8251991503486151,3.4046653206852744,14.570909342381857,1,4,0.0103092783505154,0.134020618556701,2,14,0.5567010309278351,0.2010309278350515,21,INT,DAPI,2.0,0.39,14.1,False,6
260326,260326/2D-405-06,2D-405-06,2,112,0.3146088179823951,2.0873958580896783,632.9078828530835,667.0599007518739,609.0074400872852,1.095323072992784,0.9032258064516128,0.4080207771863638,736.5535714285714,697.0,82494.0,1273.0,394.0,245.56530990465944,0.3333977587378701,3.268415091871415,0.4879913104594089,-0.9927867976163304,119.89265845609565,57.94017791748047,13427.97774708271,787.547119140625,0.0,168.2586277660681,1.4034106002218971,2.2957013738156604,2.0428043747198354,4.0518255728586725,1,4,0.0,0.1160714285714285,2,5,0.5089285714285714,0.2053571428571428,21,INT,DAPI,2.0,0.39,14.1,False,6
260326,260326/2D-405-07,2D-405-07,1,110,0.3089908033755666,2.122209178570091,627.2314643074426,681.6846351739449,596.4554083534545,1.142892872839849,0.8943089430894309,0.4841723560356334,925.2,931.0,101772.0,1729.0,410.0,349.7461412263934,0.3780222019308186,3.2359875260346485,0.2661422962454173,-0.9295079404057472,186.59195895628497,48.73710441589356,20525.115485191345,1729.0,0.0,328.14631523731225,1.7586305276648648,1.8488618560225023,2.871508771619404,8.955034100216487,1,3,0.1,0.109090909090909,1,7,0.5818181818181818,0.2181818181818181,21,INT,DAPI,2.0,0.39,14.1,False,7
260326,260326/2D-405-07,2D-405-07,2,102,0.2865187449482527,1.8973489298344457,603.9925466228896,642.0384046096007,575.308832971738,1.1159891310779524,0.9532710280373832,0.4439207022891526,892.5,882.0,91035.0,1475.0,396.0,305.4329097792797,0.342221747651854,3.316870385356872,0.1359562793577613,-1.0679300404009815,146.478608634542,66.0108413696289,14940.818080723286,949.2146606445312,0.0,197.77175569654773,1.3501750019347871,2.247943326818394,1.783932647903532,3.0878592984934983,1,3,0.0784313725490196,0.0980392156862745,1,4,0.5098039215686274,0.2352941176470588,21,INT,DAPI,2.0,0.39,14.1,False,7
260326,260326/2D-405-07,2D-405-07,3,119,0.3342718691062948,2.855116768961507,652.386513072328,878.2972510097393,528.3903783396637,1.6622128013942488,0.8321678321678322,0.7987917062893529,594.6302521008404,580.0,70761.0,974.0,421.0,126.0014033783979,0.2118987436869087,3.077384937076061,0.6445587182407758,-0.3287462779095977,86.49158549509129,62.31817626953125,10292.498673915865,552.4509887695312,0.0,105.80973333260155,1.2233529160892378,2.3502133443769706,1.9858905355141632,4.780217538590364,1,2,0.0,0.0084033613445378,2,5,0.4117647058823529,0.2521008403361344,21,INT,DAPI,2.0,0.39,14.1,False,7
260326,260326/2D-405-08,2D-405-08,1,276,0.7752860157423308,3.450977499997779,993.5415510804283,1133.7355716536772,874.9655577159989,1.2957488002306845,0.9324324324324323,0.6359205555358631,1341.195652173913,1291.0,370170.0,2422.0,673.0,441.95829270432137,0.3295255930691106,3.291926214875703,0.3553525550584263,-0.931711837174328,215.86095512258836,62.530792236328125,59577.62361383438,2387.696044921875,0.0,346.1485696071605,1.6035719355109,1.892165289795439,2.7048431046656507,9.321518209176604,1,5,0.0,0.1014492753623188,3,20,0.5471014492753623,0.217391304347826,21,INT,DAPI,2.0,0.39,14.1,False,8
260326,260326/2D-405-08,2D-405-08,2,208,0.5842735191101623,3.0580236703520267,862.5080576276574,1191.9571955546587,633.1289525396852,1.8826452190716163,0.9203539823008848,0.847266818194463,1572.4326923076924,1480.5,327066.0,3161.0,683.0,651.9655493761866,0.4146222299788018,3.276905061680952,0.4775514274929913,-0.8715574017792815,391.4497410609172,144.77613830566406,81421.54614067078,3161.0,0.0,583.1590319965649,1.489741774808874,2.1958557257107763,2.213899113970908,5.067759962996416,1,4,0.0913461538461538,0.1682692307692307,2,13,0.5480769230769231,0.2019230769230769,21,INT,DAPI,2.0,0.39,14.1,False,8
260326,260326/2D-405-08,2D-405-08,3,181,0.5084303219179779,2.820303448481094,804.5828680803478,1114.077288360838,585.4257681833861,1.903020585885537,0.9329896907216496,0.8508057119764145,1055.8839779005525,1066.0,191115.0,1620.0,675.0,236.9853085406106,0.2244425651877169,3.260223331241767,0.1855999546438527,-0.8180218130592127,171.2236251317335,92.93824005126952,30991.476148843765,1274.20263671875,0.0,239.41221522628533,1.3982428829087683,2.301549309377833,2.206283169638532,5.335990529962551,1,2,0.0,0.0220994475138121,2,9,0.4806629834254143,0.2209944751381215,21,INT,DAPI,2.0,0.39,14.1,False,8
260326,260326/2D-405-09,2D-405-09,1,208,0.5842735191101623,3.282883919087672,862.5080576276574,1323.5848399361328,592.524115169851,2.23380754647719,0.8702928870292888,0.894200776018849,1765.4278846153843,1699.5,367209.0,3303.0,849.0,611.5430587036726,0.3463993426369285,3.281614003081095,0.3526359459093223,-0.9367556891034234,326.9504997684405,130.2664337158203,68005.70395183563,3091.677490234375,0.0,498.8280212808866,1.525698910490049,2.044594846560944,2.519643753472463,7.447854497917344,1,4,0.0336538461538461,0.1057692307692307,2,12,0.5528846153846154,0.2211538461538461,21,INT,DAPI,2.0,0.39,14.1,False,9
260326,260326/2D-405-09,2D-405-09,2,50,0.1404503651707121,1.3105815730080117,422.87936696869576,517.0951889765333,347.74952934735654,1.4869759563643363,0.9433962264150944,0.740091824280692,1320.64,1310.0,66032.0,2165.0,863.0,306.5057019145361,0.232088761444857,2.9105801653250123,0.6346030637041302,-0.0578495194287675,309.6696858406067,201.65251922607425,15483.484292030334,2165.0,0.0,399.34658036371206,1.2895888704109832,2.271061118300748,2.723388292931411,9.35046956962976,1,1,0.0,0.02,1,1,0.46,0.16,21,INT,DAPI,2.0,0.39,14.1,False,9
260326,260326/2D-405-10,2D-405-10,1,103,0.2893277522516669,1.9723023460796607,606.9460730214508,742.7290788323614,502.46121226718986,1.4781819187217304,0.944954128440367,0.7364364596312629,1696.1553398058252,1661.0,174704.0,2988.0,782.0,603.091281051244,0.3555637074610663,3.322977331132352,0.229318657590914,-1.1137918991034024,348.7405389466332,206.1195068359375,35920.27551150322,2988.0,0.0,491.8234341386572,1.4102846649953693,2.120972795026506,2.418739639026452,7.95646919640507,1,2,0.058252427184466,0.1067961165048543,1,4,0.4854368932038835,0.203883495145631,21,INT,DAPI,2.0,0.39,14.1,False,10
260326,260326/2D-405-10,2D-405-10,2,94,0.2640466865209387,2.0071156665600736,579.822975514724,729.0859361892531,477.51204882108107,1.5268430147245022,0.903846153846154,0.755675526442078,1534.063829787234,1523.5,144202.0,2543.0,778.0,516.2892581029425,0.3365500496641974,3.3299529022318928,0.2549916615377476,-1.2325214654057408,274.2553942152794,89.79800796508789,25780.007056236267,1716.64404296875,0.0,407.6345645117276,1.4863319851122088,2.2045212565895875,1.9750937915369815,3.5622887788153177,1,2,0.0,0.0851063829787234,1,6,0.5851063829787234,0.202127659574468,21,INT,DAPI,2.0,0.39,14.1,False,10
260326,260326/2D-405-10,2D-405-10,3,54,0.151686394384369,1.3855349892532267,439.4691294374071,498.1397573236388,389.7824029868484,1.277994474626004,0.9152542372881356,0.6226807488336544,1327.3703703703704,1308.5,71678.0,2173.0,782.0,363.7993587750578,0.2740752444802188,3.064285915692557,0.3898390060356573,-0.7198427151403202,313.79649537580985,204.6832275390625,16945.01075029373,1641.6083984375,0.0,355.03521873846626,1.1314186868571237,2.597508692741191,2.084884228554328,5.405042063574648,1,0,0.0,0.037037037037037,1,1,0.4074074074074074,0.2037037037037037,21,INT,DAPI,2.0,0.39,14.1,False,10
260326,260326/2D-405-11,2D-405-11,1,508,1.426975710134435,5.0814427858690525,1347.9176174825016,1644.7107294782772,1127.1915796310536,1.4591226187269917,0.918625678119349,0.7282200746925057,2362.433070866142,2373.0,1200116.0,3948.0,1089.0,774.9567713647274,0.3280333233231466,3.39727364460808,0.0265900309153431,-1.221320147024351,324.60666925043574,121.84833908081056,164900.18797922134,3751.0,0.0,512.6860428530847,1.579406991350337,1.9086526322712236,2.5934731546900256,8.295255755395926,2,6,0.0511811023622047,0.0590551181102362,5,33,0.5354330708661418,0.2145669291338582,21,INT,DAPI,2.0,0.39,14.1,False,11
260326,260326/2D-405-11,2D-405-11,2,105,0.2949457668584954,2.100255831224965,612.8104224933467,705.2906286496775,539.8493430354523,1.3064582512668916,0.8974358974358975,0.6435212942588371,1685.6666666666667,1630.0,176995.0,2583.0,1096.0,375.1361718574969,0.222544693607374,3.2343366279994847,0.3860129933963942,-0.862473350315708,279.9879104023888,202.9751434326172,29398.730592250824,1582.7337646484375,0.0,325.9732858160501,1.16424057505759,2.550720006132482,1.848351721848848,3.67171366558693,1,2,0.0,0.0095238095238095,1,3,0.4285714285714285,0.219047619047619,21,INT,DAPI,2.0,0.39,14.1,False,11
260326,260326/2D-405-11,2D-405-11,3,54,0.151686394384369,1.5865585911810225,439.4691294374071,744.2053553959099,263.7816551844352,2.821293068600863,0.8571428571428571,0.9350759535059328,1349.074074074074,1299.0,72850.0,1860.0,1092.0,174.86338083393463,0.1296173310230949,2.890425234374028,0.7314468604872404,-0.0792936656749021,270.73849511808817,234.7320556640625,14619.878736376762,1305.8714599609375,0.0,259.63114629302413,0.9589738843003492,2.6242219314222552,1.4039778734951651,3.2692978427858943,1,2,0.0,0.0,1,2,0.3703703703703703,0.2592592592592592,21,INT,DAPI,2.0,0.39,14.1,False,11
260326,260326/2D-405-12,2D-405-12,1,129,0.3623619421404372,2.2774427863449107,679.2448411583556,721.0927907973191,644.6793630400307,1.1185293529436953,0.9280575539568344,0.4480049516073157,968.7674418604652,923.0,124971.0,1616.0,510.0,302.3335934761237,0.3120806711830741,3.292486860485989,0.2074750253825519,-1.1537202569087277,186.68004178723623,74.6529769897461,24081.725390553474,999.0276489257812,0.0,245.39587253405884,1.3145265566939526,2.407810871119757,1.4655686015436906,1.43199484229652,1,3,0.0,0.0620155038759689,2,5,0.5348837209302325,0.2713178294573643,21,INT,DAPI,2.0,0.39,14.1,False,12
260326,260326/2D-405-12,2D-405-12,2,130,0.3651709494438515,2.303162732615485,681.8724905877906,814.5009008192671,574.3354797480945,1.418162258017753,0.9027777777777778,0.7090701648662944,1044.4076923076923,1004.5,135773.0,1893.0,510.0,364.6092034743489,0.3491062026446005,3.2734973002554963,0.3489457460214219,-0.959713289773492,230.1372435239645,93.6773452758789,29917.841658115387,1823.1346435546875,0.0,363.7343452412114,1.5805105669623405,2.128552203277108,2.665296838445772,7.609319448268202,1,4,0.0307692307692307,0.1,1,5,0.5615384615384615,0.2,21,INT,DAPI,2.0,0.39,14.1,False,12
260326,260326/2D-405-13,2D-405-13,1,136,0.3820249932643369,2.3652561757254134,697.4305187625058,890.0016205629536,549.749174092508,1.6189230698383736,0.9315068493150684,0.7864180886589752,1689.1323529411766,1631.5,229722.0,3081.0,781.0,645.1285925080826,0.3819289775515589,3.289978396446522,0.4310331859476453,-0.9438349793074376,384.76897603098087,191.6612243652344,52328.580740213394,3081.0,0.0,534.9065846669046,1.390201960107706,2.1672061131771905,2.1473664050419536,5.31176241721213,1,2,0.0441176470588235,0.1470588235294117,2,5,0.5,0.2205882352941176,21,INT,DAPI,2.0,0.39,14.1,False,13
260326,260326/2D-405-13,2D-405-13,2,81,0.2275295915765536,1.8223955135892305,538.2375624133907,619.2059537423211,472.9868923099748,1.309139774927464,0.8901098901098901,0.6453815358443208,1302.6049382716049,1283.0,105511.0,2211.0,783.0,386.2057314117809,0.2964872311356565,3.121384613091449,0.4271834675156282,-0.8189277975481177,261.84759238914205,147.48928833007812,21209.654983520508,1507.3572998046875,0.0,310.31885412986986,1.1851124973060387,2.540656028808094,1.9144889224244075,3.97728855328204,1,2,0.0,0.0493827160493827,1,3,0.3950617283950617,0.2345679012345679,21,INT,DAPI,2.0,0.39,14.1,False,13
260326,260326/2D-405-14,2D-405-14,1,113,0.3174178252858093,2.140395926989768,635.7270855939122,724.0499530063021,580.7174718014056,1.2468196466696175,0.9112903225806452,0.5972694927862404,1305.9469026548672,1292.0,147572.0,2104.0,651.0,414.26097797135697,0.3172111952861202,3.233053957123206,0.0455585601232985,-1.3604192966357207,247.67821198860105,133.09030151367188,27987.637954711918,1900.0,0.0,345.5811452726876,1.3952827844566014,2.183395290612719,2.136478876633124,5.329459017647178,1,2,0.0088495575221238,0.0265486725663716,2,5,0.4867256637168141,0.1946902654867256,21,INT,DAPI,2.0,0.39,14.1,False,14
260326,260326/2D-405-14,2D-405-14,2,128,0.359552934837023,2.429232918298066,676.6069871499132,752.205558647681,642.4327618066906,1.1708704838344175,0.8888888888888888,0.5201655948067941,1361.5625,1318.0,174280.0,2309.0,674.0,465.4789041795777,0.3418711254015719,3.240988898636177,0.1225413461021969,-1.2495208067068897,274.4109215587377,124.23627090454102,35124.59795951843,2276.213134765625,0.0,386.4421017259579,1.4082606462266476,2.148392067743124,2.281173472533193,6.65134663050846,1,2,0.0234375,0.0703125,1,8,0.5234375,0.265625,21,INT,DAPI,2.0,0.39,14.1,False,14
260326,260326/2D-405-14,2D-405-14,3,126,0.3539349202301945,2.3342094541704497,671.3001837477544,854.9610073506518,531.3696712282215,1.6089759232484475,0.9264705882352942,0.7834035794092277,1203.2460317460318,1146.5,151609.0,2092.0,651.0,362.805042666343,0.3015219108097752,3.175743749515845,0.4103671625563043,-0.8415104443170751,271.12364407948087,158.3683624267578,34161.57915401459,1882.1907958984373,0.0,339.8673966226776,1.2535513004651273,2.2974511776778765,1.878381055793122,4.442307748359018,1,2,0.0,0.0793650793650793,1,5,0.4761904761904761,0.2698412698412698,21,INT,DAPI,2.0,0.39,14.1,False,14
260326,260326/2D-405-15,2D-405-15,1,85,0.2387656207902105,1.747442097344015,551.3672372505789,627.8678869224652,487.5824378514445,1.2877163699521157,0.9239130434782608,0.6300327994876441,1664.4235294117648,1577.0,141476.0,3353.0,724.0,700.0475558075728,0.4205946043402675,3.164127676679216,0.4897876764189634,-0.920320353292002,430.8852689406451,208.4835662841797,36625.247859954834,3353.0,0.0,598.1305083850542,1.3881433214358676,2.256306761628896,2.421350682659684,7.178097485811419,1,2,0.0823529411764705,0.1411764705882353,1,1,0.5176470588235295,0.2235294117647059,21,INT,DAPI,2.0,0.39,14.1,False,15
260326,260326/2D-405-15,2D-405-15,2,75,0.2106755477560681,1.6724886810988,517.9193359122318,591.8254310516445,456.42975208995415,1.2966407828186588,0.9146341463414634,0.6365643141185289,1458.48,1349.0,109386.0,2532.0,733.0,528.5311967575291,0.3623849464905443,3.1547241293510737,0.3786066059723822,-1.0004296025678203,311.6000779469808,179.77696228027344,23370.00584602356,1564.4359130859375,0.0,381.7375121336536,1.2250879866551472,2.580116814107024,1.7447138707113552,2.400064380612111,1,1,0.0,0.1333333333333333,1,1,0.44,0.2,21,INT,DAPI,2.0,0.39,14.1,False,15
260326,260326/2D-405-15,2D-405-15,3,58,0.162922423598026,1.4476284323631543,455.4550169326275,481.23171116751496,442.26566157405006,1.0881055279190848,0.9508196721311476,0.3941910720243967,1038.7413793103449,1029.0,60247.0,1543.0,720.0,203.91265418903015,0.1963074334483667,3.1207602227349502,0.2763258731499408,-0.909209208221343,128.3608923287227,88.02306365966797,7444.931755065918,673.2254028320312,0.0,143.44991921541674,1.1175515892180945,2.5486233583814624,1.8612212497378335,3.721149798813285,1,0,0.0,0.0,1,1,0.4310344827586206,0.2241379310344827,21,INT,DAPI,2.0,0.39,14.1,False,15
260326,260326/3D-405-01,3D-405-01,1,241,0.6769707601228324,3.385117457962402,928.4104385549592,1210.661294368052,735.9777940900818,1.644969867419492,0.9198473282442748,0.7940029756141848,1205.4730290456432,1205.0,290519.0,2056.0,569.0,387.3886510700461,0.3213582068913947,3.352929091052192,0.1696707502638488,-1.048557857305576,184.11761917266608,58.10491943359375,44372.346220612526,2056.0,0.0,303.5210471682869,1.6485171192858186,1.8611803237656692,2.807092053133987,9.80194371584723,1,2,0.0248962655601659,0.0705394190871369,3,13,0.5726141078838174,0.2406639004149377,24,INT,DAPI,3.0,0.47,14.1,False,1
260326,260326/3D-405-01,3D-405-01,2,117,0.3286538544994663,2.215349343234983,646.8810432207431,745.6391968468926,581.5747653006836,1.282103766076207,0.9069767441860463,0.625819310775354,1076.8290598290598,1034.0,125989.0,1850.0,587.0,327.66336516672766,0.3042854036821241,3.201170127905651,0.3739348097437506,-0.7876381010259808,145.53847432531353,62.88184356689453,17028.001496061683,1044.362548828125,0.0,217.45601740256905,1.4941479798427904,2.23530486903058,2.350935215370244,5.967841011737553,1,3,0.0,0.0598290598290598,1,4,0.5384615384615384,0.2307692307692307,24,INT,DAPI,3.0,0.47,14.1,False,1
260326,260326/3D-405-02,3D-405-02,1,119,0.3342718691062948,2.3633728762626887,652.386513072328,783.7424577401441,563.7510992224721,1.3902278129853494,0.8947368421052632,0.6946927795944693,1021.6218487394958,1006.0,121573.0,1720.0,486.0,325.1299346935642,0.3182488071243955,3.331721915044544,0.152829674156908,-1.0237289984167723,186.89285767178572,81.29595184326172,22240.250062942505,1527.44580078125,0.0,294.1607442827435,1.5739539110656524,2.077505362605714,2.4341093619256977,6.312877787333003,2,3,0.0252100840336134,0.0672268907563025,2,4,0.5378151260504201,0.1848739495798319,24,INT,DAPI,3.0,0.47,14.1,False,2
260326,260326/3D-405-02,3D-405-02,2,107,0.3005637814653239,2.1623492743348938,618.619181950243,665.5023594920433,592.9848027222281,1.1222924372376952,0.8991596638655462,0.4539378298391703,1024.4485981308412,1017.0,109616.0,1615.0,484.0,324.5449712607757,0.3167996635974949,3.291149007636533,-0.0105070216736534,-1.1998702872611828,161.24966596442962,53.19136428833008,17253.71425819397,1116.149658203125,0.0,240.16351584695155,1.48938923011431,2.14158689101098,2.054711449093943,3.951230701960405,1,3,0.0467289719626168,0.0467289719626168,1,3,0.5607476635514018,0.2242990654205607,24,INT,DAPI,3.0,0.47,14.1,False,2
260326,260326/3D-405-02,3D-405-02,3,129,0.3623619421404372,2.374349549935252,679.2448411583556,904.8886641313562,515.095474978713,1.756739688246634,0.9148936170212766,0.8221739687513553,959.7364341085272,934.0,123806.0,1607.0,482.0,312.61864046360074,0.325733846661749,3.291035279012078,0.193114059140611,-1.1125046123540427,178.8826099772786,86.73394012451172,23075.85668706894,1426.0,0.0,247.60358129652752,1.3841679821642685,2.205264805639336,2.277162084675356,6.50185825856542,2,2,0.0,0.0542635658914728,2,4,0.5038759689922481,0.2558139534883721,24,INT,DAPI,3.0,0.47,14.1,False,2
260326,260326/3D-405-03,3D-405-03,1,111,0.3117998106789809,2.0654425107445524,630.0760660407722,665.9284593736454,599.5831772937722,1.1106523408133693,0.9327731092436976,0.4351214754631656,1218.2072072072071,1094.0,135221.0,2492.0,507.0,548.3976512965606,0.4501677941585865,3.2167732359066328,0.5684926592733555,-0.7406183603692051,284.1392773593868,108.39356994628906,31539.459786891937,2435.0,0.0,457.33324024055366,1.6095389714886428,2.014250333578768,2.591102122217532,7.293196278743938,1,3,0.1441441441441441,0.1531531531531531,1,3,0.5855855855855856,0.2252252252252252,24,INT,DAPI,3.0,0.47,14.1,False,3
260326,260326/3D-405-03,3D-405-03,2,73,0.2050575331492397,1.8314888877990687,510.9670832367321,774.2305992886013,350.8277840626084,2.2068679690159114,0.9125,0.8914440059772345,683.2602739726027,671.0,49878.0,1091.0,508.0,128.2195412604296,0.1876584167771635,2.984629142311602,0.7507928729821557,0.2687085375470359,96.06409190370611,71.2999267578125,7012.678708970547,1043.256591796875,0.0,144.54240673140632,1.504645532654329,1.8862342821078888,4.325418101098511,25.65002660448199,1,1,0.0,0.0136986301369863,1,3,0.410958904109589,0.2054794520547945,24,INT,DAPI,3.0,0.47,14.1,False,3
260326,260326/3D-405-04,3D-405-04,1,97,0.2724737084311815,2.091162457015127,589.0028017549823,694.8259704631611,506.5710495190583,1.3716258975376368,0.8818181818181818,0.6844479092330481,810.1546391752578,710.0,78585.0,1595.0,374.0,347.64560319521115,0.4291101801862376,3.1862965347754337,0.6256556447806739,-0.7277445270972573,211.95180702470628,95.4812240600586,20559.32528139651,1595.0,0.0,312.1176456921396,1.4725878022627918,2.212914086971419,2.380734606661408,5.691344658252071,1,4,0.0515463917525773,0.1546391752577319,1,3,0.5154639175257731,0.1958762886597938,24,INT,DAPI,3.0,0.47,14.1,False,4
260326,260326/3D-405-04,3D-405-04,2,66,0.1853944820253399,1.6944420284439257,485.85140309600337,540.7541437327538,450.0075159496255,1.2016558047739063,0.88,0.5544980044928487,574.8181818181819,564.0,37938.0,907.0,359.0,124.32017091005343,0.2162773809917108,3.0869865613167367,0.4417341790928065,-0.3365009275730437,108.07444318903217,61.177961349487305,7132.913250476122,656.3923950195312,0.0,137.18371331727326,1.269344622736814,2.320720244769299,1.9662804068543984,4.257403147359699,1,1,0.0,0.0151515151515151,1,2,0.4848484848484848,0.2272727272727272,24,INT,DAPI,3.0,0.47,14.1,False,4
260326,260326/3D-405-05,3D-405-05,1,108,0.3033727887687381,2.129419253317205,621.5032030946782,712.7193107146777,556.9108947684333,1.279772612476957,0.8780487804878049,0.6240444904498208,468.537037037037,448.5,50602.0,871.0,249.0,152.5209607734325,0.325525942917883,3.136297250915663,0.4126184420097645,-0.7685072688246013,87.74515205952856,44.06886863708496,9476.476422429085,712.9266967773438,0.0,123.9954946399706,1.41313214154383,2.181801164029989,2.3685108906592074,7.038785363475977,1,3,0.0,0.074074074074074,1,4,0.5,0.2129629629629629,24,INT,DAPI,3.0,0.47,14.1,False,5
260326,260326/3D-405-05,3D-405-05,2,96,0.2696647011277672,1.9412556245246968,585.9588392498761,641.592694833929,541.2634381289587,1.1853612301096652,0.9230769230769232,0.5369333132095399,529.1666666666666,498.5,50800.0,1030.0,248.0,201.09597952832408,0.3800238983212424,3.119964534632205,0.4131974365683674,-0.9392312367421396,122.08478036957484,44.632673263549805,11720.138915479183,1030.0,0.0,185.44323162675752,1.518970923856226,2.084533912426756,2.2752480871196163,6.161889626093409,1,2,0.0520833333333333,0.1145833333333333,1,4,0.5729166666666666,0.21875,24,INT,DAPI,3.0,0.47,14.1,False,5
260326,260326/3D-405-06,3D-405-06,1,337,0.9466354612505996,4.249745132424572,1097.8586902297009,1566.303458144902,783.0462096497449,2.000269510078475,0.9010695187165776,0.866064295478618,761.186943620178,757.0,256520.0,1530.0,339.0,275.28045884061544,0.3616463224282216,3.2351794502614704,0.2498176880372123,-0.8302015009299426,63.349765635938425,18.35316276550293,21348.87101931125,955.2742309570312,0.0,108.3442871404359,1.7102555321684096,1.6546794294486942,3.5387847415037443,19.473964673410546,3,8,0.0801186943620178,0.1068249258160237,5,24,0.5756676557863502,0.2403560830860534,24,INT,DAPI,3.0,0.47,14.1,False,6
260326,260326/3D-405-06,3D-405-06,2,157,0.441014146636036,3.270023945952385,749.3441474280244,930.730944409534,648.6588057808343,1.4348544043723424,0.8263157894736842,0.7171344733187762,503.5031847133758,483.0,79050.0,847.0,338.0,119.53261673765684,0.2374019080052134,3.1665975869858505,0.6748652307138792,-0.1831659419495954,36.27506816007529,17.27168083190918,5695.185701131821,309.6502380371094,0.0,53.02579573536037,1.4617697064376876,2.144319799928446,2.3446081261816776,6.414416959233531,2,3,0.0,0.0382165605095541,3,9,0.5095541401273885,0.2229299363057325,24,INT,DAPI,3.0,0.47,14.1,False,6
260326,260326/3D-405-07,3D-405-07,1,193,0.5421384095589488,3.2207904759777435,830.8261320940026,1204.9475528103223,581.5865023121473,2.071828606784974,0.9061032863849764,0.8758048320413514,855.5336787564767,823.0,165118.0,1615.0,398.0,327.110168998026,0.3823463378712134,3.299700935370361,0.4939582555401489,-0.7358796002543344,170.1431585488542,62.08944320678711,32837.629599928856,1615.0,0.0,256.2050354362969,1.505820378682645,2.035773042055573,2.319374479254714,6.590035672809094,1,5,0.0518134715025906,0.1347150259067357,2,10,0.5647668393782384,0.233160621761658,24,INT,DAPI,3.0,0.47,14.1,False,7
260326,260326/3D-405-07,3D-405-07,2,131,0.3679799567472657,2.396302897280377,684.4900529595396,884.6438485978551,536.9419719333698,1.6475595033342492,0.9225352112676056,0.7947336406928831,876.3816793893129,816.0,114806.0,1684.0,398.0,344.43754503683846,0.3930223019687633,3.3201948410826145,0.5226090901731045,-0.8178931618576395,212.79232762970088,81.48314666748047,27875.79491949081,1550.4493408203125,0.0,335.4154222022003,1.5762571232638,2.1046657979274848,2.268762235919181,4.962189171299771,1,2,0.0610687022900763,0.1450381679389313,2,5,0.5648854961832062,0.1984732824427481,24,INT,DAPI,3.0,0.47,14.1,False,7
260326,260326/3D-405-07,3D-405-07,3,51,0.1432593724741263,1.6194886121987104,427.08722550317714,612.0347986105111,308.6169894059182,1.9831532923338613,0.8793103448275862,0.863559207233465,521.2352941176471,503.0,26583.0,753.0,417.0,71.35981733028585,0.1369051906799299,2.822127705898377,0.7378341614906861,0.5855095659602503,79.43007191489724,72.67007446289062,4050.93366765976,434.1203918457031,0.0,79.81577844051809,1.0048559256755314,2.4837550395653905,2.0053063104729927,6.738667145015166,0,0,0.0,0.0,0,0,0.392156862745098,0.2549019607843137,24,INT,DAPI,3.0,0.47,14.1,False,7
260326,260326/3D-405-08,3D-405-08,1,237,0.6657347309091753,3.666744374523586,920.6735500149792,1430.441246046346,608.894534678203,2.349243037305837,0.8494623655913979,0.9048789304008256,521.831223628692,500.0,123674.0,969.0,249.0,185.91962507238364,0.3562830598359794,3.2981591043546503,0.4703694133505159,-0.7604838053125809,100.06909772414195,28.40595245361328,23716.376160621643,969.0,0.0,160.83676403863583,1.6072570623351738,1.987004960240563,2.513346957104496,7.569193432191582,1,4,0.0379746835443038,0.1265822784810126,3,18,0.5654008438818565,0.2236286919831223,24,INT,DAPI,3.0,0.47,14.1,False,8
260326,260326/3D-405-08,3D-405-08,2,114,0.3202268325892236,2.5023030350805566,638.5338413411511,818.9555050052586,547.8794538730793,1.4947731644541211,0.8444444444444444,0.7432643583979444,431.8333333333333,419.0,49229.0,723.0,249.0,123.31554723063331,0.2855628264700116,3.2358499304572863,0.3255711751568613,-0.8582763280612133,80.19618944013328,31.414936065673828,9142.365596175194,674.0204467773438,0.0,126.614335569194,1.5788073779205185,2.039112168882094,2.5341981244178875,6.795016581754416,1,2,0.0,0.043859649122807,2,4,0.5701754385964912,0.1929824561403508,24,INT,DAPI,3.0,0.47,14.1,False,8
260326,260326/3D-405-09,3D-405-09,1,457,1.283716337660309,5.013699444370952,1278.4672093298684,1709.289276175361,967.387512421628,1.7669126944760285,0.904950495049505,0.8244334424709995,1320.4945295404814,1329.0,603466.0,2207.0,612.0,409.5441149585737,0.3101444995013276,3.3702493288202278,-0.0195152001894736,-1.0346042709252508,144.29635168889973,45.93535232543945,65943.43272182718,1435.5355224609375,0.0,223.82907722638407,1.551176274428306,2.003108141143277,2.2381408241609937,5.6788037544639565,4,5,0.0437636761487965,0.0415754923413566,8,32,0.5645514223194749,0.2188183807439825,24,INT,DAPI,3.0,0.47,14.1,False,9
260326,260326/3D-405-09,3D-405-09,2,321,0.9016913443959718,4.081651551514464,1071.4798536745168,1467.3790763318727,793.5905918087061,1.849037893692145,0.9331395348837208,0.841137195573094,1092.3052959501558,1107.0,350630.0,1732.0,616.0,265.9553773720608,0.2434808092189245,3.3213764044411027,0.0864985212498656,-0.891570753122803,104.88783803907138,32.71054458618164,33668.99601054192,1186.7681884765625,0.0,158.3002066913084,1.5092331928163163,1.889983363364962,2.525701745852827,9.240905861849164,2,7,0.0,0.0062305295950155,5,16,0.5451713395638629,0.2211838006230529,24,INT,DAPI,3.0,0.47,14.1,False,9
260326,260326/3D-405-09,3D-405-09,3,167,0.4691042196701784,2.6832565891259508,772.8402442201116,931.6118370718908,647.2429747834074,1.4393541117748625,0.9175824175824177,0.7192454442151286,1188.6946107784431,1165.0,198512.0,2007.0,613.0,384.0015015121066,0.3230447063780618,3.3222307822081394,0.3099672808735361,-1.068106185135803,152.86502735200756,77.71276092529297,25528.459567785263,815.1013793945312,0.0,195.202354334556,1.2769588814127957,2.541545820569003,1.531863238142212,1.6733839566469122,1,4,0.0,0.0958083832335329,1,8,0.497005988023952,0.2514970059880239,24,INT,DAPI,3.0,0.47,14.1,False,9
260326,260326/3D-405-09,3D-405-09,4,168,0.4719132269735926,2.952023532551848,775.1506835876227,1201.8770987524297,521.7791825263215,2.303420947024463,0.8983957219251337,0.9008469143626378,1229.220238095238,1194.0,206509.0,2253.0,617.0,423.2842425689015,0.3443518333417693,3.2459368117990626,0.2499934283995599,-1.1501526658220234,208.9822020587467,87.23712921142578,35109.009945869446,2253.0,0.0,305.22735826795014,1.460542358445185,1.952678236123087,2.812566987722991,12.32394022107726,2,2,0.0,0.1011904761904761,2,9,0.5476190476190477,0.238095238095238,24,INT,DAPI,3.0,0.47,14.1,False,9
260326,260326/3D-405-10,3D-405-10,1,97,0.2724737084311815,1.9283956513894096,589.0028017549823,789.8170038033777,441.0407080098958,1.790802956414754,0.9509803921568628,0.8295659667024391,1205.6288659793815,1095.0,116946.0,2439.0,497.0,525.0645857016788,0.4355109607260003,3.243647900855977,0.5715808853407967,-0.7210969251957606,313.1154687779466,87.03006744384766,30372.20047146082,2232.0,0.0,481.43803646464266,1.537573465608836,2.132255793940455,2.110167625069075,4.174933115418977,1,2,0.1237113402061855,0.1649484536082474,1,3,0.5876288659793815,0.2268041237113402,24,INT,DAPI,3.0,0.47,14.1,False,10
260326,260326/3D-405-10,3D-405-10,2,73,0.2050575331492397,1.9503489987345357,510.9670832367321,559.617232588337,499.7896271508517,1.119705576481337,0.8295454545454546,0.4498742351266955,682.3561643835617,686.0,49812.0,999.0,493.0,133.143966553232,0.1951238568695482,3.18132900105416,0.3925163478663973,-0.6661687262802234,74.08394112978895,62.97796630859375,5408.127702474594,290.008544921875,0.0,78.8338233345225,1.0641148693265676,2.547333403328427,1.0056236768656193,0.3331051931805824,1,2,0.0,0.0,1,3,0.4520547945205479,0.2876712328767123,24,INT,DAPI,3.0,0.47,14.1,False,10
260326,260326/3D-405-11,3D-405-11,1,162,0.4550591831531072,3.1329770865972417,761.1828605436523,1198.4720386536794,589.2788364237297,2.033794469740468,0.8481675392670157,0.8707693176680994,914.2283950617284,812.5,148105.0,1881.0,426.0,392.3644248930218,0.4291754959837246,3.217363306620777,0.8653515221209149,-0.2330382149754708,214.06234988459835,85.51509094238281,34678.10068130493,1849.0,0.0,322.1055898543896,1.5047278983344698,2.130294945320901,2.5258541647568102,7.266559795350009,1,3,0.0308641975308641,0.1604938271604938,1,7,0.5432098765432098,0.2222222222222222,24,INT,DAPI,3.0,0.47,14.1,False,11
260326,260326/3D-405-11,3D-405-11,2,112,0.3146088179823951,2.2903027594801983,632.9078828530835,928.3261714180454,444.10333296695234,2.090338221999172,0.9256198347107438,0.8781466790380987,706.0535714285714,685.5,79078.0,1274.0,419.0,203.90550890965787,0.2887960873805822,3.200183181518749,0.5114288501537467,-0.6036306098511881,134.82253962329457,59.00686836242676,15100.12443780899,1015.7188720703124,0.0,191.2109864394785,1.4182419866421296,2.180459327103274,2.1801291324360657,5.486769936085324,1,2,0.0,0.0446428571428571,1,5,0.5357142857142857,0.2142857142857142,24,INT,DAPI,3.0,0.47,14.1,False,11
260326,260326/3D-405-12,3D-405-12,1,381,1.0702317826008263,4.198628362987206,1167.330898948442,1219.118233726177,1124.3520153096104,1.0842851857124758,0.927007299270073,0.3865544442319409,1103.8293963254594,1113.0,420559.0,1933.0,541.0,326.3133621099153,0.2956193803102008,3.2882499576551725,0.0566700586776463,-0.9096378422695092,174.0591904178379,57.99798202514648,66316.55154919624,1784.8197021484375,0.0,277.01801010048945,1.591516135605903,1.9757108654997413,2.5370397716381388,7.945451826493841,2,5,0.0104986876640419,0.0446194225721784,7,29,0.5433070866141733,0.2230971128608924,24,INT,DAPI,3.0,0.47,14.1,False,12
260326,260326/3D-405-12,3D-405-12,2,133,0.3735979713540942,2.4712563135255925,689.6953754817175,977.0419549444114,491.1354477510346,1.989353363554592,0.93006993006993,0.8644749480118282,1011.2255639097745,1021.0,134493.0,1625.0,540.0,293.3403137050309,0.290083957698684,3.2801065807580563,0.1938108218446904,-0.9120060673439911,209.09361365773623,95.03292846679688,27809.45061647892,1325.1986083984375,0.0,282.02106043495746,1.3487789296931645,2.3047414047063928,1.8423979449916232,3.210723456088772,1,2,0.0,0.0601503759398496,2,7,0.5338345864661654,0.225563909774436,24,INT,DAPI,3.0,0.47,14.1,False,12
260326,260326/3D-405-13,3D-405-13,1,121,0.3398898837131233,2.3213494810351625,657.8459096163664,732.1040861435689,608.4857520557134,1.2031573190830225,0.9029850746268656,0.5560534940295385,989.8677685950412,990.0,119774.0,1450.0,536.0,249.47908870781,0.252032742779276,3.287402069864136,0.0030402436952198,-1.2091708389795068,130.0929809670803,68.98416137695312,15741.250697016716,862.1654052734375,0.0,172.47880979337265,1.3258118040743332,2.269658736369711,1.7626494205334562,3.160088763936717,2,2,0.0,0.0,2,4,0.4876033057851239,0.2231404958677686,24,INT,DAPI,3.0,0.47,14.1,False,13
260326,260326/3D-405-13,3D-405-13,2,99,0.27809172303801,1.992372393962062,595.0440142002377,659.8821962771356,561.0523052488962,1.1761509401238377,0.9,0.5264097568826825,1141.2424242424242,1011.0,112983.0,2139.0,572.0,426.6295073587446,0.3738289939948108,3.2434910334247378,0.7842529030107185,-0.3613415646730162,192.3323748527151,67.14547729492188,19040.9051104188,1682.9515380859375,0.0,326.0134162407837,1.69505220579967,2.0137911928256225,2.7340112051969507,8.349259015316083,1,1,0.0,0.1414141414141414,1,4,0.5454545454545454,0.202020202020202,24,INT,DAPI,3.0,0.47,14.1,False,13
260326,260326/3D-405-13,3D-405-13,3,90,0.2528106573072818,1.8405822620089076,567.3522064944498,648.6538097105644,507.0501400005626,1.2792695604222584,0.9473684210526316,0.6236595540047298,1104.2555555555557,1089.5,99383.0,1770.0,532.0,380.2291314254069,0.3443307389421392,3.2509722949087827,0.1246792993236479,-1.2644107584401905,190.01027459038627,104.01605224609376,17100.924713134766,938.7581787109376,0.0,243.3151689755688,1.2805369051757558,2.4516693166150474,1.5135448971930223,1.4349688873625022,1,1,0.0111111111111111,0.1,1,2,0.4888888888888889,0.2555555555555555,24,INT,DAPI,3.0,0.47,14.1,False,13
260326,260326/3D-405-13,3D-405-13,4,101,0.2837097376448385,1.9412556245246968,601.0245063188743,758.1496481702575,491.92760063792815,1.541181359181909,0.926605504587156,0.7609138646313927,1253.4059405940593,1177.0,126594.0,2173.0,539.0,493.02521595183794,0.3933483957465254,3.2628052537074463,0.2856860794160776,-1.1315795393021773,266.24288067929814,107.14817810058594,26890.530948609117,1542.68994140625,0.0,351.3583668713491,1.3196911255425323,2.3610744368998624,1.6133786667262735,2.1918006282801983,1,2,0.0891089108910891,0.1386138613861386,1,4,0.5445544554455446,0.2376237623762376,24,INT,DAPI,3.0,0.47,14.1,False,13
260326,260326/3D-405-13,3D-405-13,5,69,0.1938215039355827,1.5846752917182978,496.7707755402142,557.249643286536,455.3825922352341,1.2236955315996818,0.92,0.5763588179533559,1090.5217391304348,1082.0,75246.0,1898.0,531.0,364.5618889077543,0.3343004323769376,3.220566073647148,0.2536915073892122,-0.9595379612694508,211.9692609137383,89.01158905029297,14625.879003047943,1898.0,0.0,327.9925748940212,1.5473591476431057,1.9816854712763976,2.8210607997647115,10.163281340226447,1,1,0.0289855072463768,0.0869565217391304,1,1,0.5362318840579711,0.1884057971014492,24,INT,DAPI,3.0,0.47,14.1,False,13
260326,260326/3D-405-13,3D-405-13,6,149,0.4185420882087221,3.014116975661776,730.0029711195548,1281.3785143299654,450.7424235571002,2.842817643428764,0.8370786516853933,0.9360888378774552,902.6040268456376,871.0,134488.0,1444.0,534.0,229.03047179513467,0.2537441280818739,3.268786181734487,0.3450956972275836,-0.7568742808037476,139.32391005274434,79.85363006591797,20759.262597858906,803.9263916015625,0.0,172.4450491068977,1.2377276021152046,2.4876932737214763,1.623588364828,2.5311851269056334,1,3,0.0,0.0402684563758389,1,7,0.4765100671140939,0.2550335570469799,24,INT,DAPI,3.0,0.47,14.1,False,13
260326,260326/3D-405-14,3D-405-14,1,149,0.4185420882087221,2.409162870415664,730.0029711195548,757.6224452366489,708.3987578603401,1.0694858465378807,0.9430379746835444,0.3545719412998864,1197.711409395973,1066.0,178459.0,2304.0,583.0,446.9921139533825,0.3732051898702447,3.21054167436238,0.5160848681401988,-0.910368320755655,240.35092848739367,105.06248474121094,35812.28834462166,2304.0,0.0,363.5736409400616,1.5126783292585906,2.0481540899098616,2.691705432857809,9.223940391486316,1,4,0.0067114093959731,0.1208053691275167,1,7,0.5302013422818792,0.2080536912751678,24,INT,DAPI,3.0,0.47,14.1,False,14
260326,260326/3D-405-14,3D-405-14,2,76,0.2134845550594824,1.703535402653764,521.3606982616968,589.0162521649299,465.93402438602914,1.2641623520434868,0.9156626506024096,0.6117674856758333,1064.8026315789473,977.0,80925.0,1865.0,584.0,352.6886453039221,0.3312244305603717,3.176976237318337,0.5463524462241244,-0.754708515135861,265.4721738601985,124.68816375732422,20175.88521337509,1483.10302734375,0.0,331.60410290901734,1.2491105869485395,2.42173337330491,1.7717060647507112,3.013007197681865,1,1,0.0,0.1184210526315789,1,1,0.5131578947368421,0.25,24,INT,DAPI,3.0,0.47,14.1,False,14
260326,260326/3D-405-15,3D-405-15,1,124,0.348316905623366,2.215349343234984,665.9510930537281,748.0793231061858,599.3942568083338,1.2480588771230028,0.9323308270676692,0.5983374052336979,900.8870967741937,889.0,111710.0,1377.0,572.0,210.39074022397125,0.2335373000427216,3.3244964557044097,0.264437965881905,-0.8939325606337056,122.04037852056564,61.90736389160156,15133.00693655014,921.9171752929688,0.0,168.16833503670316,1.3779729059785262,2.2331233526877585,2.2292580121816847,6.007667982523143,2,3,0.0,0.0161290322580645,3,5,0.4919354838709677,0.2338709677419354,24,INT,DAPI,3.0,0.47,14.1,False,15
260326,260326/3D-405-15,3D-405-15,2,129,0.3623619421404372,2.3652561757254134,679.2448411583556,944.9536959604986,493.2241849692774,1.9158705610094104,0.9280575539568344,0.852972454052787,1406.3255813953488,1372.0,181416.0,2665.0,571.0,576.3277762424823,0.4098110593072288,3.272960838313866,0.3785444654928664,-1.0305559428685942,354.909818900648,146.3559112548828,45783.3666381836,2634.0,0.0,501.9981500869144,1.4144386076493465,2.2646039069300343,2.2019346009409086,5.197985310954381,1,2,0.0775193798449612,0.1627906976744186,1,6,0.5193798449612403,0.2403100775193798,24,INT,DAPI,3.0,0.47,14.1,False,15
260326,260326/12S-488-01,12S-488-01,1,165,0.46348620506335,2.535233056098245,768.1985190859768,829.002521414213,723.759279097183,1.145411942004129,0.9116022099447514,0.4876336614357577,701.7575757575758,690.0,115790.0,1092.0,456.0,161.7216877440071,0.2304523575244941,3.2279747999172685,0.3207686921949308,-0.8653258567490356,53.13623843445922,24.78681945800781,8767.479341685772,386.2575073242188,0.0,71.8707496401797,1.3525750365041085,2.25406152277594,1.9012767390253773,4.399297600463178,2,4,0.0,0.006060606060606,2,10,0.5151515151515151,0.2424242424242424,20,INT,SYBR,12.0,1.28,17.1,False,1
260326,260326/12S-488-01,12S-488-01,2,138,0.3876430078711654,2.453069565105916,702.5399681595715,777.7222332909535,646.8774469413421,1.2022713683531403,0.9019607843137256,0.5551369280717474,884.1014492753624,754.0,122006.0,1811.0,457.0,354.7829662435478,0.4012921441700374,3.1045186775913423,0.8266446485678424,-0.3880790181289639,121.2576833859734,37.17191123962402,16733.560307264328,1137.426025390625,0.0,201.4980734553604,1.6617344800656886,1.9282833051665016,2.593364759928468,7.30817040635106,1,3,0.0,0.1594202898550724,1,8,0.572463768115942,0.2028985507246377,20,INT,SYBR,12.0,1.28,17.1,False,1
260326,260326/12S-488-01,12S-488-01,3,133,0.3735979713540942,2.184302621680019,689.6953754817175,787.5311129226712,604.4912323639405,1.3027998931315017,0.95,0.640956040573959,955.624060150376,897.0,127098.0,1648.0,462.0,355.1576602850456,0.3716499773238844,3.3009144546820925,0.3707250136680369,-1.1077903499527415,127.19171464263944,61.7249870300293,16916.498047471046,826.6475830078125,0.0,168.69677162320423,1.326318873027054,2.410626033666454,1.9032949469343303,3.5427496861552186,1,3,0.037593984962406,0.1353383458646616,1,5,0.5037593984962406,0.2180451127819548,20,INT,SYBR,12.0,1.28,17.1,False,1
260326,260326/12S-488-01,12S-488-01,4,103,0.2893277522516669,1.8973489298344457,606.9460730214508,697.3304996098972,527.5346120822741,1.3218668190460685,0.944954128440367,0.6539869094822212,1188.7087378640776,1053.0,122437.0,2587.0,458.0,564.8694215075495,0.4751958183823321,3.182459677837804,0.6934368206670269,-0.5381724419773404,289.7548509072332,106.8645248413086,29844.74964344501,2579.0,0.0,455.2192114475178,1.5710494924319975,2.0097816961094503,2.79838189323464,9.403512325473235,1,3,0.145631067961165,0.174757281553398,1,3,0.5533980582524272,0.1844660194174757,20,INT,SYBR,12.0,1.28,17.1,False,1
260326,260326/12S-488-01,12S-488-01,5,90,0.2528106573072818,1.87539558248932,567.3522064944498,593.1425156588141,552.7990291271303,1.0729803860100589,0.9,0.3625007348983045,802.1888888888889,739.0,72197.0,1409.0,461.0,256.6528672296075,0.3199406907581295,3.1097132094205397,0.4830736166879301,-0.8373529591591069,100.63931116246516,47.47185134887695,9057.538004621863,774.9576416015625,0.0,140.25271796504583,1.393617626601513,2.2185952601312007,2.484217188606931,7.180257309259321,1,2,0.0,0.0666666666666666,1,2,0.5333333333333333,0.2111111111111111,20,INT,SYBR,12.0,1.28,17.1,False,1
260326,260326/12S-488-02,12S-488-02,1,165,0.46348620506335,2.489443061945269,768.1985190859768,854.222511737137,693.4632132240765,1.2318209465872774,0.9428571428571428,0.5839268256845003,2325.436363636364,2095.0,383697.0,4095.0,1096.0,912.0749614231216,0.3922166934711897,3.3337911132697737,0.4411678387643533,-1.0659485974555625,514.491000631,249.43991088867188,84891.01510411501,4039.0,0.0,691.4703556436413,1.3439892141856398,2.233238282404137,2.16708639690014,5.3926454282413445,2,4,0.0606060606060606,0.1575757575757575,2,4,0.5151515151515151,0.2303030303030303,20,INT,SYBR,12.0,1.28,17.1,False,2
260326,260326/12S-488-02,12S-488-02,2,70,0.1966305112389969,1.685348654234087,500.35761472269286,691.4863371916919,363.349214290659,1.9030902228359887,0.9210526315789472,0.8508175874795838,1807.9,1764.5,126553.0,2805.0,1105.0,496.3971980791889,0.2745711588468327,3.1678522108368186,0.2949453420478558,-1.1345104453796249,529.8758472987583,291.1425476074219,37091.309310913086,2560.663330078125,0.0,567.9253393876469,1.0718083156325395,2.5469634763045748,1.353797258931781,1.3026915783600748,1,2,0.0,0.0285714285714285,1,2,0.4714285714285714,0.2714285714285714,20,INT,SYBR,12.0,1.28,17.1,False,2
260326,260326/12S-488-03,12S-488-03,1,140,0.3932610224779939,2.215349343234984,707.612524777484,713.6403462775758,703.9065731042608,1.013828217472652,0.9523809523809524,0.1646000401445064,2361.1285714285714,2120.5,330558.0,4095.0,1019.0,970.1301021023615,0.4108755930709002,3.239709183129292,0.381257061685231,-1.1558599423902007,707.0445573670523,353.40773010253906,98986.23803138731,3882.0,0.0,843.7539559010829,1.193353300169822,2.616452964781048,1.557091015541268,1.9881170576478928,1,4,0.1071428571428571,0.1857142857142857,2,4,0.5,0.2642857142857143,20,INT,SYBR,12.0,1.28,17.1,False,3
260326,260326/12S-488-03,12S-488-03,2,115,0.3230358398926378,2.0654425107445524,641.3283135165975,807.183264282343,510.4282338031883,1.581384435316284,0.9426229508196722,0.7746768607372089,1924.4782608695648,1865.0,221315.0,3097.0,1023.0,565.0919091186273,0.2936338230514974,3.2676089859032795,0.2259865578563308,-1.0399524673284517,459.28453151868734,332.43634033203125,52817.72112464905,2503.799072265625,0.0,498.6816553186079,1.0857793395951056,2.629892297200441,1.7582451603170397,3.595927310845706,1,2,0.0,0.0434782608695652,1,2,0.417391304347826,0.2434782608695652,20,INT,SYBR,12.0,1.28,17.1,False,3
260326,260326/12S-488-03,12S-488-03,3,74,0.2078665404526539,1.7913487920342666,514.4549536466826,720.1582890288252,371.5422838109048,1.9382942949108517,0.891566265060241,0.8566382579149521,1556.6756756756756,1511.5,115194.0,2167.0,1026.0,326.20483136054537,0.2095522121002861,3.243190398048861,0.1020075311225987,-1.234606005696419,356.2026021158373,260.72896575927734,26358.99255657196,1323.0767822265625,0.0,320.2300170746017,0.89901088642374,2.939252703581183,1.1043348464560143,0.701590545235399,1,2,0.0,0.0,1,1,0.3378378378378378,0.2432432432432432,20,INT,SYBR,12.0,1.28,17.1,False,3
260326,260326/12S-488-04,12S-488-04,1,89,0.2500016500038675,1.8004421662441046,564.191445374674,625.5300227524195,512.2241852413421,1.221203607279285,0.946808510638298,0.5739872018160268,932.5505617977528,902.0,82997.0,1510.0,558.0,249.0997432225582,0.267116608393167,3.246243697626252,0.4058383436324408,-0.6913372987854087,166.03823389631978,92.28805541992188,14777.40281677246,1019.3201293945312,0.0,206.05565491577627,1.241013290013942,2.4526550217185914,1.8223479384769092,3.595477069473638,1,2,0.0,0.0449438202247191,1,2,0.4719101123595505,0.2359550561797752,20,INT,SYBR,12.0,1.28,17.1,False,4
260326,260326/12S-488-04,12S-488-04,2,92,0.2584286719141103,1.8223955135892305,573.6214819673636,617.1653985299727,535.800742412695,1.1518561839815582,0.9387755102040816,0.4962775209538618,1247.2608695652175,1200.5,114748.0,2261.0,566.0,493.9721456213751,0.3960455728828956,3.2085476905885946,0.4394196153583216,-0.9774482952609148,355.22301136669904,193.3282928466797,32680.517045736317,2159.134521484375,0.0,454.7162065836715,1.280086571064691,2.477150040911927,2.009333343424193,4.302842686018889,1,2,0.0869565217391304,0.1521739130434782,1,2,0.4891304347826087,0.25,20,INT,SYBR,12.0,1.28,17.1,False,4
260326,260326/12S-488-04,12S-488-04,3,108,0.3033727887687381,2.043489163399427,621.5032030946782,715.677819614268,544.6196410784896,1.3140874210798537,0.9230769230769232,0.6487702020077264,1090.8333333333333,1052.5,117810.0,1925.0,558.0,365.4987246995663,0.3350637659583496,3.2242842043246323,0.3804517706631534,-0.9923342355608682,216.51219713687897,108.83024215698242,23383.31729078293,1368.881103515625,0.0,301.846982865734,1.3941338495350744,2.2922965070416,2.109355133687462,4.400229740053247,1,2,0.0,0.0648148148148148,1,2,0.5,0.2129629629629629,20,INT,SYBR,12.0,1.28,17.1,False,4
260326,260326/12S-488-04,12S-488-04,4,82,0.2303385988799678,1.6724886810988002,541.5498248295032,616.918279507461,476.5920494946415,1.2944367833278283,0.9647058823529412,0.6349700408663399,1086.4268292682927,1019.0,89087.0,1858.0,567.0,371.53080162384174,0.3419749877440594,3.200116323857335,0.3335915346657325,-1.1603851018383884,262.5362337391551,134.3904266357422,21527.97116661072,1357.042724609375,0.0,304.8685640763399,1.1612437633246633,2.518970915282085,1.5107647587040114,1.913486693268473,1,1,0.0,0.0975609756097561,1,1,0.4878048780487805,0.2439024390243902,20,INT,SYBR,12.0,1.28,17.1,False,4
260326,260326/12S-488-05,12S-488-05,1,109,0.3061817960721524,2.0343957891895887,624.3739029116301,775.7855054495863,503.66664233664375,1.540275730492118,0.923728813559322,0.7605883809203284,1580.0,1448.0,172220.0,2872.0,717.0,649.2706449319655,0.4109307879316237,3.2720461044598523,0.4489299243508439,-1.0079751042862597,459.69487793948673,214.47445678710935,50106.74169540405,2816.0,0.0,611.4117482574474,1.3300382005516544,2.425285352768511,1.8508098318949957,3.121215821759886,1,3,0.091743119266055,0.1559633027522936,1,3,0.5229357798165137,0.2293577981651376,20,INT,SYBR,12.0,1.28,17.1,False,5
260326,260326/12S-488-05,12S-488-05,2,87,0.244383635397039,1.747442097344015,557.8161961378049,672.8968765851903,463.2198482844204,1.452651217510064,0.956043956043956,0.7253345930802684,1250.1149425287356,1198.0,108760.0,1969.0,716.0,364.0997635228296,0.2912530289305459,3.256583745745179,0.2968441631069174,-1.1154393060422718,239.4651443396492,149.9888458251953,20833.46755754948,1223.1654052734375,0.0,254.07563145097112,1.0610130010846128,2.58073400190025,1.6182408886559945,2.8428055953714217,1,2,0.0,0.057471264367816,1,1,0.4367816091954023,0.2183908045977011,20,INT,SYBR,12.0,1.28,17.1,False,5
260326,260326/12S-488-05,12S-488-05,3,59,0.1657314309014403,1.4604884054984415,459.3645737638645,522.3308955841859,409.38922850366095,1.2758784531125371,0.8939393939393939,0.621046501991487,1178.050847457627,1156.0,69505.0,1924.0,695.0,346.9558465265063,0.2945168684995881,3.0698372824694777,0.3258494962616444,-0.972394311867084,297.1523797310005,182.3012237548828,17531.99040412903,1748.2236328125,0.0,348.97682713202994,1.174403608841847,2.4662953030022647,2.1664090788015367,5.255791766692244,1,1,0.0,0.0508474576271186,1,1,0.4067796610169492,0.1694915254237288,20,INT,SYBR,12.0,1.28,17.1,False,5
260326,260326/12S-488-06,12S-488-06,1,237,0.6657347309091753,3.076210418771703,920.6735500149792,1096.8742938932398,778.4025278272262,1.4091350614635998,0.9330708661417324,0.7045491616312431,2465.502109704641,2392.0,584324.0,4095.0,1109.0,915.7459940568256,0.3714237316821963,3.3885688556574167,0.1892478744413039,-1.2627132120904163,431.55699989866105,188.93739318847656,102279.00897598268,3144.623291015625,0.0,577.6448464338732,1.3385134445033142,2.330480855622803,1.9713406236336424,4.345553725021056,2,4,0.0886075949367088,0.1392405063291139,2,12,0.5316455696202531,0.240506329113924,20,INT,SYBR,12.0,1.28,17.1,False,6
260326,260326/12S-488-06,12S-488-06,2,108,0.3033727887687381,1.9155356782541224,621.5032030946782,679.5068307434632,568.1925516240998,1.1959094303527684,0.9642857142857144,0.5484494335584376,2294.055555555556,2109.5,247758.0,4065.0,1103.0,871.7477431722187,0.3800028909766773,3.308234054166696,0.4879687042331183,-0.927208567046618,671.8603498229274,322.81224060058594,72560.91778087616,4055.0,0.0,862.9451430481613,1.2844114752055176,2.471471294904755,1.9903486900694976,4.076833078153755,1,3,0.0185185185185185,0.1388888888888889,1,1,0.5,0.2407407407407407,20,INT,SYBR,12.0,1.28,17.1,False,6
260326,260326/12S-488-06,12S-488-06,3,44,0.1235963213502266,1.1606747405175812,396.6960094668252,451.0968282810087,347.63131022017524,1.2976300322180494,0.9777777777777776,0.6372759617334733,1508.9318181818182,1423.5,66393.0,2103.0,1100.0,297.2971575617429,0.1970249112514374,2.903982461714129,0.4934490554704774,-0.8318783887010666,363.9414221481844,265.6537780761719,16013.422574520113,1466.100830078125,0.0,346.9580773357407,0.953334949585572,2.7480222267923677,1.5331447888463392,1.936790298375752,1,0,0.0,0.0,1,1,0.3636363636363636,0.1818181818181818,20,INT,SYBR,12.0,1.28,17.1,False,6
260326,260326/12S-488-06,12S-488-06,4,40,0.1123602921365696,1.129628018962617,378.2348043296332,427.5321965296946,334.0661406492839,1.2797830863635329,0.9302325581395348,0.6240524977435482,1506.375,1493.0,60255.0,2213.0,1098.0,277.4602477879743,0.1841906881008874,2.9979104369133687,0.4451435034939988,-0.6056595671603557,366.093661737442,290.9917755126953,14643.74646949768,1866.474365234375,0.0,348.7624330239152,0.9526590309395836,2.575705340097009,2.1926570689958607,7.592134468192578,1,0,0.0,0.0,1,1,0.375,0.3,20,INT,SYBR,12.0,1.28,17.1,False,6
260326,260326/12S-488-06,12S-488-06,5,33,0.0926972410126699,1.0107679080271508,343.5488217781828,421.0354218850016,277.7113706256916,1.5160899639665342,0.9428571428571428,0.7516243075174616,1424.3939393939395,1386.0,47005.0,1845.0,1113.0,189.90736876730512,0.1333250328543999,2.7926528322105,0.4806918181659469,-0.5885861644092936,347.8754426204797,283.705810546875,11479.88960647583,1070.7696533203125,0.0,270.6092680703154,0.7778912648500484,2.734787907820063,1.3453955376228934,1.4384120945631729,0,0,0.0,0.0,0,0,0.303030303030303,0.1515151515151515,20,INT,SYBR,12.0,1.28,17.1,False,6
260326,260326/12S-488-07,12S-488-07,1,194,0.544947416862363,2.7271632838162017,832.9757505176474,961.6725091593196,726.322220267044,1.324030137486012,0.941747572815534,0.6554139936863096,1603.4226804123712,1402.0,311064.0,3412.0,664.0,769.7651594651819,0.4800762574140539,3.242203785948812,0.6972603124579665,-0.6067585908909425,380.4050559917676,92.21832656860352,73798.58086240292,3123.57763671875,0.0,660.1640951953841,1.7354240822962952,1.982299814158356,2.521142563442709,6.346812196020505,1,4,0.1494845360824742,0.1752577319587628,1,9,0.6030927835051546,0.2061855670103092,20,INT,SYBR,12.0,1.28,17.1,False,7
260326,260326/12S-488-07,12S-488-07,2,86,0.2415746280936248,2.043489163399427,554.6010904185937,604.0635558420068,548.8159657291706,1.1006668784488312,0.8865979381443299,0.4177976541090601,1234.8837209302326,1107.0,106200.0,2296.0,665.0,451.0306215926221,0.3652413696512759,3.1985704345472,0.7028180604492775,-0.5536026538011711,225.6381119184716,82.74409103393555,19404.87762498856,1732.13525390625,0.0,341.79495511244824,1.5147926571728576,2.1184165351484667,2.3395846917160688,5.923681953652373,1,1,0.0,0.127906976744186,1,2,0.5697674418604651,0.2325581395348837,20,INT,SYBR,12.0,1.28,17.1,False,7
260326,260326/12S-488-07,12S-488-07,3,63,0.1769674601150972,1.5718153185830104,474.6809121398126,592.7040622515691,394.6338199265202,1.501908940196583,0.9545454545454546,0.7461130099358433,1418.031746031746,1476.0,89336.0,2244.0,670.0,463.8420882659336,0.327102753209835,3.181989929312546,-0.1231996619298029,-1.3017160014176712,225.48884777133424,78.63362884521484,14205.79740959406,1971.49853515625,0.0,364.7450972717528,1.6175748861940913,1.9168011530409697,2.599953273318856,8.345973484053793,1,1,0.0634920634920634,0.0317460317460317,1,1,0.5873015873015873,0.2222222222222222,20,INT,SYBR,12.0,1.28,17.1,False,7
260326,260326/12S-488-07,12S-488-07,4,122,0.3426988910165375,2.1896293969644085,660.5586877629735,852.1610821308218,523.2050655169232,1.6287324766033986,0.9384615384615383,0.7893259593691881,1355.6639344262296,1385.5,165391.0,2190.0,671.0,414.8460754205472,0.3060095241053428,3.294693435154337,0.0415151539833696,-1.2725838054301102,260.84122354476176,106.16327667236328,31822.629272460938,1744.6298828125,0.0,382.49621834843697,1.4663948173161307,2.2344454048765634,2.11099680597913,4.504360341470844,2,2,0.0081967213114754,0.0245901639344262,2,4,0.5327868852459017,0.2295081967213114,20,INT,SYBR,12.0,1.28,17.1,False,7
260326,260326/12S-488-07,12S-488-07,5,86,0.2415746280936248,1.7656288457636924,554.6010904185937,673.5065595892383,460.3230211225279,1.4631172647999406,0.9347826086956522,0.7299765265038562,1060.313953488372,995.5,91187.0,1727.0,668.0,289.8398852765562,0.273352891681751,3.098575595397946,0.5446847200311806,-0.7582473387813549,193.2168575164884,113.84628295898438,16616.649746418,1153.4725341796875,0.0,231.9618365441692,1.200525872978627,2.443078917357695,1.720296475965293,3.2086370544923177,1,1,0.0,0.0581395348837209,1,2,0.4651162790697674,0.2441860465116279,20,INT,SYBR,12.0,1.28,17.1,False,7
260326,260326/12S-488-07,12S-488-07,6,64,0.1797764674185115,1.5043951001886928,478.4333888119028,532.2748443506165,434.2266992090695,1.2257994391412104,0.9552238805970148,0.5783423900818532,1128.453125,1079.0,72221.0,1729.0,678.0,308.7141755933821,0.2735728837592453,3.1459888036648653,0.2847493534280156,-1.132208584291182,256.6776898987591,134.76222229003906,16427.372153520584,993.3572387695312,0.0,267.15193382040303,1.0408069899872296,2.8493778908884124,1.2615832982748891,0.6752324475891109,1,0,0.0,0.03125,1,1,0.46875,0.28125,20,INT,SYBR,12.0,1.28,17.1,False,7
260326,260326/12S-488-07,12S-488-07,7,73,0.2050575331492397,1.703535402653764,510.9670832367321,617.8389462539277,429.1516552595514,1.4396750861423522,0.9125,0.719395033284983,1085.7808219178082,1074.0,79262.0,1647.0,691.0,262.66498765195934,0.241913452834814,3.122613562012522,0.4061898694853488,-0.8043812208273122,197.2145696078261,96.47612762451172,14396.663581371307,1194.76171875,0.0,253.9076280678268,1.2874689155711896,2.460392447231853,1.9519722318686803,3.96697146306852,1,1,0.0,0.0136986301369863,1,1,0.5205479452054794,0.2191780821917808,20,INT,SYBR,12.0,1.28,17.1,False,7
260326,260326/12S-488-07,12S-488-07,8,62,0.174158452811683,1.5573951690887824,470.8985338368847,558.6896321771738,402.97201126846886,1.386422919096886,0.8985507246376812,0.6926429449428078,1008.6290322580644,948.5,62535.0,1540.0,665.0,252.5255535760375,0.250365144666416,3.0258856952081725,0.4436885673643333,-0.9731588891910992,203.16674027135292,105.90827560424805,12596.337896823885,1124.5140380859375,0.0,235.69349985578376,1.1600988406910873,2.48457938318241,1.8092836554276823,3.663577667749133,1,0,0.0,0.0161290322580645,1,1,0.4677419354838709,0.2419354838709677,20,INT,SYBR,12.0,1.28,17.1,False,7
260326,260326/12S-488-08,12S-488-08,1,130,0.3651709494438515,2.184302621680019,681.8724905877906,706.3382523905714,660.8613204272391,1.0688146371373832,0.935251798561151,0.3530195926515476,1471.3307692307692,1414.5,191273.0,2594.0,783.0,473.3825892342275,0.3217377078858468,3.253789326522348,0.3721196476991336,-1.0066282139075338,176.15221558350785,112.872802734375,22899.788025856014,1478.4427490234375,0.0,227.6346871672249,1.2922612776295794,2.2211355847281165,2.630649668617984,9.314284174971506,1,4,0.0,0.0692307692307692,1,5,0.4384615384615384,0.1846153846153846,20,INT,SYBR,12.0,1.28,17.1,False,8
260326,260326/12S-488-08,12S-488-08,2,113,0.3174178252858093,1.9904890944993372,635.7270855939122,687.2612987992147,587.163957381622,1.1704759635859858,0.9338842975206612,0.5196926416516922,1926.0442477876104,1691.0,217643.0,3977.0,784.0,906.8921556355108,0.4708573838203513,3.2299486735391807,0.6315093123979221,-0.7075860885965346,497.3528691308688,166.8814239501953,56200.87421178818,3692.0,0.0,779.4703571267963,1.5672380828704815,2.147245930630744,2.259239901691368,4.880794877151216,1,3,0.1327433628318584,0.1858407079646017,1,3,0.5752212389380531,0.1946902654867256,20,INT,SYBR,12.0,1.28,17.1,False,8
260326,260326/12S-488-08,12S-488-08,3,75,0.2106755477560681,1.641441959543836,517.9193359122318,568.2316054698515,472.7298405993194,1.202021866758943,0.925925925925926,0.5548781651004009,1332.28,1226.0,99921.0,2107.0,776.0,388.0231798592812,0.2912474703960738,3.241928893728404,0.3547483374558942,-1.032941345144207,211.72711705843608,118.55325317382812,15879.533779382706,1007.9114379882812,0.0,242.8881747957685,1.1471755633867722,2.7000006862227064,1.7059722125752903,2.305596860709384,1,0,0.0,0.04,1,1,0.4666666666666667,0.2266666666666666,20,INT,SYBR,12.0,1.28,17.1,False,8
260326,260326/12S-488-08,12S-488-08,4,73,0.2050575331492397,1.597535264853585,510.9670832367321,539.1043115851145,488.2171785494104,1.1042305254126858,0.9605263157894736,0.424115722998356,1221.972602739726,1203.0,89204.0,1804.0,773.0,272.0615725143207,0.2226413030082217,3.1884967838454554,0.2390865856434538,-0.9456196719398742,146.19399139979114,92.5696029663086,10672.161372184752,761.5183715820312,0.0,156.67039778890748,1.0716609915962063,2.592628655921056,1.7385124275146002,3.5904409497582126,1,1,0.0,0.0,1,1,0.4383561643835616,0.2328767123287671,20,INT,SYBR,12.0,1.28,17.1,False,8
260326,260326/12S-488-09,12S-488-09,1,118,0.3314628618028806,2.07830248387984,649.6396102905932,725.3254813787146,582.422519845808,1.245359608640715,0.944,0.5960047379271374,2189.6186440677966,1979.0,258375.0,4095.0,880.0,968.7510411970496,0.4424291160570948,3.284029677138136,0.470855043987662,-1.023146704550678,792.533770267236,368.3822479248047,93518.98489153384,4080.0,0.0,960.8341714869996,1.2123573878284253,2.5739659028564867,1.4096225069695143,1.183132190920592,1,4,0.1271186440677966,0.1949152542372881,1,3,0.5084745762711864,0.2542372881355932,20,INT,SYBR,12.0,1.28,17.1,False,9
260326,260326/12S-488-09,12S-488-09,2,104,0.2921367595550811,2.016209040769912,609.885296376554,721.4434621403445,519.6685777552602,1.3882760917673012,0.9203539823008848,0.6936441785752674,1619.6538461538462,1532.0,168444.0,2690.0,886.0,519.8345287364209,0.320954091499773,3.190992020279331,0.4227649707212053,-1.016992183677508,378.8495649764171,189.08453369140625,39400.35475754738,2546.741455078125,0.0,483.2615251166812,1.2756026924480264,2.356484948315334,2.054310007513063,4.749347999373929,1,3,0.0,0.0961538461538461,1,4,0.5,0.2211538461538461,20,INT,SYBR,12.0,1.28,17.1,False,9
260326,260326/12S-488-09,12S-488-09,3,38,0.1067422775297412,1.11676804582733,368.6576851849993,396.5584464173401,345.7364081794959,1.1469964893354792,0.9047619047619048,0.4897867812850231,1166.6315789473683,1153.0,44332.0,1550.0,890.0,198.8629055204468,0.1704590456053636,3.0174018402780143,0.2138891464341655,-1.2247146742687445,258.8711373868741,158.8066864013672,9837.103220701218,1141.9674072265625,0.0,243.3413743716795,0.9400096775099888,2.509425801963007,1.4993376307811437,3.162580619855804,1,0,0.0,0.0,1,1,0.4473684210526316,0.2894736842105263,20,INT,SYBR,12.0,1.28,17.1,False,9
260326,260326/12S-488-09,12S-488-09,4,38,0.1067422775297412,1.1697681147274197,368.6576851849993,441.8455844928957,316.21288359416286,1.3973041815082197,0.8636363636363636,0.6984449485519734,1175.7105263157894,1143.5,44677.0,1523.0,886.0,169.2166223856492,0.1439271135182458,3.1722696170693387,0.1930214251263732,-0.8768374791432425,266.7515863117419,245.1838531494141,10136.560279846191,682.3107299804688,0.0,204.5359795492925,0.7667657477780077,3.0263438948461925,0.455360872788121,-0.870333424066593,1,0,0.0,0.0,1,1,0.3421052631578947,0.2894736842105263,20,INT,SYBR,12.0,1.28,17.1,False,9
260326,260326/12S-488-10,12S-488-10,1,162,0.4550591831531072,2.708976535396525,761.1828605436523,831.4663423517692,706.5771408835869,1.1767523943840104,0.9204545454545454,0.5271109978713695,1017.358024691358,887.0,164812.0,2191.0,470.0,446.09593733621375,0.4384847089317927,3.122924113853138,0.7375362908044392,-0.4823457320050468,218.4091256459554,90.3794059753418,35382.278354644775,2191.0,0.0,350.0689196837312,1.6028126968064436,1.955276017360211,2.777143551939829,9.085213922929444,1,4,0.0802469135802469,0.1481481481481481,1,7,0.5246913580246914,0.1975308641975308,20,INT,SYBR,12.0,1.28,17.1,False,10
260326,260326/12S-488-10,12S-488-10,2,102,0.2865187449482527,2.0343957891895887,603.9925466228896,818.9008141284189,449.00833407010913,1.8237986959069536,0.9272727272727272,0.8362776995243283,928.8333333333334,863.0,94741.0,1716.0,474.0,324.6160285731447,0.3494879187939831,3.201322937245795,0.4669099982309794,-0.7522202188158724,225.6369688493364,126.80556106567384,23014.970822632316,1610.4241943359375,0.0,290.40642685542826,1.2870516225084556,2.306613606672157,2.1710239656462558,5.789050061524254,1,2,0.0,0.1176470588235294,1,3,0.4607843137254901,0.2352941176470588,20,INT,SYBR,12.0,1.28,17.1,False,10
260326,260326/12S-488-10,12S-488-10,3,99,0.27809172303801,1.9503489987345357,595.0440142002377,642.6302233055484,565.1901182785715,1.1370160279214367,0.8918918918918919,0.4759079827314392,731.1919191919192,688.0,72388.0,1206.0,469.0,204.1171970660872,0.2791568009827959,3.1853815197721578,0.5770351090635416,-0.6974078252071094,118.74739744205668,56.064697265625,11755.99234676361,724.0684204101562,0.0,149.25679302465673,1.2569268568390075,2.4242681738794607,1.8922363977563756,3.556563214238812,1,3,0.0,0.0707070707070707,1,4,0.5050505050505051,0.202020202020202,20,INT,SYBR,12.0,1.28,17.1,False,10
260326,260326/12S-488-11,12S-488-11,1,111,0.3117998106789809,2.07830248387984,630.0760660407722,759.0198459461087,525.5509852696936,1.4442363675840268,0.940677966101695,0.7215067170984267,1071.3693693693697,1047.0,118922.0,1936.0,572.0,386.8409569349217,0.3610715109044273,3.2027821805261234,0.5276095703095172,-0.7979366169850981,218.15128246943155,103.96045684814452,24214.792354106903,1487.5439453125,0.0,318.5262894518686,1.4601165111028036,2.3263917290090723,2.3657103748719,5.530349111427494,1,2,0.0,0.1171171171171171,1,2,0.5045045045045045,0.1981981981981982,20,INT,SYBR,12.0,1.28,17.1,False,11
260326,260326/12S-488-11,12S-488-11,2,103,0.2893277522516669,2.07830248387984,606.9460730214508,751.4474307379637,495.11034499574095,1.517737284896416,0.911504424778761,0.7522519521343942,1148.368932038835,1043.0,118282.0,2111.0,568.0,447.3426547849252,0.3895461138875508,3.242983664178432,0.6154727401976828,-0.8229515293789325,282.59380530500874,144.88478088378906,29107.1619464159,1980.0,0.0,388.9702196343217,1.3764286843248348,2.343695675653522,2.372324364173038,6.038420128730925,1,2,0.0194174757281553,0.145631067961165,1,2,0.4951456310679611,0.203883495145631,20,INT,SYBR,12.0,1.28,17.1,False,11
260326,260326/12S-488-12,12S-488-12,1,122,0.3426988910165375,2.193395995889857,660.5586877629735,720.5597331705702,612.7681183074577,1.1759093067061752,0.9104477611940298,0.526127467724374,1387.877049180328,1267.5,169321.0,2851.0,597.0,618.1687910107162,0.4454060187649929,3.2139015942420794,0.5918300994218729,-0.84551312758451,319.5528924484722,101.9767723083496,38985.45287871361,2851.0,0.0,488.7394491073126,1.5294477398170372,2.05717848326468,2.3954876556152787,6.909193596237053,1,4,0.081967213114754,0.1885245901639344,1,2,0.5737704918032787,0.2377049180327868,20,INT,SYBR,12.0,1.28,17.1,False,12
260326,260326/12S-488-12,12S-488-12,2,76,0.2134845550594824,1.641441959543836,521.3606982616968,607.4972477441344,449.32331953022657,1.3520269733146295,0.9382716049382716,0.6730134813714748,978.2368421052632,942.5,74346.0,1535.0,587.0,292.1348943403168,0.2986341157542312,3.170091393321436,0.2922181306988308,-1.1652632193953716,174.44586169092278,93.45404052734376,13257.885488510132,785.442138671875,0.0,203.1424480805173,1.164501388060659,2.657765340898966,1.464945674067322,1.3779115306358936,1,2,0.0,0.0789473684210526,1,1,0.5,0.2236842105263158,20,INT,SYBR,12.0,1.28,17.1,False,12
260326,260326/12S-488-12,12S-488-12,3,82,0.2303385988799678,1.8223955135892305,541.5498248295032,733.9045786776767,405.1756210590591,1.811324622047538,0.9213483146067416,0.8337897184449057,958.4756097560976,926.5,78595.0,1621.0,589.0,273.59622522889487,0.2854493348020787,3.139205192030572,0.5295229556350939,-0.8087562090738105,162.6085236363295,102.77081680297852,13333.898938179016,1227.1337890625,0.0,203.6158574053848,1.2521844049255826,2.2740817554170745,2.4508799479840016,8.553075954743836,1,2,0.0,0.0609756097560975,1,3,0.4634146341463415,0.2195121951219512,20,INT,SYBR,12.0,1.28,17.1,False,12
260326,260326/12S-488-13,12S-488-13,1,102,0.2865187449482527,1.9723023460796607,603.9925466228896,719.1894527394768,510.3981223607845,1.4090754280461564,0.9272727272727272,0.7045189093989641,1383.235294117647,1280.0,141090.0,2638.0,639.0,573.9599147087598,0.4149401892429903,3.205802099435595,0.5051739890152893,-0.9153384023249204,366.63423526520825,145.38042449951172,37396.69199705124,2057.736328125,0.0,478.7485233200388,1.3057932873446243,2.521536297523285,1.6267364129836264,1.964864608233444,1,2,0.088235294117647,0.1764705882352941,1,3,0.5490196078431373,0.2647058823529412,20,INT,SYBR,12.0,1.28,17.1,False,13
260326,260326/12S-488-13,12S-488-13,2,97,0.2724737084311815,1.8844889566991585,589.0028017549823,736.3288947225834,471.8866497980604,1.5603935712902426,0.941747572815534,0.7676544713914699,1232.701030927835,1123.0,119572.0,2322.0,632.0,442.79914946819787,0.3592104965913023,3.1291297569972936,0.5438256148571701,-0.8048807042523523,284.65729762752034,154.84652709960938,27611.75786986947,2322.0,0.0,396.54965742931984,1.3930774328793525,2.1277970342406567,2.566936117966275,8.08756977063205,1,2,0.0,0.1030927835051546,1,2,0.4948453608247423,0.1752577319587628,20,INT,SYBR,12.0,1.28,17.1,False,13
260326,260326/12S-488-13,12S-488-13,3,53,0.1488773870809548,1.4165817108081904,435.3809556564406,518.4044793438233,372.8724393353939,1.3902998040504817,0.8983050847457628,0.694731343597527,926.9433962264152,887.0,49128.0,1373.0,626.0,237.52800766794925,0.2562486648428861,2.994272800895037,0.3236818674188809,-1.3922613764363183,187.75551746588832,117.95133972167967,9951.04242569208,766.7139892578125,0.0,185.08807782523945,0.9857930159568626,2.566499374628151,1.1465358357231656,0.830230519161125,1,0,0.0,0.0,1,1,0.320754716981132,0.3018867924528302,20,INT,SYBR,12.0,1.28,17.1,False,13
260326,260326/12S-488-14,12S-488-14,1,138,0.3876430078711654,2.2721160110605214,702.5399681595715,750.5297401297126,663.0076371049705,1.132007684567418,0.9324324324324323,0.4686456762807113,1580.3260869565215,1471.0,218085.0,2780.0,799.0,569.62957823027,0.3604506582102265,3.325996945215795,0.4727290470767424,-0.9501225166747752,330.97393884477407,178.81255340576172,45674.40356057882,2410.38818359375,0.0,461.4140157507466,1.3941098122748228,2.2600949413169604,2.2077195576128816,4.986113893537681,1,4,0.0,0.1159420289855072,1,5,0.4855072463768116,0.2101449275362318,20,INT,SYBR,12.0,1.28,17.1,False,14
260326,260326/12S-488-14,12S-488-14,2,118,0.3314628618028806,2.184302621680019,649.6396102905932,834.1299081739818,511.5198345359672,1.6306892750907207,0.9147286821705426,0.7898984928141695,1472.6610169491526,1388.0,173774.0,2517.0,802.0,461.9637241158195,0.3136931845136022,3.2805472914380247,0.4205477094004306,-0.9647206124690156,303.59482062064995,163.18506622314453,35824.188833236694,2143.681884765625,0.0,382.90486467574107,1.261236485829879,2.3059984068705197,2.142059635362521,5.612736415470813,1,2,0.0,0.0932203389830508,1,3,0.4830508474576271,0.2203389830508474,20,INT,SYBR,12.0,1.28,17.1,False,14
260326,260326/12S-488-14,12S-488-14,3,94,0.2640466865209387,1.8844889566991585,579.822975514724,650.020686238909,520.6441121613307,1.2484933010007588,0.903846153846154,0.5987105696281498,1693.851063829787,1695.0,159222.0,2932.0,804.0,610.7781913959253,0.3605855346071333,3.268155583560622,0.341559656178113,-0.9447536246293372,508.72936493792434,223.91500854492188,47820.56030416489,2925.0,0.0,668.8901915845921,1.3148252050797398,2.39175281349782,2.0249378356731014,3.892920452181846,1,2,0.0638297872340425,0.1170212765957446,1,1,0.5319148936170213,0.2553191489361702,20,INT,SYBR,12.0,1.28,17.1,False,14
260326,260326/12S-488-15,12S-488-15,1,251,0.7050608331569748,3.251837197532708,947.476297444628,1198.5704449002344,756.7053933881223,1.5839327370638612,0.9400749063670412,0.7755062085558375,1637.836653386454,1569.0,411097.0,3133.0,660.0,673.6156361094622,0.4112837716243977,3.2968808917401864,0.2097094896383698,-1.2646136347466872,254.2815769108168,94.3546905517578,63824.67580461502,2422.828369140625,0.0,381.2366534668039,1.4992696604226012,2.0348343106263536,2.3827603795132783,7.146891301840363,1,4,0.1195219123505976,0.1593625498007968,2,13,0.5657370517928287,0.2430278884462151,20,INT,SYBR,12.0,1.28,17.1,False,15
260326,260326/12S-488-15,12S-488-15,2,118,0.3314628618028806,2.122209178570091,649.6396102905932,693.5357100530646,612.10037192451,1.1330424581715464,0.9147286821705426,0.4701632675707599,1094.728813559322,1088.5,129178.0,1738.0,674.0,290.3883536142929,0.2652605376030482,3.2737339200731026,0.2855415873705724,-1.1368846557406136,121.89178469145702,71.93294143676758,14383.230593591928,1046.46435546875,0.0,157.84300575998827,1.2949437581829988,2.1862051024621176,2.5528396529513877,9.810411518259572,1,4,0.0,0.0254237288135593,1,3,0.4491525423728814,0.2372881355932203,20,INT,SYBR,12.0,1.28,17.1,False,15
260326,260326/12S-488-15,12S-488-15,3,161,0.452250175849693,2.78925672692613,758.829893984983,1160.5379502556304,507.3363175502605,2.2875120706111467,0.9147727272727272,0.899385617518967,1365.1739130434785,1359.0,219793.0,2251.0,673.0,422.64905011749096,0.3095935587981239,3.3118462173713934,0.0189475843761421,-1.220390983883312,206.357878573933,94.5262451171875,33223.61845040321,1472.8560791015625,0.0,277.7120036738585,1.345778535779825,2.32829088384816,1.859740457283212,3.8407598906559457,1,2,0.0062111801242236,0.0248447204968944,2,9,0.5341614906832298,0.2360248447204969,20,INT,SYBR,12.0,1.28,17.1,False,15
260326,260326/12S-488-15,12S-488-15,4,90,0.2528106573072818,1.813302139379392,567.3522064944498,648.9342138938355,499.9444368415337,1.2980126711551483,0.9473684210526316,0.6375505761519312,1337.2777777777778,1187.0,120355.0,2500.0,660.0,510.6722827797692,0.381874500022261,3.2146542907411844,0.5567002777438379,-0.8036843901086037,301.45915031433105,116.27521896362305,27131.323528289795,2500.0,0.0,450.6486328053549,1.4948912061069108,2.056406308623634,2.49033061534186,7.3565918496192495,1,2,0.0111111111111111,0.1333333333333333,1,2,0.5444444444444444,0.2222222222222222,20,INT,SYBR,12.0,1.28,17.1,False,15
260326,260326/12S-488-15,12S-488-15,5,131,0.3679799567472657,2.396302897280377,684.4900529595396,841.6502308095564,564.4289319062858,1.491153594779402,0.916083916083916,0.7417995000901484,1375.4503816793892,1282.0,180184.0,2620.0,658.0,545.7224740405421,0.3967591134579709,3.208047150401974,0.5110686050219291,-0.8665779546217491,251.29923423009976,119.8603286743164,32920.19968414307,1679.3218994140625,0.0,360.9667976872296,1.4364022986107223,2.3394609411048792,2.245022402438571,4.853509293350776,1,2,0.0458015267175572,0.1603053435114503,1,3,0.5267175572519084,0.1908396946564885,20,INT,SYBR,12.0,1.28,17.1,False,15
260326,260326/12S-488-15,12S-488-15,6,128,0.359552934837023,2.43111621776079,676.6069871499132,877.5946639898796,533.8173602286319,1.6439979839059733,0.8767123287671232,0.7937276931453086,1122.8671875,1129.5,143727.0,1814.0,665.0,295.3214816052828,0.2630066003289305,3.2629089196847816,0.1943138781172664,-1.058398663121304,136.045934882015,73.07270431518555,17413.87966489792,988.9405517578124,0.0,181.03136601994044,1.3306635451984563,2.3003425644448963,2.179212574389197,5.760958092182168,1,4,0.0,0.015625,2,6,0.4765625,0.25,20,INT,SYBR,12.0,1.28,17.1,False,15
260326,260326/12S-488-15,12S-488-15,7,87,0.244383635397039,1.8973489298344453,557.8161961378049,646.9719911200277,488.4919220869445,1.3244272051746968,0.925531914893617,0.6556748332629019,1046.367816091954,938.0,91034.0,1812.0,665.0,312.4418500294516,0.2985965787789428,3.030631673307322,0.5804524239938825,-0.8455814605990613,166.57157336432357,72.1139144897461,14491.726882696152,1105.0347900390625,0.0,220.45231736395607,1.3234690224230825,2.2642665448256043,2.027132963289415,4.5681108926554925,1,2,0.0,0.0459770114942528,1,3,0.5057471264367817,0.2528735632183908,20,INT,SYBR,12.0,1.28,17.1,False,15
260326,260326/12S-488-15,12S-488-15,8,69,0.1938215039355827,1.491535127053406,496.7707755402142,512.5476916718072,482.22317909294446,1.0628848091373433,0.971830985915493,0.3388630085403695,1044.5507246376812,1029.0,72074.0,1662.0,659.0,285.31698245531817,0.2731480393681071,3.1426990251586,0.4401434508551071,-0.9573019914929208,168.27055164437365,120.34098052978516,11610.66806346178,941.8665771484376,0.0,187.94280863108105,1.1169084952445103,2.4701281758156908,1.634390418117016,3.509304731046713,1,0,0.0,0.0434782608695652,1,1,0.4492753623188406,0.2753623188405797,20,INT,SYBR,12.0,1.28,17.1,False,15
260326,260326/12S-488-15,12S-488-15,9,107,0.3005637814653239,2.235419391117384,618.619181950243,862.3109321356011,463.2094005577524,1.8616006736851387,0.8916666666666667,0.8434726446232608,1270.196261682243,1224.0,135911.0,2020.0,674.0,392.9233791373142,0.3093406830035289,3.370056425760413,0.1630258930778615,-1.218904966579505,183.66211488648,106.42816925048828,19651.846292853355,1053.77392578125,0.0,231.8445833137118,1.2623429903168273,2.445821913167172,1.6449694886632378,2.378391020201514,1,1,0.0,0.0467289719626168,2,4,0.4766355140186916,0.2429906542056074,20,INT,SYBR,12.0,1.28,17.1,False,15
260326,260326/12S-488-15,12S-488-15,10,62,0.174158452811683,1.6944420284439257,470.8985338368847,664.760442081546,343.12095828240007,1.9373938724384936,0.8732394366197183,0.8564938040950666,909.8709677419356,884.5,56412.0,1238.0,656.0,159.54941511839488,0.1753538916780203,3.236677934932132,0.326724226014693,-0.9248812000780332,111.74255710647952,79.51738739013672,6928.03854060173,385.3771057128906,0.0,103.03101076886544,0.922039135641823,2.8003456712735,1.1262357973509505,0.5279453698123637,1,1,0.0,0.0,1,2,0.3387096774193548,0.2258064516129032,20,INT,SYBR,12.0,1.28,17.1,False,15
260326,260326/1S-488-01,1S-488-01,1,152,0.4269691101189648,2.396302897280377,737.3153703699986,894.213531173314,610.9305067239565,1.4636910766961526,0.95,0.7302273066939653,1168.0394736842106,1083.5,177542.0,2039.0,640.0,371.89913325917615,0.3183960316736027,3.295513134555705,0.498246353717309,-0.7243560580110886,194.58703535167797,96.251708984375,29577.229373455048,1512.3482666015625,0.0,263.68558494742217,1.355103563147782,2.246340929339572,2.1030222155972087,5.324726092847662,1,4,0.0,0.0921052631578947,2,4,0.506578947368421,0.2565789473684211,21,INT,SYBR,1.0,0.39,14.1,False,1
260326,260326/1S-488-01,1S-488-01,2,112,0.3146088179823951,1.9904890944993372,632.9078828530835,709.8492015467324,567.9820424062426,1.2497740219734286,0.9491525423728814,0.5998070820986336,1425.1875,1343.0,159621.0,2633.0,641.0,587.432350427544,0.41217899429201,3.2335382030844158,0.4620384195347125,-0.9326331630051684,401.7554533992495,196.0827789306641,44996.61078071594,2578.0,0.0,555.4860454399319,1.3826471818614263,2.316936314749125,2.111697242165837,4.2983820308873,1,2,0.1071428571428571,0.1428571428571428,1,1,0.5178571428571429,0.2053571428571428,21,INT,SYBR,1.0,0.39,14.1,False,1
260326,260326/1S-488-01,1S-488-01,3,109,0.3061817960721524,1.9283956513894096,624.3739029116301,641.2944946754294,609.7107929451598,1.0518011196385535,0.956140350877193,0.3099585180667226,1225.7064220183486,1166.0,133602.0,2234.0,641.0,440.9745164122781,0.3597717271368565,3.1603298786911087,0.4517041859918246,-0.8838445731533455,279.0416719279158,168.8041534423828,30415.542240142822,1907.0321044921875,0.0,365.08720395613176,1.3083608675138814,2.360868049376042,2.2157331222715664,5.857624670978028,1,3,0.0,0.110091743119266,2,1,0.4770642201834862,0.2201834862385321,21,INT,SYBR,1.0,0.39,14.1,False,1
260326,260326/1S-488-02,1S-488-02,1,189,0.5309023803452918,2.833163421616381,822.1714572092936,994.8926534809964,685.3386534545156,1.4516803458642582,0.9310344827586208,0.7248973672192959,1155.6190476190477,1095.0,218412.0,2155.0,513.0,463.9211608291279,0.4014481777407155,3.3042756100367328,0.3942559067180567,-1.0498219856171744,193.5347624777486,82.24825286865234,36578.07010829449,1426.020751953125,0.0,281.7089968330817,1.4555989488734398,2.2398548358513657,2.1195698922706576,4.598817849279486,1,3,0.0846560846560846,0.1693121693121693,2,9,0.5343915343915344,0.2116402116402116,21,INT,SYBR,1.0,0.39,14.1,False,2
260326,260326/1S-488-02,1S-488-02,2,155,0.4353961320292075,2.4583963403903053,744.555956879212,910.9043097305744,616.4818050266791,1.4775850678855862,0.933734939759036,0.7361853380613675,899.7612903225806,865.0,139463.0,1616.0,527.0,274.1326364881326,0.3046726275475255,3.156828175264097,0.5529897617597345,-0.6298978266900628,119.97810514280872,60.68185806274414,18596.606297135357,1055.15283203125,0.0,173.34329172246916,1.4447910434669755,2.1180435594603684,2.312481955801716,6.559555140448282,1,4,0.0,0.0838709677419354,2,5,0.4903225806451612,0.2193548387096774,21,INT,SYBR,1.0,0.39,14.1,False,2
260326,260326/1S-488-02,1S-488-02,3,64,0.1797764674185115,1.491535127053406,478.4333888119028,559.632840510591,411.1964557568317,1.3609865373974424,0.927536231884058,0.6783259455918984,911.015625,893.0,58305.0,1680.0,518.0,307.86399244994897,0.3379349201062813,3.025281045009977,0.4007681612559742,-0.9371021030898748,223.88896948099136,118.21700286865234,14328.894046783447,1680.0,0.0,294.233794664994,1.31419513586164,2.263455159714735,2.676551065401025,9.605780074991692,1,1,0.0,0.09375,1,1,0.46875,0.234375,21,INT,SYBR,1.0,0.39,14.1,False,2
260326,260326/1S-488-03,1S-488-03,1,210,0.5898915337169909,3.1988371286326185,866.6448106536773,935.4912164950384,837.9682913235556,1.116380209348312,0.8898305084745762,0.4445537560599232,409.2380952380952,400.5,85940.0,737.0,221.0,117.6192074775476,0.2874102114298929,3.2409383738863644,0.4151247233859619,-0.5586277552975827,56.07321164494469,17.608694076538086,11775.374445438383,593.4537353515625,0.0,93.5342906217328,1.6680744312273652,1.8927268795564085,2.910173189690937,10.544976233005912,1,5,0.0,0.0523809523809523,3,14,0.5571428571428572,0.2142857142857142,21,INT,SYBR,1.0,0.39,14.1,False,3
260326,260326/1S-488-03,1S-488-03,2,188,0.5280933730418775,3.50021096997242,819.9935157484457,883.5095336633035,808.5963955636973,1.09264589665575,0.8744186046511628,0.4029781775162293,382.90425531914894,360.0,71986.0,646.0,224.0,113.1498527602064,0.2955042969316089,3.3074171034631745,0.5351167040295189,-0.7840617605284743,48.531683312451584,11.740677833557127,9123.956462740898,400.1131896972656,0.0,81.71689167045417,1.683784408308137,2.0081347852109666,2.520588175796969,6.6392189696425845,1,4,0.0,0.0691489361702127,2,10,0.5797872340425532,0.2127659574468085,21,INT,SYBR,1.0,0.39,14.1,False,3
260326,260326/1S-488-03,1S-488-03,3,169,0.4747222342770069,2.8149766731967043,777.4542568193422,1075.7802484659665,575.8536584270528,1.8681486740997109,0.898936170212766,0.8446687889608657,517.2781065088758,486.0,87420.0,956.0,222.0,208.02297733941617,0.4021492012166704,3.310305307518498,0.3504171053729468,-1.0480470643921849,114.56614138600388,38.570289611816406,19361.677894234657,921.0,0.0,183.91220753994068,1.605292849309565,2.0739500824671757,2.2597399061842878,5.144740883092066,1,4,0.1065088757396449,0.1479289940828402,3,9,0.5798816568047337,0.2130177514792899,21,INT,SYBR,1.0,0.39,14.1,False,3
260326,260326/1S-488-04,1S-488-04,1,106,0.2977547741619096,1.8973489298344457,615.7216522882974,661.9272509263245,574.4060510769477,1.152368171758087,0.9636363636363636,0.4969516698918188,1140.0188679245282,1074.0,120842.0,2093.0,570.0,436.763812846302,0.3831198106759902,3.2117309338120457,0.5128971669443696,-0.8227131229708826,236.8737541168647,117.21820831298828,25108.617936387654,1598.6016845703125,0.0,332.817435685524,1.4050414193263652,2.335152761540396,2.249516146658789,5.077681815318286,1,4,0.0094339622641509,0.1226415094339622,1,2,0.5,0.1981132075471698,21,INT,SYBR,1.0,0.39,14.1,False,4
260326,260326/1S-488-04,1S-488-04,2,119,0.3342718691062948,2.140395926989768,652.386513072328,711.5298081928253,600.1904767106778,1.1855066613058218,0.9224806201550388,0.5370958828366786,1204.310924369748,1116.0,143313.0,2380.0,570.0,472.717903263762,0.3925214773843801,3.214644897563528,0.5110442191926199,-0.8148118471835062,255.29879590042495,110.82020568847656,30380.556712150574,2380.0,0.0,371.6607701644158,1.4557873994414603,2.0969591234490816,2.747798846938115,9.929092596549228,1,4,0.0672268907563025,0.1512605042016806,1,1,0.5462184873949579,0.1932773109243697,21,INT,SYBR,1.0,0.39,14.1,False,4
260326,260326/1S-488-04,1S-488-04,3,37,0.1039332702263269,1.1387213931724554,363.77458633858026,458.0884214935996,293.06420866286453,1.563099170600446,0.925,0.7685791809272295,778.5405405405405,749.0,28806.0,1247.0,565.0,152.52478752914496,0.1959111691515088,2.7656639767626614,0.990379955186231,1.0693828726063508,166.43583976900254,115.52359771728516,6158.126071453095,1146.723388671875,0.0,200.87013926155112,1.206892334850115,2.090518015494695,3.588671767888429,15.812484528766213,1,0,0.0,0.027027027027027,1,1,0.2702702702702703,0.1351351351351351,21,INT,SYBR,1.0,0.39,14.1,False,4
260326,260326/1S-488-05,1S-488-05,1,117,0.3286538544994663,2.215349343234983,646.8810432207431,693.2536078221824,610.9625799795723,1.134690782282217,0.9140625,0.4725621112940896,644.957264957265,594.0,75460.0,1172.0,291.0,260.4233421248747,0.4037838726293445,3.2744756576283325,0.4220045499200091,-1.065037273034037,168.6158508459727,67.1698989868164,19728.05454897881,1172.0,0.0,238.6550845759627,1.4153775186531514,2.30493224466425,2.0424911245477158,4.270650590691684,1,3,0.0598290598290598,0.1623931623931624,2,3,0.5555555555555556,0.2051282051282051,21,INT,SYBR,1.0,0.39,14.1,False,5
260326,260326/1S-488-05,1S-488-05,2,53,0.1488773870809548,1.4604884054984415,435.3809556564406,508.9158118567117,388.9032824087553,1.3085922255647555,0.8688524590163934,0.6450030509201196,406.7735849056604,390.0,21559.0,573.0,292.0,75.36542808451925,0.1852761115301971,3.155979172705133,0.5282977074698697,-0.7801537896064339,73.77876658709545,55.98610305786133,3910.2746291160574,326.3787841796875,0.0,74.29135776178418,1.006947678829567,2.720488396577251,1.396528807678212,1.903050542798308,1,0,0.0,0.0,1,1,0.3396226415094339,0.2075471698113207,21,INT,SYBR,1.0,0.39,14.1,False,5
260326,260326/1S-488-06,1S-488-06,1,210,0.5898915337169909,3.145837059732529,866.6448106536773,1317.2282058884175,582.766603885468,2.260301460492226,0.9251101321585904,0.8968085361538456,2524.909523809524,2328.0,530231.0,4095.0,1044.0,1016.6211869265296,0.4026366795878989,3.211704291145693,0.2401457051426122,-1.3339585309044355,650.1888190337589,273.45530700683594,136539.6519970894,4046.0,0.0,836.5329949829845,1.2866000929178547,2.4149285953892505,1.6750929496055185,2.629530692296317,4,5,0.1,0.1761904761904762,3,8,0.5238095238095238,0.2428571428571428,21,INT,SYBR,1.0,0.39,14.1,False,6
260326,260326/1S-488-06,1S-488-06,2,113,0.3174178252858093,2.217232642697707,635.7270855939122,879.9588902362236,480.78566415136896,1.8302519310542087,0.889763779527559,0.8375420509817285,1531.8230088495577,1470.0,173096.0,2612.0,1038.0,376.5283434144599,0.2458040786952556,3.132708790640427,0.6850900574441592,-0.4866210404667979,242.07656678900256,154.83876037597656,27354.652047157288,2322.09619140625,0.0,323.9888891761564,1.3383736124221794,2.0729220350893827,3.419394109904595,16.839697782837128,1,3,0.0,0.0265486725663716,1,5,0.4424778761061947,0.2123893805309734,21,INT,SYBR,1.0,0.39,14.1,False,6
260326,260326/1S-488-06,1S-488-06,3,41,0.1151692994399839,1.2174414083431195,382.9335534873286,418.5067779798957,357.4591285409179,1.170782180575897,0.9111111111111112,0.5200598152300869,1346.560975609756,1336.0,55209.0,1795.0,1032.0,196.45979853146645,0.1458974395440983,3.1681047533362103,0.2994267158980301,-0.5156930565743423,241.76196437928732,184.7783050537109,9912.24053955078,917.7086181640624,0.0,184.1748058812915,0.7618022394637295,2.620949111454894,1.3554049472929053,3.1709226899236107,1,0,0.0,0.0,1,1,0.2926829268292683,0.2682926829268293,21,INT,SYBR,1.0,0.39,14.1,False,6
260326,260326/1S-488-07,1S-488-07,1,108,0.3033727887687381,1.9155356782541224,621.5032030946782,704.3561947030031,547.7075266050605,1.2860078791849403,0.9642857142857144,0.6287590235362319,1564.638888888889,1495.0,168981.0,2784.0,782.0,552.7667953688112,0.3532871381979726,3.254290469705809,0.3783883703552757,-0.9993198727398958,332.4794349434476,183.2948303222656,35907.77897389233,2784.0,0.0,449.7960920550025,1.3528538754028794,2.1983145235065757,2.623003451732063,9.208449961575516,1,2,0.0092592592592592,0.1203703703703703,1,2,0.4814814814814814,0.2037037037037037,21,INT,SYBR,1.0,0.39,14.1,False,7
260326,260326/1S-488-08,1S-488-08,1,128,0.359552934837023,2.215349343234984,676.6069871499132,796.5960357373622,575.264738239673,1.3847468526838085,0.920863309352518,0.6917326792373416,1064.8125,954.5,136296.0,2159.0,446.0,465.976052069591,0.437613243711537,3.2634636776133648,0.4794425071996523,-1.0118459607760988,234.52209194051105,102.2580337524414,30018.82776838541,2050.71240234375,0.0,345.7034018779339,1.474076062589554,2.066363405778483,2.5181507718026297,7.776637948331217,1,3,0.09375,0.171875,2,3,0.53125,0.21875,21,INT,SYBR,1.0,0.39,14.1,False,8
260326,260326/1S-488-08,1S-488-08,2,100,0.2809007303414242,1.8973489298344453,598.0417360148784,614.487054166268,585.8761535157256,1.048834383305847,0.9523809523809524,0.3015847413172814,868.58,811.5,86858.0,1627.0,461.0,295.821512525251,0.3405806172433754,3.195037173343854,0.5138695584731712,-0.7044969493881581,160.15462983608245,82.3304672241211,16015.462983608246,1627.0,0.0,244.5812038651964,1.5271566242919368,1.9931374276694425,3.187720362591971,13.636790552092158,1,2,0.0,0.12,1,3,0.5,0.17,21,INT,SYBR,1.0,0.39,14.1,False,8
260326,260326/1S-488-08,1S-488-08,3,99,0.27809172303801,1.9594423729443735,595.0440142002377,648.8711886461804,551.3173991495138,1.1769466910479467,0.9166666666666666,0.5273371013834731,791.9090909090909,712.0,78399.0,1368.0,443.0,255.19736623413377,0.3222558866462486,3.2228043117785923,0.443855931883971,-1.0485818158939728,131.93407519658408,71.18496704101562,13061.473444461824,728.4472045898438,0.0,164.50616308550255,1.2468815417122945,2.528510019249211,1.6944851324686745,2.4561844645635134,1,1,0.0,0.0707070707070707,1,3,0.4747474747474747,0.2323232323232323,21,INT,SYBR,1.0,0.39,14.1,False,8
260326,260326/1S-488-08,1S-488-08,4,61,0.1713494455082687,1.5225818486083695,467.08552748888576,594.3248314085888,370.2931015014997,1.6050118919274057,0.9242424242424242,0.7821833302360387,689.5409836065573,665.0,42062.0,1106.0,444.0,184.52502755005816,0.2676055984155187,3.1293258635376557,0.4775342967893689,-0.8641225982387639,131.50177312043846,81.74152374267578,8021.608160346746,695.8402099609375,0.0,154.94588960909266,1.1782798507757188,2.5004017819354494,2.052836034093095,4.264623639873768,1,1,0.0,0.0327868852459016,1,2,0.4262295081967213,0.1967213114754098,21,INT,SYBR,1.0,0.39,14.1,False,8
260326,260326/1S-488-09,1S-488-09,1,183,0.5140483365248063,2.8149766731967043,809.0158650908596,1028.89343814715,638.9683150746484,1.6102417191483869,0.9289340101522844,0.7837909350470225,707.3333333333334,679.0,129442.0,1258.0,359.0,248.92541213355616,0.3519209408108711,3.325763534196252,0.4169603425848236,-0.9188226745930635,92.47038198168812,38.55198669433594,16922.079902648926,695.353759765625,0.0,140.00936734951182,1.5140995889606883,2.187543910434537,2.306063648915276,5.250266427849386,1,4,0.0,0.1147540983606557,2,11,0.546448087431694,0.2076502732240437,21,INT,SYBR,1.0,0.39,14.1,False,9
260326,260326/1S-488-09,1S-488-09,2,97,0.2724737084311815,1.9283956513894096,589.0028017549823,638.8361898243008,549.7578520388984,1.1620319518039368,0.9065420560747663,0.509346487884743,706.6082474226804,660.0,68541.0,1393.0,358.0,256.8329368116003,0.3634728829565549,3.0897577465873054,0.5860180269720124,-0.5914032618196234,135.88182070943498,52.3648796081543,13180.536608815191,1393.0,0.0,210.42812390880115,1.548611306576274,1.936302823493567,3.2091872887809467,13.764943669176605,1,4,0.0,0.1237113402061855,1,4,0.5567010309278351,0.2164948453608247,21,INT,SYBR,1.0,0.39,14.1,False,9
260326,260326/1S-488-10,1S-488-10,1,176,0.4943852854009066,2.7619766042966147,793.3920189336503,1035.2624128395917,611.3785640746962,1.6933246824026802,0.9166666666666666,0.8069979795910852,698.1363636363636,635.0,122872.0,1265.0,319.0,268.61308049495096,0.3847573260556625,3.3713908164381934,0.4645484966482974,-0.9738828141354894,139.36809605698693,57.734479904174805,24528.7849060297,1201.0,0.0,209.0522035851164,1.5000004269243656,2.0869866075081625,2.2688760282330254,5.727217812140058,1,4,0.0454545454545454,0.1534090909090909,2,10,0.5397727272727273,0.2272727272727272,21,INT,SYBR,1.0,0.39,14.1,False,10
260326,260326/1S-488-10,1S-488-10,2,94,0.2640466865209387,1.9613256724070975,579.822975514724,625.7482369081639,550.2997534003405,1.137104338211351,0.8703703703703703,0.4760341888426413,524.4787234042553,523.5,49301.0,848.0,320.0,136.12263041162822,0.2595388989816241,3.211444717947982,0.1882527660827754,-0.9158184443126912,94.73261395413824,67.74186706542969,8904.865711688995,543.5952758789062,0.0,114.53453083561332,1.2090295628394834,2.4784777773157205,1.7763367008616464,3.2665837565961717,1,3,0.0,0.0319148936170212,1,3,0.4361702127659574,0.2340425531914893,21,INT,SYBR,1.0,0.39,14.1,False,10
260326,260326/1S-488-10,1S-488-10,3,94,0.2640466865209387,1.8534422351441944,579.822975514724,632.0456764312218,536.1930864683474,1.1787650612845653,0.94,0.5294430691178867,608.1489361702128,555.5,57166.0,1084.0,321.0,208.20419864207693,0.3423572520791245,3.179070618726827,0.4070709039324556,-0.968755201838268,141.74235434735076,67.20315933227539,13323.78130865097,1039.675537109375,0.0,188.73164149662665,1.3315119701915274,2.23670089425734,2.1431831809979887,5.858258449062285,1,2,0.0,0.1063829787234042,1,2,0.5212765957446809,0.2765957446808511,21,INT,SYBR,1.0,0.39,14.1,False,10
260326,260326/1S-488-11,1S-488-11,1,207,0.5814645118067481,3.0269769487970626,860.4322229510454,1081.8578402809812,696.2044367788251,1.5539370092016136,0.92,0.7654236405824286,1111.8454106280194,1001.0,230152.0,2055.0,470.0,470.5226955780966,0.4231907521319215,3.346501324221461,0.4361366606353188,-1.0259478378952007,205.10782055664757,74.65106201171875,42457.31885522604,1807.6619873046875,0.0,311.23826742033793,1.5174373486864623,2.08887964176954,2.323072991240586,5.931565478502048,1,4,0.1159420289855072,0.1642512077294686,1,13,0.5362318840579711,0.2077294685990338,21,INT,SYBR,1.0,0.39,14.1,False,11
260326,260326/1S-488-11,1S-488-11,2,122,0.3426988910165375,2.1623492743348933,660.5586877629735,759.4643116822269,581.3107236768361,1.3064687795170116,0.9384615384615383,0.6435286309280381,979.0081967213116,900.5,119439.0,1898.0,476.0,387.337307801486,0.3956425585594428,3.242313774527274,0.5138802065628625,-0.8546873302986064,211.634657810946,101.28329467773438,25819.42825293541,1898.0,0.0,303.049488160204,1.4319464084702005,2.142615003353028,2.803488113550173,10.149357491358652,1,3,0.040983606557377,0.1557377049180328,1,2,0.5163934426229508,0.221311475409836,21,INT,SYBR,1.0,0.39,14.1,False,11
260326,260326/1S-488-11,1S-488-11,3,88,0.2471926427004533,1.8095355404539435,561.0128767272698,609.0733610672512,522.7497878034587,1.1651336361637088,0.9072164948453608,0.5131973267003399,961.9659090909092,884.5,84653.0,1709.0,470.0,355.96026669858753,0.3700341803536283,3.2333785300207416,0.5336803295681649,-0.812736855640174,243.4426242871718,115.4651985168457,21422.95093727112,1401.4073486328125,0.0,316.6681303106247,1.300791639253256,2.418978663382133,1.975645880032096,3.677290100513522,1,4,0.0454545454545454,0.1477272727272727,1,2,0.5340909090909091,0.2272727272727272,21,INT,SYBR,1.0,0.39,14.1,False,11
260326,260326/1S-488-11,1S-488-11,4,80,0.2247205842731393,1.7345821242087285,534.904790044501,655.033384485762,440.5387870327478,1.4868915150417157,0.9090909090909092,0.7400571182649357,764.175,756.0,61134.0,1124.0,473.0,193.68595062201703,0.253457585791235,3.2640424555859475,0.1221861615215072,-1.3294238939531042,133.2949883680325,87.3437614440918,10663.5990694426,602.83203125,0.0,152.6621296244285,1.145295344510047,2.6517599967494814,1.4622604389812306,1.4934933517645774,1,1,0.0,0.0,2,1,0.45,0.2125,21,INT,SYBR,1.0,0.39,14.1,False,11
260326,260326/1S-488-11,1S-488-11,5,53,0.1488773870809548,1.3544882676982624,435.3809556564406,497.5620651444335,383.6469961910403,1.296926784477333,0.913793103448276,0.6367703075145552,742.4716981132076,697.0,39351.0,1165.0,478.0,178.2203264516214,0.2400365251692697,3.057764467594025,0.4759063266140013,-0.5603293396843356,167.4089202341044,110.59220886230467,8872.672772407532,975.9472045898438,0.0,188.27286364559487,1.1246286242233354,2.473883401076458,2.349410080663537,6.79920537435514,1,1,0.0,0.0377358490566037,1,1,0.3584905660377358,0.1698113207547169,21,INT,SYBR,1.0,0.39,14.1,False,11
260326,260326/1S-488-11,1S-488-11,6,99,0.27809172303801,2.4439761908960773,595.0440142002377,1022.9118687442632,369.06929385528576,2.771598411937659,0.8761061946902655,0.9326421935714764,723.030303030303,696.0,71580.0,1092.0,482.0,159.1496186397333,0.2201147282108633,3.26991770735224,0.4462712364256522,-0.6037783848545022,139.13730979206585,99.19496154785156,13774.59366941452,611.2261352539062,0.0,154.55771261402683,1.110828668780545,2.6366204225568546,1.1899582272315468,0.4987829336332283,2,2,0.0,0.0202020202020202,2,6,0.404040404040404,0.2323232323232323,21,INT,SYBR,1.0,0.39,14.1,False,11
260326,260326/1S-488-12,1S-488-12,1,129,0.3623619421404372,2.158582675409445,679.2448411583556,719.8681815678931,642.722814686541,1.1200289846859977,0.9555555555555556,0.4503858149423447,1355.139534883721,1203.0,174813.0,2535.0,586.0,561.5872976465075,0.4144128949014059,3.3175715645367623,0.5141550338910009,-0.9349231675233828,393.5880760296371,128.42991638183594,50772.86180782318,2362.0,0.0,533.2814168781033,1.3549226954679068,2.3758359216577243,1.717696311950719,2.4809817729566896,1,4,0.0775193798449612,0.1782945736434108,1,3,0.5658914728682171,0.2558139534883721,21,INT,SYBR,1.0,0.39,14.1,False,12
260326,260326/1S-488-12,1S-488-12,2,123,0.3455078983199517,2.171442648544732,663.2603705629474,815.2499295441006,542.1876315221432,1.5036306292258264,0.9389312977099236,0.7467926442013093,1073.3821138211383,1042.0,132026.0,1912.0,584.0,345.4952378102967,0.3218753446341364,3.2147995730819834,0.4891577440073007,-0.70913698512138,236.51775530683315,114.31085968017578,29091.68390274048,1747.63525390625,0.0,330.51984311664614,1.39744199198857,2.211596837974004,2.3216857081579114,6.099205191505442,1,4,0.0,0.08130081300813,1,3,0.5040650406504065,0.2113821138211382,21,INT,SYBR,1.0,0.39,14.1,False,12
260326,260326/1S-488-12,1S-488-12,3,45,0.1264053286536409,1.2447215309726345,401.17859253337576,471.3936812470088,345.4256738060314,1.3646747100556078,0.9,0.6804706267462657,859.5111111111111,853.0,38678.0,1343.0,586.0,198.8046805538064,0.2312997214158252,2.9343877404203997,0.4253867534266216,-0.6743742632690637,222.86801518334283,159.8843231201172,10029.060683250427,1198.9998779296875,0.0,246.8836944425038,1.1077574062810422,2.479196154199406,2.2159579762554773,5.766278877129711,1,0,0.0,0.0222222222222222,1,1,0.3777777777777777,0.1555555555555555,21,INT,SYBR,1.0,0.39,14.1,False,12
260326,260326/1S-488-13,1S-488-13,1,128,0.359552934837023,2.140395926989768,676.6069871499132,744.5024967241275,615.1687922676401,1.2102410039035572,0.9481481481481482,0.5632570853610555,1163.0703125,1025.5,148873.0,2389.0,490.0,504.569125979028,0.4338251269559663,3.2211277302768364,0.5885089934509694,-0.7152490788178261,265.2104719238123,116.32023620605467,33946.94040624797,2389.0,0.0,413.4278807283841,1.5588671055460834,2.0339316578537185,2.773874991480352,9.243500455790675,1,4,0.0859375,0.15625,1,3,0.5,0.2109375,21,INT,SYBR,1.0,0.39,14.1,False,13
260326,260326/1S-488-13,1S-488-13,2,121,0.3398898837131233,2.096489232299517,657.8459096163664,740.9932424052005,585.7271841250412,1.2650825546232682,0.9603174603174603,0.6125107627855527,857.1322314049587,805.0,103713.0,1403.0,475.0,254.1417564453862,0.2965023915024319,3.335133777440363,0.3017844557396706,-1.1218317362899846,119.08362170782956,55.96725845336914,14409.118226647375,715.2173461914062,0.0,153.12922528524908,1.2858966085273258,2.4099223957646507,1.6957753202850323,2.6128772774037152,1,2,0.0,0.0330578512396694,1,4,0.5206611570247934,0.2727272727272727,21,INT,SYBR,1.0,0.39,14.1,False,13
260326,260326/1S-488-13,1S-488-13,3,41,0.1151692994399839,1.2356281567627962,382.9335534873286,468.12443563681705,317.72522814914635,1.4733624974126085,0.9111111111111112,0.7343975143539669,679.560975609756,672.0,27862.0,886.0,482.0,103.73549266776725,0.1526507501033112,3.032856522983049,0.0162041173944683,-0.7750073800703108,95.517508646337,80.58100891113281,3916.217854499817,303.82403564453125,0.0,81.11276725223094,0.8491926600866336,2.901421658566891,0.649332724590818,-0.1628156655474861,1,0,0.0,0.0,1,1,0.3414634146341463,0.2926829268292683,21,INT,SYBR,1.0,0.39,14.1,False,13
260326,260326/1S-488-14,1S-488-14,1,123,0.3455078983199517,2.109349205434804,663.2603705629474,754.7719612048646,587.3568444818935,1.2850313541006706,0.946153846153846,0.6280275209304711,1236.9674796747968,1099.0,152147.0,2504.0,534.0,535.646964954444,0.4330323745417038,3.204018936314652,0.5720103087366438,-0.7316472361201969,309.44418456302424,158.2864532470703,38061.634701251984,2504.0,0.0,444.2200202226976,1.4355416659388656,2.1146419128013685,2.4099828462534574,6.861142988748124,1,4,0.1219512195121951,0.1626016260162601,1,4,0.4959349593495935,0.2439024390243902,21,INT,SYBR,1.0,0.39,14.1,False,14
260326,260326/1S-488-14,1S-488-14,2,111,0.3117998106789809,2.003349067634625,630.0760660407722,673.3666506451526,591.4703458795966,1.1384622328677612,0.9487179487179488,0.4779669084892753,1050.873873873874,975.0,116647.0,1860.0,557.0,357.7484671745859,0.3404294997417768,3.265347936211707,0.5412971892854141,-0.8315505451846938,210.69276407280483,95.93221282958984,23386.896812081337,1396.9788818359375,0.0,291.6241445665845,1.3841203605161012,2.3053230263343,2.12728576493404,4.389401458306833,1,4,0.0,0.1081081081081081,1,3,0.5315315315315315,0.1891891891891892,21,INT,SYBR,1.0,0.39,14.1,False,14
260326,260326/1S-488-14,1S-488-14,3,34,0.0955062483160842,1.160674740517581,348.7152593812529,482.1012126271992,258.1388022716194,1.8676045925088067,0.8292682926829268,0.8445699431092454,706.9411764705883,722.0,24036.0,876.0,536.0,99.53861476269904,0.1408018348282479,2.9401437834560733,-0.2650928454034122,-0.8570125413411445,115.04114979856156,89.32878875732422,3911.399093151093,467.1449890136719,0.0,108.16490001910002,0.9402279115646712,2.614483494525897,1.460560557161363,2.3617925626210274,1,0,0.0,0.0,1,1,0.3235294117647059,0.2647058823529412,21,INT,SYBR,1.0,0.39,14.1,False,14
260326,260326/1S-488-15,1S-488-15,1,137,0.3848340005677512,2.3470694273057364,699.9899054139959,750.7458062013706,656.0745213230866,1.1442995906735764,0.9448275862068966,0.4861111003801238,1748.5036496350365,1605.0,239545.0,3165.0,767.0,725.3481124106952,0.4148393470966425,3.3501647657546245,0.4496635711800503,-1.0688605468506571,318.0412469136454,140.87997436523438,43571.65082716942,1782.6807861328125,0.0,398.7880835235722,1.253887938729693,2.5617519107633973,1.6318395018341407,1.9726449244272857,1,4,0.0875912408759124,0.1751824817518248,1,3,0.5255474452554745,0.2335766423357664,21,INT,SYBR,1.0,0.39,14.1,False,15
260326,260326/1S-488-15,1S-488-15,2,89,0.2500016500038675,1.747442097344015,564.191445374674,642.9265619246233,496.5705951297877,1.2947334542766935,0.978021978021978,0.6351853469698463,1516.8314606741574,1437.0,134998.0,2759.0,775.0,539.0558715340575,0.3553828394978526,3.227230391176536,0.4930356629221222,-0.8342720990087602,312.48580985390737,152.46783447265625,27811.23707699776,2759.0,0.0,440.9451044496834,1.411088409601169,2.0401003609111177,2.8868340760263007,11.14385439822424,1,2,0.0,0.0898876404494382,1,1,0.5056179775280899,0.2247191011235955,21,INT,SYBR,1.0,0.39,14.1,False,15
260326,260326/1S-488-15,1S-488-15,3,47,0.1320233432604693,1.3105815730080113,409.9967578742229,512.4777695355914,330.0973337289466,1.5525050255522608,0.9215686274509804,0.7649242063497455,1064.8297872340424,1069.0,50047.0,1464.0,785.0,208.53613169872216,0.1958398743149428,3.0275966632432523,0.2051903674312103,-1.1777745439325271,154.6124116867147,120.95386505126952,7266.783349275589,507.3804931640625,0.0,132.2945463944274,0.8556528221194225,2.804001253720771,0.8344657955093953,-0.1905122155785927,1,0,0.0,0.0,1,1,0.3191489361702128,0.2765957446808511,21,INT,SYBR,1.0,0.39,14.1,False,15
260326,260326/2S-488-01,2S-488-01,1,114,0.3202268325892236,2.1971625948153064,638.5338413411511,677.5975452257697,607.1411918044881,1.116046076880203,0.8976377952755905,0.444012980262052,574.8859649122807,544.5,65537.0,994.0,332.0,181.9697902950766,0.3165319757333831,3.256187190311264,0.5526594977649643,-0.7494140417860544,103.84565743856264,46.25535202026367,11838.40494799614,867.0,0.0,146.465767954704,1.4104178409324084,2.1003292947704875,2.3314048528434648,7.155657156224853,1,2,0.0,0.1052631578947368,1,4,0.5175438596491229,0.2105263157894736,21,INT,SYBR,2.0,0.39,14.1,False,1
260326,260326/2S-488-01,2S-488-01,2,115,0.3230358398926378,2.0873958580896783,641.3283135165975,783.6271199297671,526.7157712980321,1.4877608809749625,0.934959349593496,0.74041407373671,732.2782608695652,650.0,84212.0,1358.0,332.0,290.99172677170816,0.3973786227467158,3.2747392547416574,0.4983237675317458,-0.9242997084878696,176.9709684285133,72.88603210449219,20351.661369279027,1139.239013671875,0.0,240.9663911299086,1.3616153726776152,2.320035571201926,1.910682670475006,3.3647451338315744,1,2,0.0869565217391304,0.1565217391304348,1,4,0.5217391304347826,0.2260869565217391,21,INT,SYBR,2.0,0.39,14.1,False,1
260326,260326/2S-488-02,2S-488-02,1,87,0.244383635397039,1.7784888188989791,557.8161961378049,635.7541231200939,491.8675140334576,1.2925312304256973,0.925531914893617,0.6335818152239799,1861.0459770114944,1691.0,161911.0,3417.0,952.0,686.6315810491769,0.3689492841825348,3.1901257470285977,0.4484894180126691,-0.922093329464194,452.56653325311066,242.93540954589844,39373.28839302063,3417.0,0.0,582.2870958136912,1.2866331313279646,2.2395070348773647,2.525061024904631,8.160953264712592,1,2,0.0,0.1034482758620689,1,1,0.4712643678160919,0.1954022988505747,21,INT,SYBR,2.0,0.39,14.1,False,2
260326,260326/2S-488-03,2S-488-03,1,110,0.3089908033755666,1.9594423729443733,627.2314643074426,711.824405662452,553.9942929819451,1.2848948349828049,0.9649122807017544,0.627925055288111,1462.6454545454546,1387.5,160891.0,2811.0,641.0,617.4854094976268,0.422170258403136,3.214236860431519,0.4975444805370809,-0.8615607448722216,454.98602919145065,187.3873062133789,50048.46321105957,2811.0,0.0,631.6161248496953,1.388209932450303,2.3172767949741395,1.824159501626768,2.792091252349949,1,4,0.1,0.1545454545454545,1,2,0.5363636363636364,0.2454545454545454,21,INT,SYBR,2.0,0.39,14.1,False,3
260326,260326/2S-488-03,2S-488-03,2,95,0.266855693824353,1.8095355404539435,582.8989810549554,630.0592870920397,540.7686174487808,1.165118068545677,0.95,0.5131781476375514,1133.621052631579,1070.0,107694.0,1895.0,631.0,379.96842475051903,0.3351811647009054,3.263585677627412,0.446552462133319,-1.1033937431390146,254.0172833734437,141.5390625,24131.641920477152,1400.3187255859375,0.0,312.8235856553186,1.2315051224109848,2.492813882810223,1.7113902083907566,2.825187538916809,1,0,0.0,0.0947368421052631,1,1,0.4736842105263157,0.2526315789473684,21,INT,SYBR,2.0,0.39,14.1,False,3
260326,260326/2S-488-03,2S-488-03,3,70,0.1966305112389969,1.5225818486083698,500.35761472269286,554.4349590964255,451.2693226612035,1.2286121197577506,0.945945945945946,0.5809678157191073,1142.3142857142857,1067.0,79962.0,1874.0,624.0,368.2126647192181,0.3223391927458701,3.0587083252722715,0.3894453537683344,-0.993936828267564,313.3572384970529,169.62789154052734,21935.0066947937,1599.0604248046875,0.0,346.8714518844414,1.1069520957873251,2.612142608490718,1.6564255472201872,2.630314621168422,1,0,0.0,0.0857142857142857,1,1,0.4428571428571428,0.2142857142857142,21,INT,SYBR,2.0,0.39,14.1,False,3
260326,260326/2S-488-03,2S-488-03,4,70,0.1966305112389969,1.628581986408549,500.35761472269286,554.082490666873,455.2417083712737,1.2171171500283304,0.8974358974358975,0.5700448198972218,1084.5857142857142,1045.5,75921.0,1773.0,624.0,344.73453314642745,0.3178490446681409,3.152875092872396,0.5336783387026764,-0.8429729480812371,279.18505200658524,147.88021087646484,19542.953640460968,1592.27001953125,0.0,362.7499601184645,1.299317271864212,2.423757901042737,2.148306336917665,4.1969790406653,1,0,0.0,0.1285714285714285,1,1,0.4714285714285714,0.2,21,INT,SYBR,2.0,0.39,14.1,False,3
260326,260326/2S-488-04,2S-488-04,1,160,0.4494411685462787,2.5280229813511306,756.4696086592663,815.0838171842909,706.1813111920131,1.1542132371195912,0.9090909090909092,0.49936617441629,1530.0875,1468.5,244814.0,3026.0,636.0,656.0326670373403,0.428755000637114,3.2635896179378423,0.4419224878952816,-0.920965984490422,434.4558376811445,235.58120727539065,69512.93402898312,3026.0,0.0,599.1633863535706,1.379112292636077,2.340365743247681,2.1844526231816768,4.974936171068412,1,4,0.11875,0.1875,2,7,0.475,0.20625,21,INT,SYBR,2.0,0.39,14.1,False,4
260326,260326/2S-488-04,2S-488-04,2,99,0.27809172303801,1.937489025599248,595.0440142002377,704.6561509043931,507.4889578407272,1.388515237656749,0.9252336448598132,0.6937729875466646,1032.060606060606,1027.0,102174.0,1521.0,633.0,238.03120264427935,0.2306368455946097,3.245637034504645,0.075554326575185,-1.1914236004443337,211.613818149374,161.6236114501953,20949.767996788025,1010.2442016601562,0.0,240.04926856465184,1.1343742609247087,2.613528134991544,1.5473765460974298,1.9557352794669969,1,1,0.0,0.0,1,3,0.4343434343434343,0.2323232323232323,21,INT,SYBR,2.0,0.39,14.1,False,4
260326,260326/2S-488-04,2S-488-04,3,52,0.1460683797775405,1.46958177970828,431.2540288138287,516.0775833198285,370.2439631675665,1.393885207214736,0.8666666666666667,0.6966417314691928,861.75,858.0,44811.0,1211.0,633.0,159.11037912436146,0.1846363552356965,3.0364335284378554,0.4144461508549015,-0.7639283870396163,189.18443241486185,143.36821746826172,9837.590485572817,805.0177612304688,0.0,183.12048336546704,0.9679468919720774,2.716306003344727,1.5392915710431585,2.304973616635793,1,0,0.0,0.0,1,1,0.4038461538461538,0.2307692307692307,21,INT,SYBR,2.0,0.39,14.1,False,4
260326,260326/2S-488-05,2S-488-05,1,127,0.3567439275336087,2.453069565105916,673.9588087412508,933.4754756553328,512.9132813664743,1.8199479513738088,0.8943661971830986,0.8355159038828492,1047.4566929133855,987.0,133027.0,1850.0,491.0,392.5603129457784,0.3747747430530183,3.29540804662274,0.3205127106065483,-1.054729661666073,213.8329192184088,101.74616241455078,27156.780740737915,1458.7730712890625,0.0,295.5021355012962,1.3819300441737437,2.3240692014506408,1.9812317261571888,3.741150165481136,1,2,0.0708661417322834,0.1417322834645669,1,7,0.5118110236220472,0.2047244094488189,21,INT,SYBR,2.0,0.39,14.1,False,5
260326,260326/2S-488-05,2S-488-05,2,141,0.3960700297814081,2.7381399574887646,710.1352155766692,1111.4281494455624,472.1093550583392,2.3541752298219585,0.8703703703703703,0.9052979160493808,1011.8794326241136,995.0,142675.0,1658.0,490.0,318.03334225871225,0.3142996408514346,3.370473473048926,0.220593051188689,-0.9794948730534844,204.99548125520667,72.2988510131836,28904.36285698414,1067.684814453125,0.0,266.0275893100769,1.2977241628994205,2.4290029186825293,1.316053979043598,0.7718604581059756,2,4,0.0212765957446808,0.0638297872340425,2,9,0.5319148936170213,0.2765957446808511,21,INT,SYBR,2.0,0.39,14.1,False,5
260326,260326/2S-488-05,2S-488-05,3,116,0.3258448471960521,2.3160227057507723,644.1106619969895,944.5875058484028,447.5727220710533,2.1104671023683323,0.9206349206349206,0.8806170057114472,914.7931034482758,878.5,106116.0,1598.0,488.0,265.38708455325434,0.290106127334026,3.2374151195080656,0.3929793080861253,-0.7667860118817069,173.75716155561906,80.3566665649414,20155.830740451813,1598.0,0.0,241.96547786932643,1.392549669337653,2.053360577338431,2.620866779382678,10.078537513220365,1,2,0.0,0.0344827586206896,1,6,0.5086206896551724,0.2327586206896551,21,INT,SYBR,2.0,0.39,14.1,False,5
260326,260326/2S-488-05,2S-488-05,4,66,0.1853944820253399,1.535441821743657,485.85140309600337,576.0231015682874,412.6371229587048,1.3959555975915765,0.9295774647887324,0.6977358239961566,796.6363636363636,809.5,52578.0,1288.0,493.0,204.91533984427932,0.2572256919190999,2.997212644252926,0.5001456208405315,-0.6044194299642713,165.13103156378776,98.40055847167967,10898.648083209991,962.8866577148438,0.0,190.05968680270155,1.15096287477187,2.496082134323847,1.9091481870696068,4.379707880480252,1,1,0.0,0.0303030303030303,1,1,0.4545454545454545,0.2575757575757575,21,INT,SYBR,2.0,0.39,14.1,False,5
260326,260326/2S-488-06,2S-488-06,1,113,0.3174178252858093,2.021535816054301,635.7270855939122,666.7494535324904,614.8321679501139,1.0844413943978757,0.9741379310344828,0.3868712493305934,1091.787610619469,1040.0,123372.0,1847.0,527.0,375.25651824850416,0.3437083500476686,3.30351382436016,0.2082315202990184,-1.142032406976654,220.527242126718,101.4433364868164,24919.578360319138,1501.26220703125,0.0,302.0490377132224,1.3696676873130296,2.296807287450548,2.004901946387496,4.292053602385899,1,1,0.0353982300884955,0.0707964601769911,1,1,0.504424778761062,0.2123893805309734,21,INT,SYBR,2.0,0.39,14.1,False,6
260326,260326/2S-488-06,2S-488-06,2,81,0.2275295915765536,1.842465561471632,538.2375624133907,603.2161861661102,497.71022864897975,1.2119826988557647,0.8709677419354839,0.5649950606922494,1150.20987654321,1097.0,93167.0,2085.0,540.0,429.6734433278773,0.3735609057880801,3.218886435964075,0.3105354282424365,-0.9891716123757206,325.3507645174309,159.53680419921875,26353.411925911903,2085.0,0.0,444.34355539915856,1.3657369333624312,2.286210057209768,2.1168116909618,4.919143561817485,1,3,0.0493827160493827,0.1234567901234567,1,1,0.5061728395061729,0.2222222222222222,21,INT,SYBR,2.0,0.39,14.1,False,6
260326,260326/2S-488-06,2S-488-06,3,82,0.2303385988799678,1.7345821242087285,541.5498248295032,586.3994234083601,516.5833461112924,1.135149686536791,0.9213483146067416,0.4732259495410879,1055.878048780488,1068.0,86582.0,1801.0,520.0,338.0267134685778,0.3201380252757314,3.1200605718420684,0.2045058085350597,-0.8310797234764022,248.13135724242144,104.75154495239258,20346.771293878555,1501.2391357421875,0.0,361.4399571914461,1.4566476450548873,2.3195814226801184,1.9350815263763748,3.2944881227089557,1,1,0.024390243902439,0.0609756097560975,1,1,0.524390243902439,0.2439024390243902,21,INT,SYBR,2.0,0.39,14.1,False,6
260326,260326/2S-488-06,2S-488-06,4,75,0.2106755477560681,1.703535402653764,517.9193359122318,533.6427746402169,513.4194631656273,1.0393894523396077,0.925925925925926,0.2726853149833766,941.8666666666668,938.0,70640.0,1389.0,523.0,242.9211491095098,0.2579145835675713,3.241690159523964,-0.0324849477100831,-1.1893589735738248,152.4874586613973,90.22100830078124,11436.559399604796,853.6693115234375,0.0,187.45596654005465,1.2293205499365418,2.478034287319896,1.7598272727539075,3.3303916685560377,1,2,0.0,0.0,1,2,0.4533333333333333,0.28,21,INT,SYBR,2.0,0.39,14.1,False,6
260326,260326/2S-488-06,2S-488-06,5,40,0.1123602921365696,1.129628018962617,378.2348043296332,435.97809109742167,330.1060762914377,1.3207211936096377,0.9523809523809524,0.6532270597204414,725.375,699.5,29015.0,1065.0,528.0,144.36575478224103,0.1990222364738804,3.012722177233531,0.6419816229202093,-0.4038664870354793,166.70938526391984,103.69870376586914,6668.375410556793,798.0103759765625,0.0,184.7086944492986,1.1079681816166729,2.4666993846253447,1.6256849107754987,2.881993278932174,1,0,0.0,0.0,1,1,0.425,0.25,21,INT,SYBR,2.0,0.39,14.1,False,6
260326,260326/2S-488-07,2S-488-07,1,145,0.4073060589950651,2.3342094541704497,720.1376126288294,822.7387556323064,635.3442012606482,1.294949657209164,0.9477124183006536,0.6353421150495648,1369.7655172413793,1186.0,198616.0,2870.0,612.0,613.6941874803169,0.4480286441406833,3.177819313409655,0.6330150668293199,-0.8070373112225835,334.4767694506152,123.03165435791016,48499.1315703392,2870.0,0.0,499.7433373612585,1.4941047720058318,2.085405175434645,2.297997725115901,6.189821885167973,1,4,0.1103448275862069,0.2,1,6,0.5517241379310345,0.2137931034482758,21,INT,SYBR,2.0,0.39,14.1,False,7
260326,260326/2S-488-07,2S-488-07,2,78,0.2191025696663109,1.6596287079635128,528.1761600566973,556.598228947598,505.4203445735576,1.101258061578865,0.9285714285714286,0.418856635927997,1101.2435897435898,1000.5,85897.0,1749.0,618.0,338.5767455403762,0.3074494586789916,3.21439038792774,0.4184230764583405,-1.1368439788772209,238.40815313045795,126.13708877563477,18595.83594417572,894.1025390625,0.0,252.64814843485664,1.059729481217056,2.759975289435669,1.1288163327598524,0.0559126715624618,1,0,0.0,0.0769230769230769,1,1,0.4615384615384615,0.2692307692307692,21,INT,SYBR,2.0,0.39,14.1,False,7
260326,260326/2S-488-07,2S-488-07,3,80,0.2247205842731393,1.8663022082794816,534.904790044501,716.6136872370865,404.2542991123066,1.7726804360786843,0.9090909090909092,0.8256945450779336,1074.25,1056.0,85940.0,1821.0,629.0,337.36602591701194,0.3140479645492315,3.191042850761189,0.4427815199504591,-0.8663099537093908,256.8064930476248,125.36045455932616,20544.519443809982,1610.9600830078125,0.0,315.3910694685115,1.2281273176765906,2.437580052190877,2.1811669946700927,5.41624602484538,1,2,0.0,0.1,1,2,0.5125,0.175,21,INT,SYBR,2.0,0.39,14.1,False,7
260326,260326/2S-488-08,2S-488-08,1,132,0.3707889640506799,2.3834429241450903,687.0976435563656,751.243986574554,657.9531059233473,1.1417895588778866,0.8979591836734694,0.4826412720668957,1506.4015151515152,1413.0,198845.0,2776.0,613.0,632.8491596968305,0.4201065607884615,3.3022311784645284,0.3089940011053362,-1.1711609636246774,320.2909700996948,110.49372863769533,42278.408053159714,2761.24609375,0.0,537.1148265494669,1.6769590050643102,2.015024843531615,2.468345761986293,6.11382433989565,1,3,0.1363636363636363,0.1742424242424242,3,7,0.5833333333333334,0.1969696969696969,21,INT,SYBR,2.0,0.39,14.1,False,8
260326,260326/2S-488-08,2S-488-08,2,133,0.3735979713540942,2.2903027594801983,689.6953754817175,809.0514898422088,607.6041778691995,1.3315436583722364,0.9236111111111112,0.6602930531316799,1397.1954887218046,1323.0,185827.0,2512.0,624.0,538.5449174965004,0.3854470772655994,3.245940865873859,0.2660380196271164,-1.1839140860568431,240.78296025265428,93.55194854736328,32024.13371360302,1483.3646240234375,0.0,348.4409457248913,1.4471162965986928,2.29716470560237,1.8615264361656936,3.004826723459733,1,3,0.0977443609022556,0.150375939849624,1,6,0.5639097744360902,0.225563909774436,21,INT,SYBR,2.0,0.39,14.1,False,8
260326,260326/2S-488-08,2S-488-08,3,205,0.5758464971999196,3.4199307784428155,856.2654564632185,1119.7689825447892,743.7563988787468,1.5055587881097925,0.8436213991769548,0.747550286662262,925.2975609756096,909.0,189686.0,1473.0,613.0,197.38691039677067,0.2133226312502661,3.249677158935563,0.350758773303948,-0.6858983003132666,117.04693201227886,55.373023986816406,23994.62106251717,1183.379638671875,0.0,170.17762422327968,1.4539263977070935,2.025932405136209,2.8561597392888154,11.363486505351975,2,5,0.0,0.0097560975609756,2,12,0.5024390243902439,0.2439024390243902,21,INT,SYBR,2.0,0.39,14.1,False,8
260326,260326/2S-488-09,2S-488-09,1,94,0.2640466865209387,1.9776291213640504,579.822975514724,615.9278542529603,562.3017604938195,1.095368888249693,0.8952380952380953,0.4081062107310721,695.7234042553191,702.0,65398.0,1320.0,332.0,234.5789366308644,0.3371726970748532,3.141419587028606,0.2588206316620456,-0.9278781067238472,95.22552958955156,39.146854400634766,8951.199781417847,1320.0,0.0,178.7717995478468,1.877351591725484,1.5959778826645885,4.223170598198973,23.95635062904932,1,2,0.0106382978723404,0.0531914893617021,1,4,0.5638297872340425,0.1808510638297872,21,INT,SYBR,2.0,0.39,14.1,False,9
260326,260326/2S-488-09,2S-488-09,2,90,0.2528106573072818,1.9356057261365236,567.3522064944498,658.6713180869334,507.3278177283351,1.2983150047562344,0.8910891089108911,0.6377673013733467,676.9666666666667,704.0,60927.0,1178.0,329.0,225.78255672515607,0.3335209366170014,3.190306151796729,0.1642826096883526,-1.0986297482267584,87.57334622206787,44.99136161804199,7881.6011599861085,681.43896484375,0.0,125.07949563933217,1.4282827028460972,2.201011475370826,2.307323440878944,6.521861805542459,1,1,0.0333333333333333,0.0555555555555555,1,4,0.5,0.2333333333333333,21,INT,SYBR,2.0,0.39,14.1,False,9
260326,260326/2S-488-09,2S-488-09,3,75,0.2106755477560681,1.641441959543836,517.9193359122318,558.580546011779,481.69628849690304,1.1596114799945574,0.925925925925926,0.5062993500225985,550.8266666666667,544.0,41312.0,922.0,329.0,156.6779597233225,0.2844414934946065,3.156099191080777,0.3062953589342589,-0.9673705891556974,72.9523811536034,36.728912353515625,5471.428586520255,600.8699340820312,0.0,95.88039515527898,1.314287397328402,2.142655318991226,2.8699315877601315,12.06228020929819,1,1,0.0,0.04,1,1,0.4933333333333333,0.2666666666666666,21,INT,SYBR,2.0,0.39,14.1,False,9
260326,260326/2S-488-10,2S-488-10,1,144,0.4044970516916508,2.246396064789947,717.6500832178542,766.7242710909377,671.4850867651468,1.1418336552857815,0.96,0.4827026437148156,1237.8958333333333,1135.5,178257.0,2332.0,574.0,454.67145932703255,0.3672937957168172,3.222885315332056,0.4076717584762662,-0.95352318272076,256.65181082582825,150.52349853515625,36957.86075891927,2332.0,0.0,358.0145214721777,1.3949425111016938,2.124037743607996,2.857023557576496,11.419154616841594,1,4,0.0347222222222222,0.1319444444444444,1,5,0.4513888888888889,0.2291666666666666,21,INT,SYBR,2.0,0.39,14.1,False,10
260326,260326/2S-488-10,2S-488-10,2,55,0.1544954016877833,1.3726750161179395,443.5196217853606,509.09215362246726,389.40556430317366,1.307357162534306,0.9322033898305084,0.6441467667902396,819.2181818181818,810.0,45057.0,1113.0,584.0,145.56552437140425,0.1776883467702517,3.203604611552117,0.2433179540809344,-0.9189268798350628,148.20274435390127,124.05584716796876,8151.150939464569,670.8026123046875,0.0,139.53202391796248,0.9414941978723854,2.582491648806855,1.66126670655277,3.7290461186373074,1,0,0.0,0.0,1,1,0.3454545454545454,0.2545454545454545,21,INT,SYBR,2.0,0.39,14.1,False,10
260326,260326/2S-488-11,2S-488-11,1,314,0.882028293272072,4.066908278916453,1059.732656177616,1579.417779055734,736.1823200556418,2.1454166122005747,0.9289940828402368,0.884726809516838,1031.404458598726,1003.0,323861.0,1864.0,500.0,363.7140489079693,0.3526395933968658,3.3433635825748054,0.2757785087222255,-1.0869946732602478,179.27112817232776,58.10980796813965,56291.13424611092,1722.0,0.0,278.2742956473734,1.5522538318600692,2.0105550894282533,2.2658424635143524,5.760433526460474,2,4,0.0350318471337579,0.0987261146496815,3,15,0.5796178343949044,0.2197452229299363,21,INT,SYBR,2.0,0.39,14.1,False,11
260326,260326/2S-488-11,2S-488-11,2,109,0.3061817960721524,2.1971625948153064,624.3739029116301,788.4729923459436,499.3125532034427,1.5791171026791382,0.9159663865546218,0.7739348244918947,851.183486238532,839.0,92779.0,1393.0,504.0,256.38282158961454,0.3012074667033271,3.170592998410115,0.3051899191790881,-1.1214744775213608,180.17008644397103,87.03007507324219,19638.539422392845,1039.358154296875,0.0,245.1893129195044,1.3608769233496087,2.42341893699234,1.8956173834801229,2.985709949265525,1,2,0.0,0.055045871559633,1,2,0.5229357798165137,0.2110091743119266,21,INT,SYBR,2.0,0.39,14.1,False,11
260326,260326/2S-488-12,2S-488-12,1,84,0.2359566134867963,1.747442097344015,548.1143048061958,628.929223274235,478.50274852315465,1.3143690923727291,0.9230769230769232,0.6489614404938262,1466.0357142857142,1386.0,123147.0,2668.0,750.0,505.6038843459855,0.3448782859920484,3.22986458145059,0.38628324971182,-0.962751742350969,283.4409355577968,142.27183532714844,23809.03858685493,2078.605224609375,0.0,363.8370526954851,1.2836432817280714,2.317578290684078,2.2344264921397508,6.615394430650927,1,2,0.0,0.0952380952380952,1,2,0.4880952380952381,0.2142857142857142,21,INT,SYBR,2.0,0.39,14.1,False,12
260326,260326/2S-488-13,2S-488-13,1,130,0.3651709494438515,2.2903027594801983,681.8724905877906,756.5017345293863,620.8983690709144,1.2183986497844776,0.935251798561151,0.571288341862998,884.8076923076923,808.5,115025.0,1665.0,485.0,312.5379256652373,0.3532269535881839,3.195842988094149,0.6108465307715264,-0.7191304535023617,157.9523373929354,67.95578002929688,20533.8038610816,1388.822021484375,0.0,253.24976372045117,1.6033302697537546,2.074450312523902,2.783558724216679,8.659628058159068,1,4,0.0,0.1153846153846153,1,4,0.5461538461538461,0.2,21,INT,SYBR,2.0,0.39,14.1,False,13
260326,260326/2S-488-13,2S-488-13,2,103,0.2893277522516669,2.0343957891895887,606.9460730214508,726.6097112089335,511.5968417252642,1.4202779453418417,0.911504424778761,0.7101131886038297,1063.3980582524273,977.0,109530.0,1979.0,486.0,414.27198936527583,0.3895737688726687,3.248975710509197,0.4657924055183781,-0.9021983993371075,288.98448446884896,145.52017211914062,29765.401900291443,1964.0,0.0,367.7735014062407,1.2726409934505836,2.247634454902039,2.004672411553797,4.778199455701564,1,3,0.087378640776699,0.145631067961165,1,3,0.4951456310679611,0.2524271844660194,21,INT,SYBR,2.0,0.39,14.1,False,13
260326,260326/2S-488-14,2S-488-14,1,135,0.3792159859609227,2.184302621680019,694.8617051767791,712.2509448061434,678.9740183649955,1.0490106035592943,0.944055944055944,0.3020906267476048,1359.874074074074,1264.0,183583.0,2561.0,638.0,494.3239832763865,0.3635071751867666,3.2368863290233647,0.4200356805463445,-0.9839746557255532,233.340694504314,111.84905242919922,31500.99375808239,2561.0,0.0,340.6754923353567,1.4599917646557716,1.9278566777060533,3.256998883048809,16.29049741402164,1,4,0.0222222222222222,0.1259259259259259,1,4,0.5185185185185185,0.2296296296296296,21,INT,SYBR,2.0,0.39,14.1,False,14
260326,260326/2S-488-14,2S-488-14,2,69,0.1938215039355827,1.6724886810988002,496.7707755402142,615.978608225239,406.01274233120415,1.5171410746580845,0.9078947368421052,0.7520250870022028,1062.695652173913,1045.0,73326.0,1615.0,636.0,269.8942769235994,0.2539713758793383,3.229152589774778,0.2466880603523807,-1.0205571575479035,187.97649272628453,124.6428680419922,12970.377998113632,933.4724731445312,0.0,195.6079398192818,1.0405978799918856,2.6523451727124683,1.473085184296245,2.4295321284271374,1,1,0.0,0.0144927536231884,1,1,0.4492753623188406,0.2608695652173913,21,INT,SYBR,2.0,0.39,14.1,False,14
260326,260326/2S-488-15,2S-488-15,1,97,0.2724737084311815,1.8844889566991585,589.0028017549823,665.1182806851307,524.7450826046529,1.267507410233773,0.9326923076923076,0.6144573718141236,1611.8969072164948,1500.0,156354.0,3047.0,726.0,663.6184660087715,0.4117003159679371,3.221422078459264,0.4317023643298545,-1.0394646055372787,430.3642725797044,168.16966247558594,41745.33444023132,3047.0,0.0,592.0648731004749,1.3757296105262158,2.2311842923678697,2.048299353898882,4.35858087341652,1,3,0.1134020618556701,0.1958762886597938,1,1,0.5257731958762887,0.1958762886597938,21,INT,SYBR,2.0,0.39,14.1,False,15
260326,260326/2S-488-15,2S-488-15,2,57,0.1601134162946118,1.4294416839434778,451.511609229423,513.7443218180143,398.9951937599033,1.2875952639348374,0.9344262295081968,0.6299427597509093,1076.9473684210527,1067.0,61386.0,1610.0,726.0,247.0481749616453,0.2293967023883911,3.116656297745224,0.3033208448848231,-0.8983261942702776,200.291046222051,129.38665771484375,11416.589634656906,907.9343872070312,0.0,228.99418548022967,1.143307151266049,2.6637713372621894,1.5684942652409313,1.9219926026974523,1,0,0.0,0.0,1,1,0.4385964912280701,0.2280701754385964,21,INT,SYBR,2.0,0.39,14.1,False,15
260326,260326/8S-488-01,8S-488-01,1,114,0.3202268325892236,2.003349067634625,638.5338413411511,708.2128557988789,575.7620232136501,1.2300444059265083,0.95,0.5822933143175054,2753.7894736842104,2706.0,313932.0,4095.0,1268.0,974.266989934395,0.3537913842887027,3.1285246964023106,0.0865147343313849,-1.459553364402099,912.7026189335604,527.0409240722656,104048.0985584259,3555.804443359375,0.0,951.913491821886,1.0429612801310255,2.8590062972708443,1.105231232056839,0.1664858414392047,4,2,0.0526315789473684,0.0,2,1,0.4561403508771929,0.2807017543859649,12,INT,SYBR,8.0,2.41,16.0,False,1
260326,260326/8S-488-01,8S-488-01,2,47,0.1320233432604693,1.1917214620725451,409.9967578742229,460.76069381643487,361.2868378883864,1.2753320782717783,0.9791666666666666,0.6206225018724058,1902.723404255319,1803.0,89428.0,2745.0,1264.0,401.9037145196357,0.211225506356207,3.0851151154389505,0.3973245901553686,-0.827338868744774,620.6188256689843,490.33831787109375,29169.08480644226,2745.0,0.0,574.3582617153285,0.925460585402336,2.57023050352436,1.684510851307787,3.357144723884065,1,0,0.0,0.0,1,1,0.3191489361702128,0.1914893617021276,12,INT,SYBR,8.0,2.41,16.0,False,1
260326,260326/8S-488-02,8S-488-02,1,98,0.2752827157345957,1.822395513589231,592.031113756174,603.6474035898736,580.5719113137109,1.0397461396710492,0.9607843137254902,0.2738471468695798,2194.0,2092.0,215012.0,4095.0,1038.0,865.7081363367146,0.3945798251306812,3.295319142531301,0.4295222039970026,-1.0316253827991702,630.1462846580816,326.7634735107422,61754.335896492,4047.039794921875,0.0,794.378011109891,1.260624763567275,2.3883217226933926,1.867794494151409,3.987808484615857,1,3,0.0408163265306122,0.1428571428571428,1,1,0.5,0.2448979591836734,12,INT,SYBR,8.0,2.41,16.0,False,2
260326,260326/8S-488-02,8S-488-02,2,99,0.27809172303801,1.8534422351441944,595.0440142002377,644.7488598172723,550.0137799614707,1.1722412843227998,0.9428571428571428,0.5218018888462125,2197.333333333333,1972.0,217536.0,4085.0,1049.0,855.0792778617498,0.3891440888327138,3.174224910065053,0.3854662101567773,-1.0686993175677144,637.2522407541371,295.4922180175781,63087.97183465958,4085.0,0.0,835.9228223745788,1.3117612915496868,2.4538618349779613,2.031284456685296,4.315143119705381,1,4,0.0404040404040404,0.1313131313131313,1,1,0.5252525252525253,0.2424242424242424,12,INT,SYBR,8.0,2.41,16.0,False,2
260326,260326/8S-488-02,8S-488-02,3,61,0.1713494455082687,1.491535127053406,467.08552748888576,527.1928428288163,416.521007663857,1.265705290078128,0.8840579710144928,0.6130123366592825,1484.7868852459017,1476.0,90572.0,2107.0,1022.0,308.9732520652933,0.2080926597180463,2.991096441113866,0.1541181699879288,-1.110138516231484,262.0078931245648,201.49742126464844,15982.48148059845,1054.4185791015625,0.0,224.081467204502,0.8552470100508323,2.7587400862277587,1.34599740048123,2.141880011696249,1,0,0.0,0.0,1,1,0.3442622950819672,0.2786885245901639,12,INT,SYBR,8.0,2.41,16.0,False,2
260326,260326/8S-488-03,8S-488-03,1,101,0.2837097376448385,1.954115597659984,601.0245063188743,642.8879258916036,565.4643386130597,1.136920371439239,0.926605504587156,0.4757712070534521,1848.2673267326727,1750.0,186675.0,3169.0,971.0,629.8528223496202,0.3407801529787687,3.255392350815764,0.4160858373608328,-1.022818312440359,428.8134680549697,268.42047119140625,43310.16027355194,2565.6005859375,0.0,509.1316870656025,1.187303396451011,2.5389843770981617,2.11468426157505,4.999188067595217,1,4,0.0,0.1089108910891089,1,2,0.4059405940594059,0.2178217821782178,12,INT,SYBR,8.0,2.41,16.0,False,3
260326,260326/8S-488-03,8S-488-03,2,105,0.2949457668584954,1.9283956513894096,612.8104224933467,689.0878366929379,544.9605005714709,1.264472995694786,0.945945945945946,0.6120186849169056,2033.9238095238093,1935.0,213562.0,3768.0,991.0,803.3582601425059,0.3949795249855457,3.261620977970511,0.4496130867392085,-0.956675131741532,605.0236054193406,224.60504150390625,63527.47856903076,3704.0,0.0,794.0390959733128,1.3124101090617215,2.3300169305366265,1.8070459075356893,3.178736049683648,1,2,0.0571428571428571,0.1238095238095238,1,3,0.5238095238095238,0.2666666666666666,12,INT,SYBR,8.0,2.41,16.0,False,3
260326,260326/8S-488-04,8S-488-04,1,118,0.3314628618028806,2.065442510744553,649.6396102905932,749.5842597169377,563.9896403238588,1.3290745186143935,0.9291338582677166,0.6587027668133572,1915.3389830508477,1691.5,226010.0,3714.0,769.0,865.3738505422818,0.4518123727445213,3.2553859377617718,0.4705463295049027,-0.9457641484075472,502.6933080261037,252.57325744628903,59317.81034708023,3712.0,0.0,693.7767987751688,1.3801194241064825,2.2973062053709943,2.313423680650608,6.250829360993842,1,3,0.1610169491525423,0.1610169491525423,1,2,0.5,0.2288135593220339,12,INT,SYBR,8.0,2.41,16.0,False,4
260326,260326/8S-488-04,8S-488-04,2,74,0.2078665404526539,1.610395237988872,514.4549536466826,556.520209055077,479.2839960119972,1.1611491593413157,0.925,0.5082394603592911,1191.4054054054054,1133.5,88164.0,1759.0,784.0,286.5902004327433,0.240548010889059,3.1900375114150687,0.1928431867370123,-1.2240313794901727,161.30670583087044,115.53666305541992,11936.696231484411,624.239501953125,0.0,162.8073441148739,1.0093030123966258,2.8236116662223907,1.1036097872001756,0.4906295423120723,1,1,0.0,0.0,1,2,0.3918918918918919,0.2567567567567567,12,INT,SYBR,8.0,2.41,16.0,False,4
260326,260326/8S-488-04,8S-488-04,3,61,0.1713494455082687,1.4037217376729034,467.08552748888576,489.9279945408816,446.446075789316,1.097395679141517,0.9682539682539684,0.4118573148583587,1166.8196721311476,1141.0,71176.0,1726.0,767.0,277.73389591457993,0.2380264084914771,3.2296806825857427,0.4036941468648327,-0.8624525720078613,173.35459879187286,139.99574279785156,10574.630526304243,663.2415771484375,0.0,169.49408998595186,0.9777305659450324,2.758740086227758,1.4681194702076947,1.5916781949224967,1,0,0.0,0.0,1,1,0.4262295081967213,0.1967213114754098,12,INT,SYBR,8.0,2.41,16.0,False,4
260326,260326/8S-488-05,8S-488-05,1,115,0.3230358398926378,2.0343957891895887,641.3283135165975,714.1296178766726,580.0606759566041,1.231129168856291,0.934959349593496,0.5832921272156201,2386.7391304347825,2227.0,274475.0,4081.0,1223.0,859.6072449442482,0.3601596982187396,3.309502258047376,0.4453537763114604,-1.024925190365901,701.5668669990871,357.0269470214844,80680.18970489502,3793.0,0.0,850.5494503026101,1.212356926062925,2.548399844603157,1.7005259926537009,2.443721389404301,1,3,0.0,0.1304347826086956,1,2,0.4869565217391304,0.217391304347826,12,INT,SYBR,8.0,2.41,16.0,False,5
260326,260326/8S-488-05,8S-488-05,2,147,0.4129240736018936,2.453069565105916,725.0870702771246,983.9933514073156,539.1774533484603,1.8249897975080556,0.9423076923076924,0.8365122203485519,2621.557823129252,2474.0,385369.0,4095.0,1242.0,1006.9851254444932,0.3841170759462762,3.1396154300922583,0.2040743881611215,-1.4214330992698756,814.978957169721,510.9312744140625,119801.90670394896,3944.22265625,0.0,934.999399738735,1.147268149089179,2.6869628487898343,1.378566941546741,1.1892378693543222,3,3,0.0544217687074829,0.1836734693877551,3,3,0.4489795918367347,0.2585034013605442,12,INT,SYBR,8.0,2.41,16.0,False,5
260326,260326/8S-488-05,8S-488-05,3,32,0.0898882337092557,1.023627881162438,338.3034935749566,387.7684824273298,299.60279995154826,1.294275228702935,0.9142857142857144,0.634852701141968,1514.3125,1541.5,48458.0,2020.0,1209.0,221.8718661750516,0.1465165652235265,2.7938261018392057,0.3494951434426341,-0.8307753363009689,442.8328316211701,434.7705993652344,14170.65061187744,1643.676513671875,0.0,356.3094736909502,0.8046139496625265,2.55870293251402,1.1889541257815617,2.7562683997335338,1,0,0.0,0.0,1,1,0.28125,0.25,12,INT,SYBR,8.0,2.41,16.0,False,5
260326,260326/8S-488-06,8S-488-06,1,153,0.429778117422379,2.4402095919706284,739.7367738351292,886.4069348980763,620.2912654542527,1.4290172766642804,0.9329268292682928,0.7143568496694384,1803.0196078431368,1704.0,275862.0,2896.0,920.0,591.4041995493286,0.3280076361769554,3.3647635567704355,0.2133658228933895,-1.2093986725137529,324.8811811528175,164.26527404785156,49706.82071638107,2063.138916015625,0.0,400.4974990395082,1.2327506863228326,2.4888415884447195,1.8534564349130125,3.756720041568597,1,2,0.0,0.0980392156862745,2,7,0.4967320261437908,0.2483660130718954,12,INT,SYBR,8.0,2.41,16.0,False,6
260326,260326/8S-488-06,8S-488-06,2,98,0.2752827157345957,1.9412556245246968,592.031113756174,771.6459367660866,457.424596882405,1.6869358185486074,0.9514563106796116,0.8053564992767321,1957.183673469388,1814.5,191804.0,3680.0,915.0,774.9834630352567,0.3959686939660026,3.2406076387118548,0.5359098080835889,-0.834827598973555,620.2131091271128,283.0456237792969,60780.884694457054,3680.0,0.0,812.0291534021995,1.3092744114116652,2.4976228512569403,1.840120514831432,3.136816233052768,1,3,0.0612244897959183,0.1428571428571428,1,3,0.5204081632653061,0.2244897959183673,12,INT,SYBR,8.0,2.41,16.0,False,6
260326,260326/8S-488-06,8S-488-06,3,63,0.1769674601150972,1.4604884054984415,474.6809121398126,537.0914421471404,420.85825859390775,1.2761813061280274,0.9264705882352942,0.6212811642365268,1650.4920634920634,1570.0,103981.0,2705.0,918.0,506.5679546496515,0.3069193520251588,3.1765963090968192,0.3068683774826717,-1.0082720017207472,472.1503359476725,267.7669372558594,29745.47116470337,2387.248291015625,0.0,535.5987030833053,1.1343817049463345,2.6374563837548584,1.8793579387587716,3.436627468455244,1,0,0.0,0.0634920634920634,1,1,0.4126984126984127,0.2063492063492063,12,INT,SYBR,8.0,2.41,16.0,False,6
260326,260326/8S-488-07,8S-488-07,1,239,0.6713527455160039,3.1201171134619545,924.550087370878,1104.372564550477,779.0237474513125,1.417636584460473,0.9409448818897638,0.7088100469060348,1687.8451882845188,1598.0,403395.0,2814.0,820.0,584.3073946090511,0.3461854195306417,3.383972073585048,0.2425484251923695,-1.2462254129083843,247.20318506951116,128.57290649414062,59081.56123161316,1551.087158203125,0.0,334.7780785094267,1.3542628037550986,2.428732858040854,1.7872212189977117,2.802358872085126,1,4,0.0167364016736401,0.104602510460251,3,14,0.497907949790795,0.2384937238493724,12,INT,SYBR,8.0,2.41,16.0,False,7
260326,260326/8S-488-07,8S-488-07,2,90,0.2528106573072818,1.7474420973440152,567.3522064944498,641.9547242885387,501.42816810943714,1.2802526166588062,0.9574468085106383,0.6244111467768213,1554.0666666666666,1495.5,139866.0,2723.0,823.0,542.3005675987971,0.3489557940020573,3.167050678740527,0.4836582882519466,-0.9034026705016344,407.697222020891,210.17626953125,36692.74998188019,2723.0,0.0,547.9487311506958,1.3440089889124096,2.287492516180246,2.208879370657735,5.04253603020911,1,3,0.0,0.0888888888888888,1,1,0.5,0.2111111111111111,12,INT,SYBR,8.0,2.41,16.0,False,7
260326,260326/8S-488-07,8S-488-07,3,90,0.2528106573072818,1.8973489298344457,567.3522064944498,747.8475962198152,431.5891452028134,1.7327766569948944,0.9090909090909092,0.8166675398961006,1515.1666666666667,1403.5,136365.0,2783.0,829.0,536.9724795743491,0.354398292536145,3.197980542003236,0.5759240721790232,-0.7749556106141271,395.1487151039971,190.988525390625,35563.38435935974,2689.37060546875,0.0,520.0953833857117,1.3162016311980933,2.298928271207408,2.113814790383262,4.907495759854505,1,2,0.0,0.1444444444444444,1,2,0.5222222222222223,0.2111111111111111,12,INT,SYBR,8.0,2.41,16.0,False,7
260326,260326/8S-488-08,8S-488-08,1,121,0.3398898837131233,2.153255900125055,657.8459096163664,681.3652182025048,640.8621801570964,1.063200855502941,0.9236641221374046,0.3396385012266779,1259.9338842975208,1191.0,152452.0,2262.0,607.0,463.3006715502937,0.367718240873098,3.2881469350570565,0.4990943267850995,-0.8553950966933561,262.7807901122353,130.94305419921875,31796.475603580475,1859.37646484375,0.0,337.520902641142,1.2844200007808206,2.342068612042276,2.0656121760974635,5.133192760756336,1,4,0.0165289256198347,0.1239669421487603,1,5,0.5041322314049587,0.2396694214876033,12,INT,SYBR,8.0,2.41,16.0,False,8
260326,260326/8S-488-08,8S-488-08,2,128,0.359552934837023,2.184302621680019,676.6069871499132,740.2762516265702,622.5304176516703,1.189140691982674,0.9343065693430656,0.5411231111927243,1232.1484375,1149.5,157715.0,2232.0,618.0,447.1201478481065,0.3628784765213051,3.318523071181425,0.5483842381990074,-0.744235118844466,239.14591738209128,117.28664016723631,30610.677424907684,1508.294921875,0.0,310.7092819313356,1.2992456042429743,2.425789493461549,2.080471644854957,4.447338142641333,1,3,0.0,0.1328125,1,4,0.5078125,0.2109375,12,INT,SYBR,8.0,2.41,16.0,False,8
260326,260326/8S-488-08,8S-488-08,3,114,0.3202268325892236,1.9594423729443733,638.5338413411511,686.5936786977977,594.9962537377037,1.1539462213159977,0.9743589743589745,0.4990181884223225,1143.7280701754387,1057.5,130385.0,2176.0,606.0,409.3515330521825,0.3579098421440257,3.219336291314379,0.5741779876148354,-0.7443416960598368,234.34722928833543,105.73083877563477,26715.58413887024,2176.0,0.0,329.66029302691254,1.4067172632167375,2.059056527470274,2.68382993769806,10.433504115137303,1,3,0.0,0.1140350877192982,1,3,0.5175438596491229,0.2105263157894736,12,INT,SYBR,8.0,2.41,16.0,False,8
260326,260326/8S-488-09,8S-488-09,1,93,0.2612376792175245,1.8663022082794816,576.7305642625431,662.0969276465006,506.3735091981646,1.3075267872818266,0.93,0.6442645809258468,1976.064516129032,1821.0,183774.0,3699.0,874.0,834.6288918416221,0.4223692521318078,3.220639301955433,0.4950069749728931,-0.8893470059360697,552.0654009542158,218.3665008544922,51342.08228874207,3699.0,0.0,757.2169187374025,1.371607272306131,2.300621699856618,2.0606735548381825,4.016893904326698,1,2,0.1075268817204301,0.1612903225806451,1,2,0.5268817204301075,0.2043010752688172,12,INT,SYBR,8.0,2.41,16.0,False,9
260326,260326/8S-488-09,8S-488-09,2,67,0.1882034893287542,1.4604884054984415,489.5182581584797,553.4321656702576,432.3039031683773,1.280192386916068,0.9852941176470588,0.6243651740800497,1408.1492537313434,1324.0,94346.0,2238.0,838.0,411.8228603354714,0.2924568253288595,3.210088845218527,0.4000732170803173,-1.0878839310507205,265.97666651455324,139.60633850097656,17820.436656475067,1148.28955078125,0.0,307.8026472400051,1.157254323371871,2.637742604903515,1.5877808854732292,1.488272439435728,1,0,0.0,0.0298507462686567,1,1,0.4776119402985074,0.2238805970149253,12,INT,SYBR,8.0,2.41,16.0,False,9
260326,260326/8S-488-09,8S-488-09,3,83,0.2331476061833821,1.7345821242087285,544.84195135197,663.1077291247902,448.7242288705432,1.4777622567737398,0.9431818181818182,0.7362599299705659,1418.8313253012047,1343.0,117763.0,2206.0,818.0,393.1578786484434,0.277099801532067,3.283186288612947,0.400922248183954,-0.993413558207478,219.19991474266516,138.83583068847656,18193.592923641205,1059.427734375,0.0,248.81610500610984,1.1351104095921447,2.583725586871336,1.7540115324747352,2.8970769618787475,1,1,0.0,0.0481927710843373,1,2,0.4578313253012048,0.2409638554216867,12,INT,SYBR,8.0,2.41,16.0,False,9
260326,260326/8S-488-10,8S-488-10,1,110,0.3089908033755666,1.9723023460796607,627.2314643074426,719.8700912711853,547.1053387316916,1.3157796868515297,0.9482758620689656,0.6499164619663116,2579.109090909091,2486.0,283702.0,4095.0,1163.0,993.3598103208292,0.3851561819630852,3.232368926489813,0.235112864331465,-1.357134388073374,918.6773694645276,476.8077087402344,101054.51064109802,3896.396728515625,0.0,1015.3124552806738,1.105189361388615,2.737182963912713,1.1451431765033022,0.305007780214575,3,2,0.0818181818181818,0.1727272727272727,1,2,0.4818181818181818,0.2545454545454545,12,INT,SYBR,8.0,2.41,16.0,False,10
260326,260326/8S-488-10,8S-488-10,2,76,0.2134845550594824,1.641441959543836,521.3606982616968,595.0973425367496,458.5576204800354,1.2977591385653546,0.9382716049382716,0.6373686598684534,1854.7894736842104,1820.0,140964.0,2923.0,1151.0,485.92749296685474,0.2619852548557146,3.242672622370678,0.317424814370506,-1.012854088343165,469.08984782821256,368.8254699707031,35650.82843494415,2923.0,0.0,493.470762396549,1.0519749354653805,2.508660599422248,2.2902012323742977,7.606153504060936,1,1,0.0,0.0263157894736842,1,1,0.3815789473684211,0.1842105263157894,12,INT,SYBR,8.0,2.41,16.0,False,10
260326,260326/8S-488-11,8S-488-11,1,204,0.5730374898965054,3.2298838501875826,854.1744510063543,951.042874860084,779.2059349757113,1.2205282739404812,0.8986784140969163,0.5733402723624246,755.1764705882352,672.0,154056.0,1632.0,373.0,312.436489286588,0.4137264618999841,3.131108335933435,0.7695499960091068,-0.3802025892508771,124.00752436384266,44.23935508728027,25297.534970223904,1494.0986328125,0.0,228.71834126304205,1.8443908338333888,1.733369619924026,3.207518581622945,12.046445590146432,1,5,0.0196078431372549,0.1617647058823529,1,12,0.5833333333333334,0.1862745098039215,12,INT,SYBR,8.0,2.41,16.0,False,11
260326,260326/8S-488-11,8S-488-11,2,138,0.3876430078711654,2.5371163555609693,702.5399681595715,844.2231345400442,593.6325632682683,1.4221307704081112,0.913907284768212,0.7110215526462175,787.695652173913,723.5,108702.0,1605.0,374.0,318.31767194569835,0.4041125161313166,3.1793639224450154,0.5962775204796217,-0.6697128233471057,157.0621037915133,60.26066207885742,21674.57032322884,1605.0,0.0,254.1338615250092,1.6180469724405988,1.919959884522912,2.862997684170242,10.064084503391255,1,3,0.0507246376811594,0.144927536231884,1,6,0.5579710144927537,0.2028985507246377,12,INT,SYBR,8.0,2.41,16.0,False,11
260326,260326/8S-488-11,8S-488-11,3,84,0.2359566134867963,1.7474420973440152,548.1143048061958,626.2591702877794,482.89640640625794,1.2968809914085615,0.9230769230769232,0.6367373385877185,713.0238095238095,674.5,59894.0,1324.0,374.0,254.262220030248,0.3565970962457147,3.124614411087687,0.6031699688565502,-0.6419458668577764,152.5983157739753,93.6342658996582,12818.258525013924,1028.199951171875,0.0,207.5241801921304,1.3599375533050435,2.293457997959199,2.4758889414191376,6.968893554438015,1,2,0.0,0.1309523809523809,1,2,0.4285714285714285,0.2142857142857142,12,INT,SYBR,8.0,2.41,16.0,False,11
260326,260326/8S-488-11,8S-488-11,4,51,0.1432593724741263,1.3416282945629754,427.08722550317714,506.6830282501466,363.6413653590134,1.3933591623986783,0.9107142857142856,0.6963626923305514,546.7450980392157,514.0,27884.0,815.0,396.0,108.5104314132526,0.1984662172599297,3.0445399888037663,0.4440767634661395,-0.8517596093456712,94.39278712927128,60.10626983642578,4814.0321435928345,496.1303405761719,0.0,104.81112401710506,1.1103721714834611,2.5228681193551763,1.76574245233238,3.812992173894137,1,1,0.0,0.0,1,1,0.4313725490196078,0.2549019607843137,12,INT,SYBR,8.0,2.41,16.0,False,11
260326,260326/8S-488-12,8S-488-12,1,165,0.46348620506335,2.4402095919706284,768.1985190859768,797.4341898469711,741.9287794884096,1.074812316078148,0.953757225433526,0.3665585250890248,2218.5939393939398,1910.0,366068.0,4095.0,809.0,1108.045284454597,0.4994358204896592,3.167053896641516,0.4573606852899093,-1.191578841390783,597.3309175722527,219.085693359375,98559.60139942168,3808.0,0.0,840.3804058162758,1.4068925299093096,2.2994981268714825,1.7151208025765228,2.4059726094603704,3,4,0.1939393939393939,0.2363636363636363,3,5,0.5757575757575758,0.2545454545454545,12,INT,SYBR,8.0,2.41,16.0,False,12
260326,260326/8S-488-12,8S-488-12,2,157,0.441014146636036,2.396302897280377,749.3441474280244,770.6584186569203,730.9282124322725,1.0543558253038827,0.9345238095238096,0.3169375374268127,1448.6815286624203,1327.0,227443.0,2519.0,799.0,471.564676454566,0.3255130041521034,3.2629160676488738,0.4802447077023413,-0.8702798091604018,203.4609122969044,97.07908630371094,31943.36323061399,1538.87939453125,0.0,298.2639014203535,1.4659518531259994,2.237075442152087,2.289304909073345,5.296157370917074,1,4,0.0,0.0891719745222929,1,5,0.5095541401273885,0.2165605095541401,12,INT,SYBR,8.0,2.41,16.0,False,12
260326,260326/8S-488-12,8S-488-12,3,156,0.4382051393326218,2.690789786976848,746.9538888743239,787.9551123068122,725.1296552444965,1.0866403085405911,0.912280701754386,0.3912893075107442,1420.5064102564102,1332.5,221599.0,2688.0,796.0,489.0445127414421,0.3442747665272179,3.202627824140873,0.6817545189289611,-0.4790818434119281,203.8657064162768,85.73823928833008,31803.05020093918,2099.354736328125,0.0,325.1212846271148,1.594781635138007,1.9351400768303093,2.9611209892690287,10.901688749378858,1,4,0.0,0.0961538461538461,1,6,0.5384615384615384,0.2179487179487179,12,INT,SYBR,8.0,2.41,16.0,False,12
260326,260326/8S-488-12,8S-488-12,4,81,0.2275295915765536,1.7217221510734406,538.2375624133907,675.2933858446158,429.7092061423943,1.571512493080824,0.9529411764705882,0.7714172491154844,1150.0,1115.0,93150.0,1736.0,801.0,241.49891304103213,0.2099990548182888,3.181950029506299,0.4277507914128705,-0.805590962516328,150.74671997258693,103.1179656982422,12210.48431777954,826.7363891601562,0.0,167.74167312653947,1.1127384606248352,2.559812991613742,1.95265739585611,4.334106717199169,1,1,0.0,0.0123456790123456,1,1,0.419753086419753,0.2098765432098765,12,INT,SYBR,8.0,2.41,16.0,False,12
260326,260326/8S-488-12,8S-488-12,5,60,0.1685404382048545,1.4786751539181189,463.2411367845194,551.4987650732088,390.7922010825217,1.4112327818864314,0.9230769230769232,0.7056100816588876,1329.0166666666669,1242.0,79741.0,2282.0,797.0,402.6810358915188,0.3029917125881432,3.107465612939992,0.44188304509902,-0.9904528505266584,331.59629908899467,193.6644744873047,19895.77794533968,2104.88525390625,0.0,386.1663847323398,1.1645678368343293,2.397857772360267,2.2908119999828678,7.004758691278029,1,0,0.0,0.05,1,1,0.4333333333333333,0.2333333333333333,12,INT,SYBR,8.0,2.41,16.0,False,12
260326,260326/8S-488-13,8S-488-13,1,192,0.5393294022555345,2.696116562261238,828.670937459571,970.1478770884828,710.4667600052553,1.3655077643341214,0.9411764705882352,0.6809517157891117,2925.0104166666665,2950.0,561602.0,4095.0,1218.0,1049.9318052628196,0.358949766223164,2.90033395887464,-0.192519327201975,-1.5451366139801497,735.0488693018755,320.1523132324219,141129.38290596008,4056.0,0.0,934.7517967394134,1.2716865990518549,2.491052136185419,1.464530160527661,1.2944258805537885,8,4,0.0989583333333333,0.0,4,5,0.5416666666666666,0.2604166666666667,12,INT,SYBR,8.0,2.41,16.0,False,13
260326,260326/8S-488-13,8S-488-13,2,117,0.3286538544994663,2.140395926989768,646.8810432207431,863.3104095608498,485.0201058006009,1.7799476748202474,0.936,0.8272633971573505,2335.957264957265,2238.0,273307.0,3991.0,1213.0,800.9826227522516,0.3428926696426123,3.294709615915239,0.3606803913631738,-1.0441630187655164,641.4337770490565,320.2117004394531,75047.75191473961,3232.05126953125,0.0,763.3908281479135,1.190131944189041,2.670640473239352,1.5853975374568257,1.8152358706666671,1,2,0.0,0.1025641025641025,2,2,0.5042735042735043,0.2393162393162393,12,INT,SYBR,8.0,2.41,16.0,False,13
260326,260326/8S-488-13,8S-488-13,3,61,0.1713494455082687,1.5043951001886928,467.08552748888576,587.8736669264572,380.5787251310168,1.5446834731081662,0.9104477611940298,0.7621658465047823,1762.9016393442623,1672.0,107537.0,2528.0,1220.0,390.5420466018153,0.2215336567201124,3.150654876598725,0.3620993577594262,-1.1225981946752497,409.0847993405139,278.4267883300781,24954.172759771347,1410.2393798828125,0.0,391.0077985720191,0.9558111159406638,2.871760031573583,0.9725216908896936,-0.1603652827043342,1,1,0.0,0.0,1,1,0.4098360655737705,0.2295081967213114,12,INT,SYBR,8.0,2.41,16.0,False,13
260326,260326/8S-488-13,8S-488-13,4,37,0.1039332702263269,1.1936047615352694,363.77458633858026,452.8827568046431,303.11116218936,1.4941144150993608,0.8604651162790697,0.7429987659119084,1570.2702702702702,1576.0,58100.0,2119.0,1226.0,244.23868660807207,0.1555392668588411,2.7908604007193456,0.3928922671184174,-0.6142170475185789,424.43260311436006,360.7126159667969,15704.006315231323,1578.77001953125,31.651933670043945,317.5591270834909,0.748196827372206,2.601652474377685,1.86793634283006,4.563387756173769,1,0,0.0,0.0,1,1,0.1891891891891892,0.1891891891891892,12,INT,SYBR,8.0,2.41,16.0,False,13
260326,260326/8S-488-14,8S-488-14,1,176,0.4943852854009066,2.714303310680915,793.3920189336503,853.2295370903124,767.8678983375081,1.11116708868494,0.9263157894736842,0.4359834964025712,2129.994318181818,2092.0,374879.0,3490.0,940.0,755.6112265456477,0.3547480010137511,3.3725761600657487,0.0997122933836471,-1.303526439343672,413.0854352495887,174.12643432617188,72703.03660392761,2904.295166015625,0.0,592.0869164214096,1.4333279895566085,2.295649727521398,1.9867339243273967,3.8373048591663874,1,3,0.0568181818181818,0.0852272727272727,2,7,0.5397727272727273,0.2386363636363636,12,INT,SYBR,8.0,2.41,16.0,False,14
260326,260326/8S-488-14,8S-488-14,2,149,0.4185420882087221,2.4583963403903053,730.0029711195548,805.1963582243137,680.5688376186238,1.1831225788147657,0.9254658385093169,0.5344170014503935,1961.093959731544,1872.0,292203.0,3319.0,938.0,709.0844433977339,0.3615759662503888,3.3078158992842357,0.25202812141456,-1.251507346172973,377.4545449122487,171.57603454589844,56240.72719192505,2616.416259765625,0.0,530.8614303501519,1.406424793410734,2.295937628276781,2.154773703617744,5.140067348345168,1,3,0.0335570469798657,0.1208053691275167,1,7,0.5167785234899329,0.2281879194630872,12,INT,SYBR,8.0,2.41,16.0,False,14
260326,260326/8S-488-14,8S-488-14,3,216,0.6067455775374763,3.1329770865972417,878.9382588748141,1171.0593376767015,669.1203052918003,1.7501476616615426,0.9230769230769232,0.8206853750627017,1725.1898148148148,1634.5,372641.0,2860.0,943.0,548.5872393262473,0.3179865975415196,3.359294228003712,0.3664719944985236,-1.0782619382267102,280.8973627311212,161.47789764404297,60673.83034992218,1884.2862548828125,0.0,383.3139357174805,1.364604964569902,2.3831865911529904,2.188770213259591,5.075469345844525,1,3,0.0,0.0879629629629629,3,11,0.4907407407407407,0.2222222222222222,12,INT,SYBR,8.0,2.41,16.0,False,14
260326,260326/8S-488-14,8S-488-14,4,197,0.5533744387726057,2.9959302272420985,839.3915763759538,1205.07700623573,588.9485571706483,2.046149857340695,0.933649289099526,0.8724391477681934,1820.228426395939,1745.0,358585.0,2996.0,955.0,586.1549332031843,0.3220227333575786,3.3688740414792626,0.2972850128666572,-1.1166814987761744,365.39254528495866,162.13673400878906,71982.33142113686,2607.56005859375,0.0,510.58768860260886,1.3973675576889968,2.2662114800838755,1.9111689703799168,3.466388059187551,1,2,0.0,0.0862944162436548,3,10,0.5380710659898477,0.2284263959390862,12,INT,SYBR,8.0,2.41,16.0,False,14
260326,260326/8S-488-14,8S-488-14,5,98,0.2752827157345957,1.9155356782541224,592.031113756174,641.8529744021913,548.9034586537156,1.1693367281314844,0.9158878504672896,0.5183218008962744,1768.7857142857142,1630.5,173341.0,3113.0,935.0,592.4624873939887,0.3349543602760506,3.132848301207476,0.4576854397729054,-0.9310747930265936,530.546377551799,305.7831115722656,51993.54500007629,3063.41650390625,0.0,691.7280490889908,1.3038031703862782,2.503594394375675,2.0851496155475298,3.902135778166684,1,3,0.0,0.1020408163265306,1,2,0.4693877551020408,0.1938775510204081,12,INT,SYBR,8.0,2.41,16.0,False,14
260326,260326/8S-488-14,8S-488-14,6,70,0.1966305112389969,1.5225818486083698,500.35761472269286,513.9898209360895,486.153442273844,1.057258421398908,0.945945945945946,0.3246257428860247,1830.057142857143,1730.0,128104.0,3118.0,939.0,623.2258037697669,0.3405499146309536,3.061329040560469,0.4048305915414902,-1.0070548032307771,728.3335871560233,377.9042510986328,50983.35110092163,3118.0,0.0,798.1724197399084,1.0958885239064555,2.771454385139509,1.3595678546301146,0.9141695655137942,1,1,0.0,0.1285714285714285,1,1,0.4714285714285714,0.2428571428571428,12,INT,SYBR,8.0,2.41,16.0,False,14
260326,260326/8S-488-15,8S-488-15,1,168,0.4719132269735926,3.074327119308979,775.1506835876227,1000.0424781631384,621.4716624517395,1.6091521763324117,0.8704663212435233,0.7834575822009858,3164.559523809524,3318.0,531646.0,4095.0,1461.0,926.645477379066,0.2928197338072384,2.5905147476737165,-0.3650862841992228,-1.4166966082459276,441.9440217273576,226.55630493164065,74246.59565019608,2596.746826171875,0.0,534.5094999424847,1.2094506853002125,2.5140857409062143,1.6347850654004852,2.682869788838308,9,4,0.0595238095238095,0.0,3,10,0.494047619047619,0.2559523809523809,12,INT,SYBR,8.0,2.41,16.0,False,15
260326,260326/8S-488-15,8S-488-15,2,114,0.3202268325892236,2.317582882109713,638.5338413411511,751.1703879563805,556.1601023631497,1.3506369564530487,0.890625,0.6721759893369417,3229.6491228070176,4018.0,368180.0,4095.0,1412.0,982.5733865042756,0.3042353361439714,2.0347958033920905,-0.5307690804864255,-1.3541508922067431,505.3709059828206,332.732177734375,57612.28328204155,2044.68701171875,0.0,554.3515881536969,1.0969202650786178,2.741585966856951,1.158381479280179,0.4358841017060832,6,1,0.0526315789473684,0.0,3,3,0.4035087719298245,0.2631578947368421,12,INT,SYBR,8.0,2.41,16.0,False,15
260326,260326/8S-488-15,8S-488-15,3,34,0.0955062483160842,1.264791578855036,348.7152593812529,422.2356417635118,335.9789391229224,1.2567324692010866,0.8095238095238095,0.6056721464611426,2219.529411764706,2041.0,75464.0,4095.0,1409.0,811.4268105046222,0.3655850678092488,2.3439329813080194,1.037529427219508,-0.0154105136303344,694.1824287246255,271.3351135253906,23602.202576637268,3576.0,0.0,981.8319460189992,1.4143716484193538,2.255894924486911,1.9553181202614347,2.971051299295252,0,0,0.0,0.1176470588235294,0,0,0.5294117647058824,0.2058823529411764,12,INT,SYBR,8.0,2.41,16.0,False,15
260326,260326/21D-BOD-405-07,21D-BOD-405-07,1,153,0.429778117422379,2.4656064151374197,739.7367738351292,821.0111817822414,687.529084160923,1.1941475650942432,0.9386503067484664,0.5465638360676012,2338.8954248366013,2402.0,357851.0,3580.0,1242.0,666.2855714153644,0.28487189480133,3.3670890546066663,0.0183374104389613,-1.253568999370438,399.9672494737151,167.44960021972656,61194.98916947842,2558.25439453125,0.0,567.3580696803447,1.4185113166812675,2.3450914514797496,1.8934883651255603,3.2589556771574912,1,2,0.0,0.0065359477124183,1,6,0.5294117647058824,0.2222222222222222,21,BOD,DAPI,,0.39,14.1,False,7
260326,260326/21D-BOD-405-07,21D-BOD-405-07,2,133,0.3735979713540942,2.445536367255018,689.6953754817175,775.4576643556965,646.1688906257015,1.200085110263977,0.9236111111111112,0.5528598848953928,2446.0,2550.0,325318.0,3533.0,1239.0,651.8967082152035,0.2665154162776793,3.3242172473909832,-0.3230615924355532,-1.0885067515596127,322.3303411060706,70.24972534179688,42869.93536710739,2720.607666015625,0.0,543.4805265994249,1.6860979476349685,1.9640418167926,2.5229195686581325,6.917667118825097,1,3,0.0,0.0,1,5,0.5939849624060151,0.2330827067669172,21,BOD,DAPI,,0.39,14.1,False,7
260326,260326/21D-BOD-405-07,21D-BOD-405-07,3,114,0.3202268325892236,2.3614895767999644,638.5338413411511,693.3441178011267,621.4122042259659,1.115755553376618,0.8837209302325582,0.4435418518388009,2284.80701754386,2289.5,260468.0,3302.0,1242.0,561.3633826532922,0.2456940031883966,3.360884524004083,-0.1416666316381239,-1.088533836533158,306.9275360358389,120.3040008544922,34989.73910808563,2210.80322265625,0.0,424.26111215799307,1.3822842930210522,2.155413829120376,1.724116266815772,3.270315633976873,1,2,0.0,0.0,1,3,0.5350877192982456,0.2631578947368421,21,BOD,DAPI,,0.39,14.1,False,7
260326,260326/21D-BOD-405-07,21D-BOD-405-07,4,163,0.4578681904565215,2.8460233947516684,763.5285759980266,1040.161401109467,576.920437529326,1.802954677015743,0.9005524861878453,0.8320870140641785,2106.294478527607,2137.0,343326.0,3345.0,1219.0,516.066699829614,0.2450116567700293,3.2738836404870937,-0.016409464152195,-1.013153447638064,375.3200845281405,217.03790283203125,61177.1737780869,3345.0,0.0,521.7020998121319,1.3900191365139056,2.095369233900196,2.6792487213619,10.438114877415902,1,3,0.0,0.0122699386503067,2,11,0.4723926380368098,0.263803680981595,21,BOD,DAPI,,0.39,14.1,False,7
260326,260326/21D-BOD-405-11,21D-BOD-405-11,1,489,1.3736045713695644,5.205952795192691,1322.4702866592968,2086.278591943197,850.5976292391576,2.4527209108369266,0.9367816091954024,0.9131112588846204,3033.5725971370143,3104.0,1483417.0,4095.0,1567.0,854.3228500493223,0.2816226817369078,3.2279509297482605,-0.1965619402301404,-1.4097852749461006,593.3896620605133,255.0935211181641,290167.544747591,4017.364501953125,0.0,792.664944440345,1.335825335560885,2.397292846665432,1.763060450972117,2.8000286757479,10,8,0.0,0.0,7,34,0.5214723926380368,0.2413087934560327,21,BOD,DAPI,,0.39,14.1,False,11
260326,260326/21D-BOD-405-16,21D-BOD-405-16,1,625,1.7556295646339013,6.26030427480631,1495.1043400371964,2105.192903110328,1088.74470399404,1.9335964578173988,0.9164222873900292,0.8558820970671204,1898.6384,1893.0,1186649.0,3160.0,1000.0,555.5094772299639,0.2925830833453931,3.3559121090378747,0.0848241451050711,-1.1555075789221931,184.3193654438734,38.17724990844727,115199.60340242088,2081.940185546875,0.0,300.97702249875806,1.6329104745665357,1.8699259440327105,2.5388876919704684,7.9445731404047955,3,9,0.0,0.0288,8,48,0.584,0.2304,21,BOD,DAPI,,0.39,14.1,False,16
260326,260326/21D-BOD-405-16,21D-BOD-405-16,2,411,1.1545020017032537,4.8785358844785325,1212.4180809623736,1423.1039740878257,1111.156464139228,1.2807412997324834,0.927765237020316,0.6247837884797787,1847.698296836983,1812.0,759404.0,2918.0,1024.0,538.7537303109107,0.2915810071553274,3.403244865013443,0.1716626128868541,-1.2227099841663254,166.4966349276893,58.49415969848633,68430.1169552803,1264.981201171875,0.0,239.51548099106208,1.438560491598436,2.216169732885084,1.9093233895516404,3.687640932515997,1,5,0.0,0.0340632603406326,5,29,0.5425790754257908,0.2579075425790754,21,BOD,DAPI,,0.39,14.1,False,16
260326,260326/21D-BOD-405-16,21D-BOD-405-16,3,196,0.5505654314691915,3.09283699083244,837.25843042083,1140.1524880825086,624.551878592366,1.8255528918625925,0.9074074074074074,0.8366229076666368,2033.188775510204,1970.0,398505.0,3549.0,1026.0,696.6160698666387,0.3426224255501466,3.2891273376350605,0.3427308803000027,-1.0439191603784534,320.92805390333643,116.24689102172852,62901.89856505394,2782.10498046875,0.0,499.1698848433349,1.5553949826825826,2.081774802347098,2.3786983339212786,6.216801724019103,1,3,0.0,0.0816326530612244,1,13,0.5663265306122449,0.2397959183673469,21,BOD,DAPI,,0.39,14.1,False,16
260326,260326/21D-BOD-405-16,21D-BOD-405-16,4,189,0.5309023803452918,3.0307435477225115,822.1714572092936,1176.1458979797244,584.1497382682088,2.013432209122559,0.908653846153846,0.8679426957751537,2038.984126984127,2047.0,385368.0,3232.0,1052.0,619.4989007613973,0.303827230709099,3.345793534818615,0.0798275349165563,-1.1977059304681013,335.87358373072414,127.32624816894533,63480.10732510686,3069.0,0.0,500.0239283339309,1.4887265702169927,2.0616181806933334,2.263698082652389,6.246521574848103,2,2,0.0,0.0317460317460317,2,11,0.5555555555555556,0.2116402116402116,21,BOD,DAPI,,0.39,14.1,False,16
260326,260326/24D-BOD-405-01,24D-BOD-405-01,1,309,0.8679832567550009,3.6629777755981374,1051.2614359275628,1152.5654673685906,989.0212767137804,1.1653596282561465,0.9335347432024168,0.5134755782407022,2441.349514563107,2362.0,754377.0,3896.0,1388.0,677.9573700644928,0.2776977921515744,3.365900792495311,0.1864046724256056,-1.1953593806560532,352.46383545390995,118.14764404296876,108911.32515525818,3378.1875,0.0,544.5585926559177,1.545005580372875,2.0081748318265435,2.477471466334102,7.345941712727669,1,5,0.0,0.0194174757281553,2,17,0.5469255663430421,0.2265372168284789,24,BOD,DAPI,,0.47,14.1,False,1
260326,260326/24D-BOD-405-01,24D-BOD-405-01,2,361,1.0140516365325414,4.518512075850468,1136.2792984282694,1337.5913884855704,1037.2767267491222,1.2895222210158417,0.8615751789976134,0.631370886530981,2539.3739612188365,2514.0,916714.0,4033.0,1394.0,725.535971455347,0.2857145038642153,3.365379740897608,0.1368597971341594,-1.2455806115900518,406.4888568198582,81.25655364990234,146742.4773119688,4033.0,0.0,646.1966618714476,1.5897032625369596,1.9532083456367288,2.3885483628266746,6.801944653922938,2,4,0.0,0.0193905817174515,3,28,0.5623268698060941,0.2382271468144044,24,BOD,DAPI,,0.47,14.1,False,1
260326,260326/21S-BOD-488-06,21S-BOD-488-06,1,153,0.429778117422379,2.6029763975963456,739.7367738351292,916.4679260555088,603.822761973796,1.517776380373154,0.9053254437869822,0.752266816702983,737.0915032679738,703.0,112775.0,1319.0,406.0,233.39568163024435,0.3166441080862547,3.182969708629188,0.3347986628786361,-0.9431067400153208,134.93858956355675,55.13772201538086,20645.604203224186,1186.7586669921875,0.0,215.3677658484099,1.5960428113632432,2.0782879196271256,2.639582924972705,7.62721000815969,1,3,0.0,0.0588235294117647,2,7,0.5228758169934641,0.196078431372549,21,BOD,SYBR,,0.39,14.1,False,6
260326,260326/21S-BOD-488-06,21S-BOD-488-06,2,116,0.3258448471960521,2.184302621680019,644.1106619969895,743.1615957964951,594.2640462962703,1.2505578966592772,0.9133858267716536,0.6004755648185789,811.8793103448276,780.0,94178.0,1424.0,405.0,282.6600094805069,0.3481552071581346,3.2710018304683817,0.3172925547431015,-1.175477255753318,151.1984670614374,58.89276695251465,17539.02217912674,1424.0,0.0,244.27208082049745,1.6155724695359566,1.9779624559433613,2.664340343079572,8.368421973616408,1,2,0.0086206896551724,0.1120689655172413,2,5,0.5862068965517241,0.2241379310344827,21,BOD,SYBR,,0.39,14.1,False,6
260326,260326/21S-BOD-488-06,21S-BOD-488-06,3,98,0.2752827157345957,2.0253024149797505,592.031113756174,648.1502171083837,569.5935505791423,1.137917057609532,0.875,0.4771927206693751,777.1938775510204,734.0,76165.0,1412.0,401.0,274.7592257360572,0.3535272647821651,3.2445536303002327,0.4417898252402019,-0.8578343714589098,147.87331925606242,79.42745590209961,14491.585287094116,1262.4373779296875,0.0,226.12409903791797,1.5291744323825844,2.063288352600099,2.657998054792656,8.527550358721447,1,2,0.0,0.1122448979591836,1,4,0.4795918367346938,0.2244897959183673,21,BOD,SYBR,,0.39,14.1,False,6
260326,260326/21S-BOD-488-06,21S-BOD-488-06,4,94,0.2640466865209387,2.096489232299517,579.822975514724,615.2933812791722,575.474568192918,1.0691930022403795,0.8785046728971962,0.3538958584314049,736.1489361702128,697.5,69198.0,1252.0,401.0,229.5699091146292,0.3118525312404281,3.204833296144327,0.3880053900776659,-0.9768406797863608,124.73417224735022,79.8475112915039,11725.01219125092,1083.4364013671875,0.0,169.97773323417903,1.3627198559277724,2.048998511261084,2.742836458024651,11.130486735343666,1,2,0.0,0.0638297872340425,1,3,0.4787234042553192,0.2553191489361702,21,BOD,SYBR,,0.39,14.1,False,6
260326,260326/21S-BOD-488-06,21S-BOD-488-06,5,150,0.4213510955121363,2.844140095288944,732.4485490623451,999.1372803901612,570.6212304024393,1.7509640846792618,0.8823529411764706,0.8208707972092202,734.4733333333334,698.5,110171.0,1274.0,401.0,243.44817941943995,0.3314595212253314,3.2276748459577127,0.2904830953758234,-1.1899975794628763,113.96823154767354,44.30000877380371,17095.23473215103,1094.4586181640625,0.0,174.70656883103877,1.5329409473021265,2.006615681549556,2.4443391581287206,7.671143868294141,1,2,0.0,0.0733333333333333,2,6,0.5466666666666666,0.22,21,BOD,SYBR,,0.39,14.1,False,6
260326,260326/21S-BOD-488-09,21S-BOD-488-09,1,278,0.7809040303491593,4.182001790926471,997.1348414751224,1231.8312189194744,862.3356411406594,1.4284823219066565,0.8825396825396825,0.7141000399862126,480.4064748201439,443.0,133553.0,866.0,246.0,161.4202653070183,0.3360076805114904,3.286078442906357,0.3893490766606235,-0.9721825974318392,54.2602658784754,12.519418716430664,15084.35391421616,514.4619750976562,0.0,89.62855219349147,1.651826631189553,1.939914906483716,2.4003856865176605,6.295101453416663,1,5,0.0,0.0863309352517985,2,18,0.5899280575539568,0.237410071942446,21,BOD,SYBR,,0.39,14.1,False,9
260326,260326/21S-BOD-488-09,21S-BOD-488-09,2,233,0.6544987016955184,3.6391411287902873,912.8710911057252,1104.0557051948126,796.9975716784116,1.3852685935664293,0.8661710037174721,0.692016517492124,448.7854077253219,433.0,104567.0,771.0,247.0,132.11396710185142,0.2943811559548555,3.307545155975071,0.3117400549755692,-0.9393516875979148,43.38799840448496,9.712841987609863,10109.403628244996,425.4350891113281,0.0,71.18942331430895,1.6407630204704302,1.945623179254204,2.432157037601192,6.974438675664533,1,3,0.0,0.055793991416309,1,13,0.5836909871244635,0.223175965665236,21,BOD,SYBR,,0.39,14.1,False,9
260326,260326/21S-BOD-488-09,21S-BOD-488-09,3,127,0.3567439275336087,2.3614895767999644,673.9588087412508,841.8136856828618,563.7918039833229,1.4931286331855986,0.9071428571428573,0.7426004867602439,497.6929133858268,486.0,63207.0,830.0,253.0,145.5167318046128,0.2923825674242698,3.316972460493243,0.2609338412826961,-0.9231409948918556,49.01001763625408,17.686880111694336,6224.272239804268,391.7604064941406,0.0,72.76464956064063,1.4846893159820982,2.1766131494541128,2.180545078491652,5.262914440396791,1,2,0.0,0.0629921259842519,1,5,0.5511811023622047,0.2204724409448819,21,BOD,SYBR,,0.39,14.1,False,9
260326,260326/21S-BOD-488-09,21S-BOD-488-09,4,174,0.4887672707940781,3.1511638350169187,788.8712298894542,928.104857528437,743.3560343859708,1.24853342758571,0.8365384615384616,0.598745006460685,449.7758620689655,412.0,78261.0,840.0,248.0,137.36757698197906,0.3054134038009271,3.1208564140226343,0.4098260652567869,-0.8316085722065814,54.53371722670807,12.64269495010376,9488.866797447205,840.0,0.0,98.63367673696646,1.8086732713804496,1.6010162003232515,4.055376476504776,24.788067911724266,1,4,0.0,0.0459770114942528,3,10,0.5747126436781609,0.2413793103448276,21,BOD,SYBR,,0.39,14.1,False,9
260326,260326/21S-BOD-488-09,21S-BOD-488-09,5,196,0.5505654314691915,3.089070391906991,837.25843042083,1128.1069800903822,626.5929709108277,1.8003824371833346,0.9289099526066352,0.8315582566501428,502.0,463.0,98392.0,890.0,248.0,177.91328916508306,0.3544089425599264,3.330032248701424,0.3778956886296741,-1.0310207863556975,65.35212685103167,27.377185821533203,12809.016862802207,433.08001708984375,0.0,93.36388416460645,1.428628090060891,2.3864956747801807,2.058244724577296,4.0102375183290855,1,4,0.010204081632653,0.1224489795918367,2,8,0.5306122448979592,0.2244897959183673,21,BOD,SYBR,,0.39,14.1,False,9
260326,260326/21S-BOD-488-09,21S-BOD-488-09,6,87,0.244383635397039,2.0086758429190144,557.8161961378049,611.9385328392121,542.0301008586717,1.1289751839792532,0.8446601941747572,0.4641453264418353,434.4827586206897,436.0,37800.0,666.0,250.0,120.05569076609731,0.2763186533505414,3.234818924945963,0.1634653848395509,-1.1818836015527174,53.10423665759208,19.916370391845703,4620.06858921051,309.4510803222656,0.0,73.4702331860857,1.383509825398874,2.306372248910265,1.765824185876862,2.614002707255473,1,2,0.0,0.0229885057471264,1,2,0.5172413793103449,0.2183908045977011,21,BOD,SYBR,,0.39,14.1,False,9
260326,260326/21S-BOD-488-09,21S-BOD-488-09,7,91,0.255619664610696,1.9356057261365236,570.4954560680371,645.8936014755268,526.5495846152562,1.2266529503531447,0.8921568627450981,0.5791422470412808,412.3956043956044,402.0,37528.0,683.0,250.0,103.38599508861914,0.2506961616143771,3.195256736837588,0.3800492664264449,-0.7579383684637158,45.664565180684185,19.22396850585937,4155.475431442261,475.4296569824219,0.0,69.32084961755349,1.5180446664337397,1.9301297002344628,3.225511711706677,15.804846173165302,1,1,0.0,0.0109890109890109,1,4,0.5054945054945055,0.2307692307692307,21,BOD,SYBR,,0.39,14.1,False,9
260326,260326/21S-BOD-488-11,21S-BOD-488-11,1,340,0.9550624831608424,3.613744305623496,1102.7344745011578,1193.9861413095325,1020.487736383355,1.170015178762522,0.9577464788732394,0.5191390978818566,2249.3441176470587,2222.0,764777.0,3501.0,1124.0,658.6562765762279,0.292821481341512,3.408773396477942,0.0653154110350997,-1.2046100569190354,411.3935085882159,188.60237884521484,139873.7929199934,2815.907958984375,0.0,547.1260320543473,1.329933556637601,2.3461826524853677,1.6704976621527163,2.640151235380724,1,4,0.0029411764705882,0.0264705882352941,6,21,0.5088235294117647,0.2411764705882353,21,BOD,SYBR,,0.39,14.1,False,11
260326,260326/21S-BOD-488-12,21S-BOD-488-12,1,274,0.7696680011355024,3.622837679833335,989.9352177607328,1136.904203970361,871.4786208208607,1.3045692422144464,0.9194630872483222,0.64220068884796,864.1204379562043,820.5,236769.0,1558.0,450.0,296.8589842060314,0.3435388994017485,3.309287243849579,0.4044217296992294,-0.9611863013354448,144.63270938091904,56.5633659362793,39629.36237037182,1493.0,0.0,219.43663999239655,1.517199262405204,1.9734107545633424,2.5016482703445058,8.156773258580627,1,4,0.0,0.1131386861313868,5,13,0.5437956204379562,0.2262773722627737,21,BOD,SYBR,,0.39,14.1,False,12
260326,260326/21S-BOD-488-13,21S-BOD-488-13,1,359,1.0084336219257128,4.112698273069428,1133.1273386854302,1354.6397207075638,961.496165800984,1.4088872830595922,0.93733681462141,0.7044234291173881,829.7103064066853,786.0,297866.0,1617.0,417.0,295.28560112925146,0.355890000219566,3.2658820098583456,0.4904540365450002,-0.8174084560024539,134.83155436900998,41.55693817138672,48404.52801847458,1617.0,0.0,218.07225864250768,1.617368127683841,1.8377305731015336,2.7819144493511425,10.156419730116545,1,4,0.0,0.1309192200557103,5,23,0.5793871866295265,0.2311977715877437,21,BOD,SYBR,,0.39,14.1,False,13
260326,260326/21S-BOD-488-13,21S-BOD-488-13,2,74,0.2078665404526539,1.641441959543836,514.4549536466826,565.5844396792576,471.8435656753287,1.1986693913474515,0.9135802469135802,0.5513736790390718,653.8648648648649,654.0,48386.0,964.0,421.0,152.4584222974695,0.2331650322409941,3.242254972791537,0.1848277615287415,-1.0699019058419428,146.0891708812198,82.60491561889648,10810.598645210266,552.5579833984375,0.0,155.9483500570291,1.0674874059202202,2.795147720777445,1.0224852405173432,-0.0335255462781303,1,0,0.0,0.0,1,2,0.4594594594594595,0.2972972972972973,21,BOD,SYBR,,0.39,14.1,False,13
260326,260326/21S-BOD-488-15,21S-BOD-488-15,1,162,0.4550591831531072,2.7180699096063634,761.1828605436523,872.7421917543695,674.5629975435515,1.2937890084877108,0.9101123595505618,0.6344991552076185,857.7345679012345,804.5,138953.0,1613.0,386.0,343.7870891243153,0.4008082476674781,3.2751070971610146,0.3868440309226947,-1.0610912762843765,143.42906607521903,64.53609848022461,23235.50870418549,1613.0,0.0,218.31412039543056,1.5221051518312143,1.953578052235656,3.0271104049508657,13.469633950731648,1,3,0.1111111111111111,0.1543209876543209,1,8,0.5308641975308642,0.2222222222222222,21,BOD,SYBR,,0.39,14.1,False,15
260326,260326/21S-BOD-488-15,21S-BOD-488-15,2,101,0.2837097376448385,1.951909175093476,601.0245063188743,700.4470397925828,532.4886643466298,1.3154215041404498,0.971153846153846,0.6496743836983427,762.4059405940594,793.0,77003.0,1146.0,387.0,204.98742294188796,0.268869131295283,3.340664060558898,-0.1324433804555159,-1.0305915943517476,100.32424649153606,35.43364334106445,10132.748895645142,546.96533203125,0.0,135.82360776198482,1.3538462785608232,2.396514111879268,1.595668232010617,1.87925888416884,1,1,0.0,0.0099009900990099,1,2,0.5445544554455446,0.2376237623762376,21,BOD,SYBR,,0.39,14.1,False,15
260326,260326/21S-BOD-488-15,21S-BOD-488-15,3,68,0.1910124966321684,1.5718153185830106,493.1578492234195,553.7631798056527,453.1809456914057,1.2219471826221453,0.9444444444444444,0.5746974226673396,754.2941176470588,786.5,51292.0,1127.0,398.0,206.27036733979364,0.2734614555701857,3.130827401918836,-0.2088336833942466,-0.9722043098416407,104.64294519319252,38.0007266998291,7115.720273137093,765.4957885742188,0.0,149.42520129340937,1.427952940521117,2.1203341610470936,2.2131641985006887,6.043888395066844,1,1,0.0,0.0,1,2,0.5441176470588235,0.2647058823529412,21,BOD,SYBR,,0.39,14.1,False,15
260326,260326/21S-BOD-488-15,21S-BOD-488-15,4,77,0.2162935623628966,1.7784888188989791,524.7794935704719,597.2686461891296,484.7786762760156,1.2320439726789183,0.8953488372093024,0.5841310750001351,672.4805194805194,635.0,51781.0,1047.0,390.0,193.95954613415836,0.288424036853869,3.2996967870349283,0.197928601036128,-1.2626981320648196,82.34815978791032,45.04620742797852,6340.808303669095,590.4271850585938,0.0,111.2418051647327,1.3508717796637917,2.2329013310493124,2.214218048299783,5.85148391623601,1,2,0.0,0.0259740259740259,1,2,0.4805194805194805,0.2467532467532467,21,BOD,SYBR,,0.39,14.1,False,15
260326,260326/21S-BOD-488-15,21S-BOD-488-15,5,94,0.2640466865209387,2.054465837071989,579.822975514724,695.1041923331536,510.7144537624801,1.3610427259543123,0.8545454545454545,0.6783588012786512,688.7234042553191,672.0,64740.0,1093.0,398.0,165.129366311368,0.2397615142611769,3.207022258241619,0.1175717447962045,-0.8787668962295982,84.4395623002994,27.48444557189941,7937.318856228143,609.8287353515625,0.0,115.54290728052432,1.368350381419666,2.18937875429924,1.9179178948770277,4.480123144922497,1,2,0.0,0.0106382978723404,1,4,0.5531914893617021,0.2765957446808511,21,BOD,SYBR,,0.39,14.1,False,15
260326,260326/21S-BOD-488-15,21S-BOD-488-15,6,88,0.2471926427004533,1.9575590734816488,561.0128767272698,696.0751501459101,473.7145822281251,1.4693977687406372,0.8979591836734694,0.7327007905016416,676.0340909090909,659.0,59491.0,1113.0,396.0,185.998482805803,0.2751318096335692,3.298498183255215,0.4305984662207479,-0.7237083947557816,81.7307837327773,29.227537155151367,7192.308968484402,628.3609619140625,0.0,137.71113380329453,1.6849359263891028,1.977199951243928,2.4277580590361745,5.799965210375476,1,2,0.0,0.0568181818181818,1,2,0.5909090909090909,0.2159090909090909,21,BOD,SYBR,,0.39,14.1,False,15
260326,260326/21S-BOD-488-15,21S-BOD-488-15,7,116,0.3258448471960521,2.22820931637027,644.1106619969895,781.3984768716106,550.2648132273102,1.4200407841611724,0.9206349206349206,0.7099965773552186,763.1637931034483,762.5,88527.0,1261.0,394.0,219.97315820307503,0.2882384622946299,3.248075792158655,0.0636413037145376,-1.1418321269934055,106.04103620093444,41.89546012878418,12300.760199308395,850.8216552734375,0.0,152.23558585658128,1.4356289914794305,2.181495217197284,2.2559388695560583,6.11264304276304,1,2,0.0,0.0172413793103448,1,6,0.5603448275862069,0.2327586206896551,21,BOD,SYBR,,0.39,14.1,False,15
260326,260326/21S-BOD-488-15,21S-BOD-488-15,8,98,0.2752827157345957,1.988605795036613,592.031113756174,729.0033440389494,490.23021498010274,1.4870632648959383,0.9245283018867924,0.7401277008134056,655.0102040816327,657.0,64191.0,1019.0,389.0,170.64525782603693,0.2605230525611319,3.305883253673765,0.1869758826782823,-1.0683121789125356,81.57171896556203,35.81550979614258,7994.028458625078,638.6306762695312,0.0,113.7538216438058,1.3945252482889374,2.153452742258621,2.129370093725336,5.706851883244568,1,1,0.0,0.0204081632653061,1,1,0.5102040816326531,0.2346938775510204,21,BOD,SYBR,,0.39,14.1,False,15
260326,260326/21S-BOD-488-15,21S-BOD-488-15,9,115,0.3230358398926378,2.3523962025901257,641.3283135165975,907.0994792223058,475.89975427399406,1.9060725942296943,0.92,0.8513248090822719,684.7565217391304,672.0,78747.0,1092.0,390.0,183.621540193092,0.2681559566993736,3.286192062498857,0.205862877071562,-1.055307842291384,88.7408152476601,48.51031875610352,10205.193753480911,583.6240844726562,0.0,116.60478111987582,1.313992673996202,2.311319460025258,1.8801554320455585,3.973271381839552,1,1,0.0,0.017391304347826,2,3,0.4956521739130435,0.2695652173913043,21,BOD,SYBR,,0.39,14.1,False,15
260325,260325/11D-405-01,11D-405-01,1,147,0.4129240736018936,2.6393498944357,725.0870702771246,830.6767040441915,659.4693762626096,1.2596137651635315,0.8909090909090909,0.6080559825116421,972.5442176870748,1012.0,142964.0,1444.0,504.0,253.3029544439513,0.2604539205902244,3.3594442342735364,-0.118468640754052,-1.0913935750960564,163.7556481134324,57.20186233520508,24072.08027267456,1211.0093994140625,0.0,247.92557988655545,1.5139971215821462,2.1518639552040653,2.1284545980813228,4.851243494159951,2,2,0.0,0.0,3,6,0.5578231292517006,0.2244897959183673,20,INT,DAPI,11.0,1.28,17.1,False,1
260325,260325/11D-405-01,11D-405-01,2,123,0.3455078983199517,2.3652561757254134,663.2603705629474,690.1354140446597,668.4805760247447,1.0323941170417992,0.9044117647058824,0.248537266183544,980.9674796747968,957.0,120659.0,1522.0,497.0,283.61362354151817,0.2891162341442141,3.3609187912279173,0.1092483669221291,-1.0492483890786544,172.7195151026656,78.45319366455078,21244.50035762787,979.2745971679688,0.0,224.1215218409773,1.2976039314825427,2.477090191420701,1.6967363347598838,2.5621854745888,1,2,0.0,0.032520325203252,1,3,0.5040650406504065,0.2520325203252032,20,INT,DAPI,11.0,1.28,17.1,False,1
260325,260325/11D-405-01,11D-405-01,3,118,0.3314628618028806,2.158582675409445,649.6396102905932,711.6395618501408,611.3795942953495,1.1639897184830756,0.9291338582677166,0.5117840685074955,963.2033898305084,944.5,113658.0,1512.0,519.0,275.5263357608716,0.2860520827375358,3.312818359559762,0.0431150460909967,-1.1860096488355456,168.72840472096104,83.05453872680664,19909.9517570734,1295.0325927734375,0.0,228.9007207479874,1.356622325248306,2.1537049088387827,1.937321714590084,4.786053747564179,1,2,0.0,0.0254237288135593,1,5,0.5169491525423728,0.2457627118644068,20,INT,DAPI,11.0,1.28,17.1,False,1
260325,260325/11D-405-01,11D-405-01,4,76,0.2134845550594824,1.7966755673186556,521.3606982616968,702.6152368042248,398.0473681870152,1.7651548357282794,0.9382716049382716,0.8240462440501408,1033.0131578947369,1047.5,78509.0,1607.0,500.0,296.2538773156588,0.2867861605165021,3.131406713096951,-0.176552182281458,-1.181183621770313,186.23536980308984,83.78245162963867,14153.888105034828,1607.0,0.0,284.73179123209326,1.528881390968566,1.886232047004284,2.604657647573143,8.724673097711749,1,2,0.0394736842105263,0.0131578947368421,1,2,0.5263157894736842,0.2368421052631578,20,INT,DAPI,11.0,1.28,17.1,False,1
260325,260325/11D-405-02,11D-405-02,1,298,0.8370841764174441,3.814767907551292,1032.3801023299293,1289.7028030202048,832.7378193841272,1.5487501263891652,0.9197530864197532,0.7636064567802009,1341.6879194630872,1303.0,399823.0,2384.0,566.0,496.9694080257877,0.3704061136845173,3.369051125660954,0.1804648140873502,-1.2079803069066657,295.5545209170188,94.25831985473631,88075.2472332716,2192.11474609375,0.0,449.9702656997461,1.522461115815859,2.204409734629335,2.0066750389066708,3.663411181484019,2,4,0.0805369127516778,0.0973154362416107,4,19,0.5671140939597316,0.2382550335570469,20,INT,DAPI,11.0,1.28,17.1,False,2
260325,260325/11D-405-02,11D-405-02,2,261,0.7331509061911172,3.7545577639040895,966.1659929954842,1170.0070900858425,847.5463887745289,1.3804637782452958,0.8787878787878788,0.6893859550455222,869.6858237547892,874.0,226988.0,1432.0,564.0,188.58269189635757,0.2168400205515239,3.195805169368539,0.353791371417946,-0.3839315123065949,152.81690365070355,63.31834030151367,39885.21185283363,1372.8807373046875,0.0,221.40814584481365,1.448845910076089,2.118421139995532,2.167822129902269,5.681632311011777,2,5,0.0,0.0114942528735632,3,18,0.524904214559387,0.2260536398467433,20,INT,DAPI,11.0,1.28,17.1,False,2
260325,260325/11D-405-03,11D-405-03,1,497,1.3960766297968783,5.807140301513354,1333.2441533860097,1738.7845359986034,1079.514459467022,1.610709815649043,0.8466780238500852,0.783933901119531,415.8148893360161,401.0,206660.0,840.0,196.0,143.7770098735653,0.3457716728305524,3.2364046522183605,0.4848066755487772,-0.514936651553072,51.56184853814258,14.453606605529783,25626.23872345686,813.0,0.0,97.40804721370785,1.889149632439008,1.5941912593548024,3.499260800278287,15.846036469887814,4,10,0.0241448692152917,0.1006036217303823,8,37,0.5835010060362174,0.1911468812877263,20,INT,DAPI,11.0,1.28,17.1,False,3
260325,260325/11D-405-03,11D-405-03,2,411,1.1545020017032537,5.721210211595576,1212.4180809623736,1557.321477410567,989.4863055058156,1.57386865158733,0.8422131147540983,0.7722020598488437,355.661800486618,334.0,146177.0,700.0,197.0,108.38951877898796,0.3047544567077177,3.1723318237319025,0.6379640792990422,-0.3367815640966207,39.00727582634075,9.976606369018556,16031.99036462605,449.3980407714844,0.0,65.14592342489196,1.670096720286741,1.8360579290093595,2.816810227311457,10.112578958684802,4,8,0.0,0.0827250608272506,7,34,0.5985401459854015,0.2287104622871046,20,INT,DAPI,11.0,1.28,17.1,False,3
260325,260325/11D-405-03,11D-405-03,3,91,0.255619664610696,1.992372393962062,570.4954560680371,709.7162722944779,471.13156876340736,1.5064078048458749,0.883495145631068,0.7478827309583485,347.7912087912088,320.0,31649.0,595.0,196.0,103.83849815763756,0.2985656207888091,3.1507573502220616,0.693644338126272,-0.543816369366017,51.96248997436775,26.55070304870605,4728.586587667465,282.00469970703125,0.0,66.47762953860902,1.2793387994186067,2.4742705036156782,1.7367125497287563,2.56559269361826,1,2,0.0,0.0769230769230769,1,3,0.4945054945054945,0.2417582417582417,20,INT,DAPI,11.0,1.28,17.1,False,3
260325,260325/11D-405-04,11D-405-04,1,206,0.5786555045033339,3.0178835745872243,858.3513680960267,1134.7364383705224,666.5398856760503,1.702428410896364,0.9321266968325792,0.809299505723073,1342.9660194174758,1350.5,276651.0,2208.0,662.0,398.49830774886834,0.2967300006009986,3.2945362670006157,0.0176151397683975,-1.0600158194811486,223.2575188730527,95.6394386291504,45991.04888784885,2130.0,0.0,337.8180294101016,1.5131317015226238,1.9996566020515365,2.382155950831245,6.956059359738838,1,4,0.0097087378640776,0.0339805825242718,4,13,0.529126213592233,0.2135922330097087,20,INT,DAPI,11.0,1.28,17.1,False,4
260325,260325/11D-405-04,11D-405-04,2,125,0.3511259129267802,2.400069496205826,668.6309875556262,738.1845062481952,633.3783080537808,1.165471720236929,0.9191176470588236,0.513613474941698,1262.272,1249.0,157784.0,2023.0,668.0,351.3701149463616,0.278363233080003,3.328858511185085,0.128460609191925,-1.1264959774380183,215.65458141708373,95.77131652832033,26956.822677135468,1430.4722900390625,0.0,308.68304552476513,1.431377175000799,2.2943984151131183,2.035157712230732,4.033703460294483,1,3,0.0,0.016,1,7,0.512,0.232,20,INT,DAPI,11.0,1.28,17.1,False,4
260325,260325/11D-405-05,11D-405-05,1,274,0.7696680011355024,3.485790820478192,989.9352177607328,1350.395132648429,731.1815233747104,1.846867145132152,0.9448275862068966,0.840728145786367,1285.9963503649635,1275.0,352363.0,2252.0,633.0,403.3931584443044,0.3136814177814906,3.293540990262007,0.3181426998908726,-0.7143603022701028,294.3935694720623,103.27694702148438,80663.83803534508,1722.7093505859375,0.0,417.2831686875703,1.4174330282957153,2.407789581916822,1.6604144491680932,1.9677739292511167,2,4,0.0072992700729927,0.0766423357664233,4,18,0.5766423357664233,0.2518248175182482,20,INT,DAPI,11.0,1.28,17.1,False,5
260325,260325/11D-405-06,11D-405-06,1,201,0.5646104679862627,3.164023808152206,847.8704943631051,918.0058792273576,815.3420249717512,1.125915077490533,0.881578947368421,0.4595218742943019,1338.7512437810944,1386.0,269089.0,2128.0,645.0,385.27491199265137,0.2877867817358678,3.3147897408521154,-0.0959332141135746,-1.1032318107936647,210.34697443988196,71.95635986328125,42279.74186241627,1608.651611328125,0.0,307.2149235729224,1.4605150579939798,2.133065128865058,2.1925374199676257,5.633356871759769,2,4,0.0199004975124378,0.0149253731343283,3,10,0.5522388059701493,0.2736318407960199,20,INT,DAPI,11.0,1.28,17.1,False,6
260325,260325/11D-405-06,11D-405-06,2,222,0.6235996213579618,3.238977224397421,891.0621179215458,1086.761918232048,755.7735477161233,1.437946487431507,0.902439024390244,0.7185878731298717,1297.0315315315315,1253.5,287941.0,2193.0,642.0,394.7826641868159,0.3043739913714028,3.329462463360426,0.2004620547375176,-1.0404157165989014,198.45494725414224,53.479719161987305,44056.99829041958,2193.0,0.0,325.0110771498482,1.6377071050470595,1.8539133282950195,2.705789370001281,9.365440234665998,2,4,0.0135135135135135,0.0495495495495495,2,14,0.581081081081081,0.2342342342342342,20,INT,DAPI,11.0,1.28,17.1,False,6
260325,260325/11D-405-06,11D-405-06,3,52,0.1460683797775405,1.3196749472178495,431.2540288138287,474.3669148245029,393.6030427478841,1.205191178179867,0.9454545454545454,0.5581443357747956,928.75,900.0,48295.0,1419.0,639.0,226.0751978834459,0.2434187864155541,3.109877470933411,0.4658986948775768,-0.9354602886523566,216.25954070458044,120.69094848632812,11245.496116638184,1027.26171875,0.0,246.12932136956832,1.138120059663824,2.58034610442774,1.6377102905117245,2.298203866521757,1,0,0.0,0.0384615384615384,1,1,0.4423076923076923,0.2307692307692307,20,INT,DAPI,11.0,1.28,17.1,False,6
260325,260325/11D-405-07,11D-405-07,1,80,0.2247205842731393,1.8223955135892305,534.904790044501,672.8869113574791,430.9251902051356,1.5614935646652757,0.8888888888888888,0.7680311372448966,641.0875,613.5,51287.0,1189.0,324.0,215.5101215720505,0.3361633498891345,3.1679001006706096,0.6080251125438914,-0.3388060002705773,137.9571328997612,66.77315521240234,11036.570631980896,1079.60986328125,0.0,219.10977991667937,1.5882453868904567,2.119290510885979,2.8464850621998794,8.521645005043034,1,2,0.0,0.1,1,2,0.5125,0.175,20,INT,DAPI,11.0,1.28,17.1,False,7
260325,260325/11D-405-08,11D-405-08,1,265,0.7443869354047742,3.4638374731330663,973.5414129566228,1097.5149251191804,870.4962326882004,1.260792274459268,0.9075342465753424,0.6090236422200493,1202.4792452830188,1115.0,318657.0,2038.0,640.0,393.07201194588487,0.3268846539246258,3.3442902252116884,0.4192905058415856,-1.0163149151967172,136.80314444348497,50.209659576416016,36252.83327752352,1529.6865234375,0.0,219.30473160222405,1.6030679155391891,1.8767285853177416,2.4985909340148496,8.077391241596505,1,4,0.0,0.090566037735849,1,19,0.5584905660377358,0.2188679245283019,20,INT,DAPI,11.0,1.28,17.1,False,8
260325,260325/11D-405-08,11D-405-08,2,101,0.2837097376448385,1.8663022082794816,601.0245063188743,699.0010885015504,519.3243931365594,1.3459816210053204,0.971153846153846,0.6693444820679648,1450.5841584158416,1335.0,146509.0,2878.0,656.0,621.5290703953715,0.428468122162683,3.132147205889966,0.5209760170358234,-0.9001561990472942,342.9822195992612,135.79833984375,34641.204179525375,2878.0,0.0,516.7781556408908,1.5067199583835336,2.091421910505192,2.689921733326201,8.25250308628803,1,3,0.0792079207920792,0.1782178217821782,1,2,0.5643564356435643,0.198019801980198,20,INT,DAPI,11.0,1.28,17.1,False,8
260325,260325/11D-405-09,11D-405-09,1,237,0.6657347309091753,3.11823381399923,920.6735500149792,1005.5209761850942,849.8693199000076,1.1831477530020733,0.92578125,0.5344454434776335,1139.8481012658228,1111.0,270144.0,2051.0,580.0,369.9872909615605,0.324593505529976,3.2919520622090093,0.2812313080653989,-1.0343223031602842,180.06539812570887,64.76148986816406,42675.499355793,1797.0975341796875,0.0,277.0590976885779,1.5386581795973644,1.983572217026115,2.430463148554744,7.274397865392093,1,4,0.0,0.0886075949367088,2,12,0.5569620253164557,0.2194092827004219,20,INT,DAPI,11.0,1.28,17.1,False,9
260325,260325/11D-405-09,11D-405-09,2,143,0.4016880443882366,2.555303103980646,715.1539014522932,890.4813806055531,584.4711959824713,1.5235676056006346,0.8881987577639752,0.7544528888463201,1276.125874125874,1165.0,182486.0,2435.0,577.0,513.9264191747833,0.4027239237091832,3.2637895277548625,0.4138420158484756,-1.024617937305719,306.974503758904,126.62745666503906,43897.35403752327,2254.0,0.0,443.6639130247953,1.4452793557514678,2.2493640053916946,2.32351760105572,6.164547457818745,1,4,0.0769230769230769,0.1468531468531468,1,7,0.5314685314685315,0.2447552447552447,20,INT,DAPI,11.0,1.28,17.1,False,9
260325,260325/11D-405-09,11D-405-09,3,48,0.1348323505638836,1.4165817108081906,414.3354687297855,528.2834927628547,335.90413972747245,1.5727209947202927,0.8727272727272727,0.7718203281397822,872.625,863.0,41886.0,1378.0,581.0,213.4635974746245,0.2446223721239071,2.990044155750911,0.4638109273215428,-0.6580304318011381,221.75141447037456,150.6047592163086,10644.06789457798,1124.489501953125,0.0,252.0876135002297,1.1368027306716817,2.537404924434336,2.048386974096415,4.139496287042563,1,0,0.0,0.0208333333333333,1,1,0.3541666666666667,0.1875,20,INT,DAPI,11.0,1.28,17.1,False,9
260325,260325/11D-405-10,11D-405-10,1,430,1.2078731404681242,4.98830262120416,1240.1257385714828,1671.6870503551268,932.2104590443842,1.7932506915539066,0.893970893970894,0.830078528501323,844.2162790697674,797.5,363013.0,1577.0,424.0,293.9121575874853,0.348147938951549,3.3122845709615847,0.4991852527018535,-0.7939891539825088,106.0364010748475,24.646800994873047,45595.65246218443,1555.0,0.0,184.48645415349912,1.7398407743325464,1.6529212091450212,3.11334593552943,13.524628167506528,3,6,0.0,0.0930232558139534,5,32,0.5837209302325581,0.2186046511627907,20,INT,DAPI,11.0,1.28,17.1,False,10
260325,260325/11D-405-11,11D-405-11,1,340,0.9550624831608424,4.644582261533049,1102.7344745011578,1256.3247797367978,992.9471113400734,1.265248436083642,0.8695652173913043,0.6126444822747625,818.8911764705882,738.0,278423.0,1631.0,411.0,311.9285759594442,0.3809157857871333,3.2445636973297627,0.6339914620331096,-0.6772896804100341,114.53097968601676,36.37906646728516,38940.5330932457,1593.0,0.0,195.0347536591005,1.7028995490458774,1.72804328964265,3.277479229632293,14.7952761169906,1,5,0.0,0.1441176470588235,3,22,0.5588235294117647,0.2088235294117647,20,INT,DAPI,11.0,1.28,17.1,False,11
260325,260325/11D-405-12,11D-405-12,1,190,0.533711387648706,2.833163421616381,824.3436445013756,1066.972249804995,643.6428834682198,1.6577084548122367,0.9223300970873788,0.7975579140938227,1889.778947368421,1869.5,359058.0,3259.0,941.0,616.8047066254345,0.3263898708811182,3.3307533539649845,0.2098308659316047,-1.1024301915764678,448.6914650013573,250.53787231445312,85251.37835025787,3259.0,0.0,611.1040328053963,1.3619693719905008,2.3046541467818407,1.9917149852863465,4.086287197290548,1,4,0.0052631578947368,0.0736842105263157,2,10,0.4736842105263157,0.2157894736842105,20,INT,DAPI,11.0,1.28,17.1,False,12
260325,260325/11D-405-13,11D-405-13,1,256,0.719105869674046,3.416164179517366,956.8667776238055,1121.1503861635588,839.2250539606841,1.3359353142191608,0.9446494464944648,0.663090500273793,1959.45703125,1973.0,501621.0,3311.0,879.0,629.4258620310297,0.3212246311058421,3.3246170371400057,-0.0794590241072168,-1.150300850686403,313.77443591563497,97.36288833618164,80326.25559440255,3311.0,0.0,518.8565261918245,1.6535971921285846,1.8716519435571628,2.552098248079515,7.571111744291041,1,4,0.0625,0.02734375,3,15,0.59375,0.23046875,20,INT,DAPI,11.0,1.28,17.1,False,13
260325,260325/11D-405-13,11D-405-13,2,197,0.5533744387726057,3.204163903917008,839.3915763759538,902.0042466796614,824.4346506222441,1.0940882288230744,0.9078341013824884,0.4057072688805023,1466.010152284264,1382.0,288804.0,2573.0,875.0,437.4100956003873,0.2983677124737756,3.226661788174097,0.6335189368958166,-0.4544258489870389,193.60124188752343,82.06842041015625,38139.44465184212,1869.5517578125,0.0,297.5121226088853,1.5367263128494342,2.0158402095129624,2.5923769963820136,8.457051423272784,1,3,0.0,0.065989847715736,3,10,0.5126903553299492,0.2233502538071066,20,INT,DAPI,11.0,1.28,17.1,False,13
260325,260325/11D-405-14,11D-405-14,1,343,0.9634895050710852,4.432581985932691,1107.588794992896,1234.256848610569,1033.4834597747974,1.1942686038531485,0.927027027027027,0.5466938506003458,1389.9183673469388,1385.0,476742.0,2428.0,688.0,473.44700795338935,0.3406293629007147,3.348443950365008,0.2037198159437277,-1.1591277785331788,124.07925451045134,28.378585815429688,42559.18429708481,2347.0,0.0,227.29944899009385,1.831889221827555,1.473883495202755,4.168305567582735,28.937441634990392,2,4,0.0087463556851311,0.0787172011661807,4,22,0.577259475218659,0.19533527696793,20,INT,DAPI,11.0,1.28,17.1,False,14
260325,260325/11D-405-14,11D-405-14,2,159,0.4466321612428645,2.8657703195302857,754.1019358448476,1137.3551563612878,527.5374674928408,2.1559703839931,0.9298245614035088,0.8859251332394451,1469.1446540880504,1505.0,233594.0,2388.0,688.0,486.4691026196,0.3311240327941487,3.2917012295660952,-0.0177960838911187,-1.347834139033687,123.84964413912792,27.77850151062012,19692.093418121334,1429.3876953125,0.0,215.53843984595412,1.7403234490026194,1.7403711412327414,2.723556009777049,9.509151987990958,1,2,0.0188679245283018,0.0377358490566037,1,5,0.5786163522012578,0.2012578616352201,20,INT,DAPI,11.0,1.28,17.1,False,14
260325,260325/11D-405-14,11D-405-14,3,285,0.800567081473059,4.043071632108603,1009.6106508673112,1145.3417051050285,929.9784348464146,1.2315787788070385,0.8878504672897196,0.5837048395638015,1303.1508771929823,1255.0,371398.0,2323.0,689.0,410.2566377842762,0.3148189860163994,3.29234557902983,0.3407862711414947,-1.0170184307797103,111.90949850751645,26.443078994750977,31894.20707464218,1365.1593017578125,0.0,176.27528045669308,1.575159238559661,1.802697645582464,2.685175987777182,10.76591333592258,1,4,0.0,0.0736842105263157,4,18,0.5649122807017544,0.2280701754385964,20,INT,DAPI,11.0,1.28,17.1,False,14
260325,260325/11D-405-15,11D-405-15,1,316,0.8876463078789005,3.9627914405789983,1063.1022438738332,1391.8710287510814,818.9466154072908,1.6995870091713554,0.9239766081871345,0.8085858370155846,1889.8354430379748,1883.5,597188.0,3243.0,946.0,617.4501006585837,0.3267216216804631,3.304336044706893,0.160463585456841,-1.1990321182731147,341.17283698991884,118.19909286499023,107810.61648881435,3243.0,0.0,525.5665940275683,1.5404702163997248,2.012570579994696,2.337081904835819,6.220843096789805,1,5,0.0,0.0569620253164556,5,17,0.5411392405063291,0.2183544303797468,20,INT,DAPI,11.0,1.28,17.1,False,15
260325,260325/13D-405-01,13D-405-01,1,157,0.441014146636036,2.61018647234346,749.3441474280244,840.5772647830308,700.1264591693423,1.2006077670315802,0.923529411764706,0.553406230156019,1487.5286624203825,1463.0,233542.0,2339.0,788.0,422.2269647359374,0.2838445909666876,3.357292274117372,0.1332785291538323,-1.0563240636499638,302.7651566183491,104.8487319946289,47534.12958908081,1809.8935546875,0.0,412.33279112510655,1.3618898413890903,2.333477747092839,1.673720068094475,2.414183612461469,2,3,0.0,0.0318471337579617,2,6,0.5414012738853503,0.2356687898089172,4,INT,DAPI,13.0,1.44,17.1,False,1
260325,260325/13D-405-01,13D-405-01,2,185,0.5196663511316348,2.970210280971524,813.4247035399318,954.3072639846248,721.2144185540716,1.3231949326496688,0.9068627450980392,0.6548642288663324,1510.2270270270271,1461.0,279392.0,2535.0,755.0,492.5350708372962,0.3261331323191064,3.340023596627744,0.1961284545594416,-1.1644839180694426,322.9382122039795,128.9093475341797,59743.569257736206,2535.0,0.0,508.1441400162493,1.5735026726886288,2.1273680158012245,2.3902649759251084,5.858554208888407,1,4,0.0054054054054054,0.0756756756756756,2,11,0.5567567567567567,0.2216216216216216,4,INT,DAPI,13.0,1.44,17.1,False,1
260325,260325/13D-405-02,13D-405-02,1,139,0.3904520151745796,2.2774427863449107,705.080808164432,759.9453003354092,658.6977963019593,1.153708581692349,0.952054794520548,0.4987080790378089,1213.2805755395684,1113.0,168646.0,2320.0,546.0,485.5994357608549,0.4002367181596885,3.173255726165651,0.4598199318921814,-0.9160966503585724,255.19993009841696,113.52378845214844,35472.79028367996,2272.0,0.0,378.9687351754303,1.484987613551784,2.110140604765461,2.730020264218984,9.206850227421567,1,4,0.0935251798561151,0.1294964028776978,2,5,0.5107913669064749,0.2086330935251798,4,INT,DAPI,13.0,1.44,17.1,False,2
260325,260325/13D-405-02,13D-405-02,2,132,0.3707889640506799,2.4712563135255925,687.0976435563656,746.062100510026,645.5096508076149,1.155772186483358,0.8918918918918919,0.5013882489083641,872.1515151515151,861.0,115124.0,1442.0,522.0,217.776777824264,0.2497006243077277,3.219468334070932,0.1666350438661899,-0.9277437673955652,128.8869388031237,83.91194534301758,17013.07592201233,1364.2657470703125,0.0,183.88835785412587,1.4267416043996315,1.9857810234056,3.178610183264774,15.639057265877328,2,3,0.0,0.0151515151515151,1,7,0.4469696969696969,0.1969696969696969,4,INT,DAPI,13.0,1.44,17.1,False,2
260325,260325/13D-405-03,13D-405-03,1,115,0.3230358398926378,2.1661158732603423,641.3283135165975,831.2666705522505,496.5401189758847,1.6741178381854425,0.92,0.8019959151363111,1525.7478260869566,1379.0,175461.0,2797.0,706.0,592.5178632806239,0.3883458676131547,3.22156243134762,0.3986693049809945,-1.085172785921557,377.8171806252521,174.3859405517578,43448.97577190399,2674.0,0.0,529.6644984646451,1.4019068629650455,2.290641869285258,1.9972308676581845,4.140309861261716,1,4,0.0347826086956521,0.1478260869565217,1,8,0.5391304347826087,0.2260869565217391,4,INT,DAPI,13.0,1.44,17.1,False,3
260325,260325/13D-405-03,13D-405-03,2,67,0.1882034893287542,1.5225818486083695,489.5182581584797,547.2752121979668,439.6854090391371,1.244697233401377,0.943661971830986,0.5954285998189832,1349.4179104477612,1327.0,90411.0,2228.0,709.0,408.333796508843,0.3025999531704381,3.1258589504385474,0.2308308701240468,-0.9880647446378364,330.36415775498347,209.4395446777344,22134.398569583893,1565.1402587890625,0.0,361.3199209464904,1.0937019421291625,2.6143264250501947,1.484525974640578,2.2455293467307165,1,0,0.0,0.0746268656716417,1,1,0.3880597014925373,0.2835820895522388,4,INT,DAPI,13.0,1.44,17.1,False,3
260325,260325/13D-405-03,13D-405-03,3,56,0.1573044089911975,1.3855349892532267,447.5334558318364,515.0295755311791,392.5967308344567,1.3118539587339249,0.918032786885246,0.6472474357201137,1210.928571428571,1199.5,67812.0,1962.0,728.0,307.7423277024795,0.2541374734757691,3.1526856601242463,0.3878560318495237,-0.6368113640101831,295.47726455756595,185.2082061767578,16546.726815223694,1664.38330078125,0.0,333.5779751669431,1.128946335909896,2.4659449699525906,2.0009836534051977,4.935442789559609,1,0,0.0,0.0357142857142857,1,1,0.4107142857142857,0.25,4,INT,DAPI,13.0,1.44,17.1,False,3
260325,260325/13D-405-04,13D-405-04,1,309,0.8679832567550009,3.631931054043173,1051.2614359275628,1328.8124288693286,843.9139294523123,1.5745828839816736,0.927927927927928,0.7724391103771061,2263.686084142395,2223.0,699479.0,3809.0,1009.0,773.3049468012465,0.3416131557367485,3.37675013724613,0.0870956809594522,-1.2222699096688208,374.1685010298942,127.16320037841795,115618.0668182373,3082.802734375,0.0,564.0810015362159,1.5075587602472948,2.1585874371141625,2.198091564570116,5.3363343230626725,2,6,0.0485436893203883,0.0809061488673139,4,19,0.5501618122977346,0.2362459546925566,4,INT,DAPI,13.0,1.44,17.1,False,4
260325,260325/13D-405-04,13D-405-04,2,310,0.870792264058415,3.72695451817079,1052.9611321642587,1417.8112912834542,796.6720567160377,1.7796674043367542,0.9422492401215804,0.8272033032827082,2047.2935483870967,2058.0,634661.0,3541.0,1015.0,630.5293771328165,0.3079819098875985,3.3244646588269053,0.1598083577399837,-0.9917744610456554,311.0000633816565,124.35147476196288,96410.01964831352,2612.044921875,0.0,472.8331841940078,1.520363626465732,2.161928301321713,2.476644972545189,6.9783023118879175,1,3,0.0129032258064516,0.0516129032258064,4,17,0.532258064516129,0.2225806451612903,4,INT,DAPI,13.0,1.44,17.1,False,4
260325,260325/13D-405-04,13D-405-04,3,285,0.800567081473059,3.6629777755981374,1009.6106508673112,1385.327523194851,744.5294044611494,1.8606753674120864,0.9047619047619048,0.8433024590939825,1988.2140350877196,2040.0,566641.0,3265.0,1017.0,558.2090890752912,0.2807590527096662,3.2868724525831343,-0.1505423012129456,-1.1585917576693183,279.4326673273455,85.46997833251953,79638.31018829346,3265.0,0.0,427.3145865131455,1.5292220147351692,1.8445192750465933,2.55515328261126,9.784459980452398,1,3,0.0,0.0105263157894736,2,20,0.5684210526315789,0.2456140350877192,4,INT,DAPI,13.0,1.44,17.1,False,4
260325,260325/13D-405-04,13D-405-04,4,191,0.5365203949521202,2.948256933626398,826.5101229930382,1038.624847714636,673.7882974607999,1.5414705948867595,0.9227053140096618,0.761017666052302,1828.5811518324608,1792.0,349259.0,3053.0,1015.0,555.7223108718701,0.3039090227496706,3.297687979321879,0.2584225727595718,-1.0043290149770498,250.74388169493352,92.03874206542967,47892.0814037323,1519.9957275390625,0.0,341.77676128520164,1.3630512496453369,2.355963073020157,1.5484146390317726,1.6281740860745924,1,3,0.0,0.0680628272251308,2,7,0.5602094240837696,0.2460732984293193,4,INT,DAPI,13.0,1.44,17.1,False,4
260325,260325/13D-405-04,13D-405-04,5,59,0.1657314309014403,1.4165817108081906,459.3645737638645,514.6210387788385,418.1143568264122,1.2308140832209995,0.9672131147540984,0.5830024554088756,1458.6440677966102,1433.0,86060.0,2145.0,1018.0,286.02988526712795,0.1960929959419073,3.0223848962153,0.2904682754560025,-0.4994595358690468,276.8040273957333,175.23812866210938,16331.437616348268,1512.1580810546875,0.0,336.25267197507696,1.2147679899698598,2.4101953346936376,1.7959458890685294,3.730560244041806,1,1,0.0,0.0,1,1,0.4576271186440678,0.2372881355932203,4,INT,DAPI,13.0,1.44,17.1,False,4
260325,260325/13D-405-04,13D-405-04,6,46,0.1292143359570551,1.2795348514530474,405.6116397333997,472.34432049174046,353.06586513107806,1.3378362711908711,0.8846153846153846,0.6642892392129233,1410.9782608695652,1360.5,64905.0,1974.0,1010.0,281.4500933957276,0.1994716015130339,3.003571920532538,0.3746735166749301,-0.9587988253888612,328.45362057893175,269.5864562988281,15108.86654663086,1263.1204833984375,0.0,309.43159835485903,0.9420861240909918,2.7647605446792576,1.287236602744869,1.197362874698923,1,0,0.0,0.0,1,1,0.4130434782608695,0.2608695652173913,4,INT,DAPI,13.0,1.44,17.1,False,4
260325,260325/13D-405-05,13D-405-05,1,336,0.9438264539471852,4.317488473922673,1096.2286096123917,1508.5251653834898,804.0639338107698,1.8761258924200293,0.9032258064516128,0.8461068799001242,1490.7708333333333,1506.0,500899.0,2385.0,750.0,441.88219999130337,0.2964118898162662,3.368419191129944,0.0379490785938746,-1.125127275284259,276.80894214056786,110.38548278808594,93007.8045592308,2317.0,0.0,394.1061614142861,1.423747940968442,2.183872856378406,2.04613936088006,4.646153740989398,2,6,0.0,0.0297619047619047,6,22,0.5505952380952381,0.2648809523809524,4,INT,DAPI,13.0,1.44,17.1,False,5
260325,260325/13D-405-06,13D-405-06,1,247,0.6938248039433178,3.642907727715736,939.8963652971286,1387.048598928487,653.934755289077,2.1210810217837888,0.9014598540145984,0.8818886711140482,1345.4412955465586,1280.0,332324.0,2477.0,676.0,444.0265542615347,0.330022986310345,3.256404099123092,0.3137452096765548,-0.944478908555748,225.2903348294347,114.94203186035156,55646.71270287037,2477.0,0.0,306.64354387093624,1.361103857842341,1.9651731512929764,2.770012208439913,13.09043947856,1,4,0.0,0.0769230769230769,2,12,0.4939271255060729,0.2510121457489878,4,INT,DAPI,13.0,1.44,17.1,False,6
260325,260325/13D-405-07,13D-405-07,1,246,0.6910157966399035,3.1329770865972417,937.9918114347248,1073.7057829713035,823.772525775538,1.303400816821933,0.946153846153846,0.6413795997213066,2309.191056910569,2242.0,568061.0,4044.0,1127.0,767.5026557697194,0.3323686247064152,3.3360367484236235,0.2749051608011292,-0.9629506469399542,325.24000226336767,155.68822479248047,80009.04055678844,2260.86962890625,0.0,457.8688533185244,1.4077876341538047,2.314116403781445,1.981438068117761,3.775121127811458,1,4,0.024390243902439,0.073170731707317,3,14,0.516260162601626,0.2154471544715447,4,INT,DAPI,13.0,1.44,17.1,False,7
260325,260325/13D-405-07,13D-405-07,2,90,0.2528106573072818,1.8223955135892305,567.3522064944498,572.4957602757194,567.0558849052301,1.0095931909275546,0.9473684210526316,0.1375273917180309,2021.2444444444443,1933.5,181912.0,3581.0,1118.0,665.908221754507,0.3294545712097367,3.174381668872394,0.4470743293098665,-0.8663487714515803,470.09456321398415,238.5735015869141,42308.510689258575,3581.0,0.0,632.3399700708177,1.345133553018737,2.2752532815839865,2.402647563688114,6.93906900925022,1,3,0.0,0.0888888888888888,1,2,0.4888888888888889,0.2,4,INT,DAPI,13.0,1.44,17.1,False,7
260325,260325/13D-405-08,13D-405-08,1,310,0.870792264058415,3.5569776377979583,1052.9611321642587,1085.94474007577,1024.2234583156774,1.0602615388848762,0.9422492401215804,0.3323290292427923,1647.0548387096774,1658.5,510587.0,2796.0,761.0,541.9906078424756,0.3290665223187575,3.3629266034015672,0.0285979026214272,-1.1966183920541904,262.5819067574316,102.3747901916504,81400.39109480381,2796.0,0.0,404.8429908607758,1.541777938396808,1.9677151468196936,2.597443730928548,8.606339285168607,2,4,0.0483870967741935,0.0548387096774193,3,16,0.532258064516129,0.2225806451612903,4,INT,DAPI,13.0,1.44,17.1,False,8
260325,260325/13D-405-08,13D-405-08,2,196,0.5505654314691915,3.037953622469625,837.25843042083,933.262315894492,766.4213272933188,1.217688342768835,0.9116279069767442,0.5705999049013845,1313.734693877551,1299.0,257492.0,2144.0,776.0,348.62260988566925,0.2653675902070401,3.2961551038827444,0.2424510305125063,-0.9068492084530586,206.40706198069515,86.69406509399414,40455.78414821625,1747.0440673828125,0.0,305.9946415476536,1.4824814549042546,2.133136421209248,2.616657496748211,8.839248701391435,2,4,0.0,0.0255102040816326,2,10,0.5153061224489796,0.2346938775510204,4,INT,DAPI,13.0,1.44,17.1,False,8
260325,260325/13D-405-09,13D-405-09,1,138,0.3876430078711654,2.396302897280377,702.5399681595715,829.3483757362184,600.7817340623732,1.380448719917499,0.9261744966442952,0.6893776517787795,1308.804347826087,1226.0,180615.0,2393.0,646.0,450.1024840104144,0.3439035672199827,3.2657232773410163,0.4169219405581322,-0.865858848739447,272.01140055794644,124.8436279296875,37537.57327699661,2393.0,0.0,379.3924328344518,1.3947666607217444,2.1026106052885654,2.381834959190887,7.592123593435399,1,2,0.0072463768115942,0.1159420289855072,1,6,0.5289855072463768,0.2318840579710145,4,INT,DAPI,13.0,1.44,17.1,False,9
260325,260325/13D-405-09,13D-405-09,2,137,0.3848340005677512,2.3342094541704497,699.9899054139959,868.6844654108671,569.7256200075531,1.5247417965850838,0.9383561643835616,0.7548923223189269,1248.2700729927008,1224.0,171013.0,1973.0,666.0,369.93273441917455,0.2963563273869642,3.360439662319844,0.1811510220277316,-1.1419780623107538,243.6353996824609,121.48444366455078,33378.049756497145,1299.7574462890625,0.0,323.2536348176969,1.3267925565784175,2.4986248018790125,1.7624047559705849,2.330351471007207,1,3,0.0,0.0437956204379562,1,6,0.5036496350364964,0.2043795620437956,4,INT,DAPI,13.0,1.44,17.1,False,9
260325,260325/13D-405-10,13D-405-10,1,113,0.3174178252858093,2.07830248387984,635.7270855939122,760.7828700315425,533.424734472204,1.426223459218286,0.9338842975206612,0.7130114398230328,1952.9911504424776,1821.0,220688.0,3968.0,783.0,881.1966751401918,0.4512036190950195,3.238004488671778,0.5868376097543723,-0.6877402927173435,562.5027151614164,199.09197998046875,63562.80681324005,3938.0,0.0,878.1842494858801,1.561208907647451,2.210442022403309,2.267404463421045,4.543024415853283,1,3,0.1150442477876106,0.168141592920354,1,3,0.5398230088495575,0.1858407079646017,4,INT,DAPI,13.0,1.44,17.1,False,10
260325,260325/13D-405-10,13D-405-10,2,103,0.2893277522516669,2.184302621680019,606.9460730214508,778.107191814971,481.5003088346935,1.616005592391234,0.8728813559322034,0.7855409002961881,1122.5339805825242,1072.0,115621.0,1721.0,783.0,234.3105370135288,0.2087335805121342,3.1841606386864125,0.5149078032715848,-0.7501371993842509,135.145764216636,92.89842224121094,13920.013714313509,781.3190307617188,0.0,158.24101291343118,1.170891398858598,2.5766465465422925,1.7738753817522637,3.568262304177635,1,3,0.0,0.0097087378640776,2,6,0.4466019417475728,0.233009708737864,4,INT,DAPI,13.0,1.44,17.1,False,10
260325,260325/13D-405-11,13D-405-11,1,130,0.3651709494438515,2.246396064789947,681.8724905877906,824.9962672939972,565.2851704037101,1.459433769870186,0.948905109489051,0.7283575591140418,2278.9461538461537,2157.5,296263.0,3953.0,1157.0,739.4143430591041,0.3244545035920231,3.280568582909441,0.2623837162467903,-1.0153249697410325,481.9403907244022,256.73519134521484,62652.25079417229,3694.0,0.0,640.1595796395999,1.328296179279307,2.2672169799601507,2.44643849752532,7.825652034978422,1,4,0.0,0.0769230769230769,1,4,0.4846153846153846,0.2230769230769231,4,INT,DAPI,13.0,1.44,17.1,False,11
260325,260325/13D-405-12,13D-405-12,1,138,0.3876430078711654,2.3342094541704497,702.5399681595715,815.8206851195195,608.6770176208502,1.3403178722080498,0.92,0.6658432394479812,1833.6739130434785,1775.0,253047.0,3457.0,902.0,641.7388577172838,0.3499743619366567,3.224330219216712,0.3368924103952405,-0.9928457151986444,352.38846243291664,184.9042739868164,48629.60781574249,3457.0,0.0,474.7795929332613,1.347318778984269,2.060087441837288,2.830476439655487,13.10963117633014,1,4,0.0072463768115942,0.0942028985507246,1,5,0.4855072463768116,0.2536231884057971,4,INT,DAPI,13.0,1.44,17.1,False,12
260325,260325/13D-405-13,13D-405-13,1,356,1.00000660001547,4.090744925724303,1128.382890749348,1602.570346187029,801.4630745399443,1.999556058283703,0.9393139841688656,0.8659613026034648,2149.72191011236,2202.5,765301.0,3363.0,1089.0,603.6006875855974,0.2807808232061275,3.352743491069016,-0.1187344059905708,-1.1270405180819214,395.9965296990416,141.5891876220703,140974.7645728588,3225.0,0.0,596.4567518409829,1.5062171183527582,2.1378638368940304,2.1998513549571306,5.375124609385432,3,5,0.0,0.0196629213483146,4,24,0.5449438202247191,0.2331460674157303,4,INT,DAPI,13.0,1.44,17.1,False,13
260325,260325/13D-405-14,13D-405-14,1,324,0.9101183663062145,3.637257829327563,1076.4751248267814,1228.928502161143,952.6915947542276,1.2899541771208527,0.9585798816568049,0.63168970301182,2291.3888888888887,2300.5,742410.0,4027.0,1086.0,778.5459476290782,0.3397703250654239,3.346649284170385,0.1269777647391157,-1.1215964205824671,334.8203624935797,105.83426666259766,108481.79744791985,4027.0,0.0,552.35708219569,1.6497117382049356,1.8415575227139205,2.925814495592091,11.331571032555118,1,4,0.0462962962962962,0.0679012345679012,3,16,0.5648148148148148,0.2253086419753086,4,INT,DAPI,13.0,1.44,17.1,False,14
260325,260325/13D-405-14,13D-405-14,2,396,1.11236689215204,4.71232560303115,1190.0880284004754,1826.9581642390715,787.4562565806621,2.3200757489339083,0.9209302325581395,0.9023421780914328,2190.3358585858587,2104.5,867373.0,3887.0,1062.0,746.1718102808106,0.3406654771029315,3.348888587234894,0.3396867254586491,-0.9949547918856604,308.90431024901795,127.21402359008788,122326.1068586111,2770.3505859375,0.0,451.8064063130717,1.4626095891923805,2.091086195219751,2.1090361995107134,4.862577474440324,2,8,0.0227272727272727,0.1085858585858585,5,31,0.5277777777777778,0.2474747474747475,4,INT,DAPI,13.0,1.44,17.1,False,14
260325,260325/13D-405-14,13D-405-14,3,189,0.5309023803452918,3.076210418771704,822.1714572092936,852.7484800114538,824.953411013034,1.0336928954136788,0.908653846153846,0.2532330124024431,1924.957671957672,1924.0,363817.0,2946.0,1071.0,538.0727708307168,0.2795244688593591,3.33533130670154,0.0893552703733281,-1.2719454746814358,254.83720318602508,124.9630355834961,48164.23140215874,1357.779052734375,0.0,334.5037222870412,1.31261730275254,2.459035101447958,1.534720946704995,1.6192132970293454,1,3,0.0,0.0211640211640211,2,9,0.5132275132275133,0.238095238095238,4,INT,DAPI,13.0,1.44,17.1,False,14
260325,260325/13D-405-14,13D-405-14,4,46,0.1292143359570551,1.3105815730080117,405.6116397333997,466.5998100755485,359.5912608499671,1.2975838427570372,0.9019607843137256,0.6372427877835074,1313.9347826086955,1267.5,60441.0,1688.0,1069.0,169.32853040090282,0.1288713356569469,2.92093757391437,0.4105823019631736,-0.6948180287923691,225.15852876331496,219.210563659668,10357.292323112488,801.1036376953125,0.0,208.18150023110576,0.9245996648430078,2.671256852884213,0.9899920352438888,0.7810915855880909,1,1,0.0,0.0,1,1,0.3478260869565217,0.2391304347826087,4,INT,DAPI,13.0,1.44,17.1,False,14
260325,260325/13D-405-15,13D-405-15,1,164,0.4606771977599357,2.564396478190484,765.8671069746572,813.4782865341488,741.6590588787896,1.0968359070054814,0.9371428571428572,0.410826808175651,1860.4939024390244,1782.5,305121.0,3305.0,782.0,738.5202124905386,0.396948472404221,3.336120633404774,0.2586066980390003,-1.146719914872201,337.2317942657121,103.93151473999023,55306.0142595768,2360.61083984375,0.0,511.9829691359018,1.518193058429418,2.202973194005672,2.167933361698801,4.7033564083621,1,3,0.1158536585365853,0.1463414634146341,1,6,0.5548780487804879,0.2378048780487804,4,INT,DAPI,13.0,1.44,17.1,False,15
260325,260325/13D-405-15,13D-405-15,2,124,0.348316905623366,2.2774427863449107,665.9510930537281,757.9048422848651,628.2162180888109,1.2064394717325178,0.9117647058823528,0.5594185211008065,1757.451612903226,1651.5,217924.0,3352.0,768.0,690.982843725212,0.3931731824944764,3.205293632854478,0.4011481896642126,-0.9518923394404766,302.9051229030855,129.9146614074707,37560.235239982605,3053.04638671875,0.0,495.8333310506587,1.636926197545033,1.9516468157803883,3.024525789727329,11.591793992341485,1,2,0.0806451612903225,0.1451612903225806,1,5,0.5564516129032258,0.2016129032258064,4,INT,DAPI,13.0,1.44,17.1,False,15
260325,260325/13D-405-15,13D-405-15,3,101,0.2837097376448385,2.012442441844463,601.0245063188743,734.3445050778141,499.4385724298169,1.4703399889703297,0.90990990990991,0.7331056180969601,1390.752475247525,1407.0,140466.0,2113.0,793.0,374.8810586290162,0.2695526812291276,3.235066711539357,-0.0599001636302234,-1.2658914904853655,249.7259452319381,132.8040008544922,25222.32046842575,1838.220703125,0.0,312.142406815351,1.2499398351478552,2.3052804595864047,2.0451019827042565,6.0646528292008846,1,2,0.0,0.0099009900990099,1,4,0.495049504950495,0.2772277227722772,4,INT,DAPI,13.0,1.44,17.1,False,15
260325,260325/13D-405-15,13D-405-15,4,83,0.2331476061833821,1.9594423729443733,544.84195135197,600.8960539054508,526.4082069854657,1.1415020623377967,0.8469387755102041,0.4822407797010258,1404.433734939759,1418.0,116568.0,2087.0,784.0,372.6565538679793,0.2653429240532761,3.1599427869071133,-0.1491129701682028,-1.2806779821641112,217.6761768323829,64.81946563720703,18067.122677087784,1512.035400390625,0.0,309.71337305191935,1.422817037485952,2.107222144129381,1.7901261952995136,3.362097464059495,1,2,0.0,0.0,1,4,0.5421686746987951,0.2409638554216867,4,INT,DAPI,13.0,1.44,17.1,False,15
260325,260325/13D-405-15,13D-405-15,5,105,0.2949457668584954,2.153255900125055,612.8104224933467,790.6473188856097,499.7481294981327,1.582091602182903,0.8974358974358975,0.7749074999028339,1512.8666666666666,1514.0,158851.0,2311.0,766.0,420.4274854393092,0.2779012154228016,3.38242061479572,0.0420242831448693,-1.11948248974564,299.72805863562087,105.83501434326172,31471.44615674019,2311.0,0.0,448.402270516545,1.4960303434976945,2.1133617167875363,2.119135681712941,4.828004197764742,2,2,0.0,0.019047619047619,1,5,0.5714285714285714,0.219047619047619,4,INT,DAPI,13.0,1.44,17.1,False,15
260325,260325/13D-405-15,13D-405-15,6,74,0.2078665404526539,1.685348654234087,514.4549536466826,577.0280476962137,484.1366996513376,1.1918700815529455,0.9135802469135802,0.5441042475172096,1369.5675675675675,1409.5,101348.0,1904.0,772.0,292.6176654130957,0.2136569763643001,3.1963892650647354,-0.252847171018193,-0.9471417738280564,200.98271358657527,113.2973861694336,14872.72080540657,1709.5902099609375,0.0,293.1194541669622,1.4584311702045865,2.109584168803079,2.7522414624699567,10.161997460783208,1,1,0.0,0.0,1,3,0.4864864864864865,0.2297297297297297,4,INT,DAPI,13.0,1.44,17.1,False,15
260325,260325/13D-405-15,13D-405-15,7,122,0.3426988910165375,2.48411628666088,660.5586877629735,1005.3372262314206,453.597255241932,2.2163653210273746,0.8591549295774648,0.8924283416222742,1213.229508196721,1209.0,148014.0,1778.0,768.0,276.568966392936,0.2279609624761049,3.310214249986565,0.0293020709048401,-1.276541835288286,189.4911756789098,123.92472076416016,23117.923432827,1111.9146728515625,0.0,236.6778234597005,1.2490176527309529,2.446649922612204,1.6668698294099238,2.600674993562115,1,2,0.0,0.0,2,9,0.4508196721311475,0.2459016393442623,4,INT,DAPI,13.0,1.44,17.1,False,15
260325,260325/4D-405-01,4D-405-01,1,296,0.8314661618106157,3.741697790768802,1028.9099072933652,1153.8082452224355,926.7119474216048,1.2450559728216326,0.9135802469135802,0.5957408169059171,1208.3141891891892,1187.5,357661.0,2053.0,607.0,377.4506804931792,0.3123779260975646,3.3539604527384794,0.1773328425460907,-1.0086008138043507,240.85541496365457,81.4072036743164,71293.20282924175,1951.0,0.0,355.9354956732792,1.4777973570865757,2.155808629185912,2.109486170493992,4.7044902181400525,1,4,0.0,0.0641891891891891,1,20,0.5337837837837838,0.2297297297297297,19,INT,DAPI,4.0,0.54,14.1,False,1
260325,260325/4D-405-02,4D-405-02,1,116,0.3258448471960521,2.153255900125055,644.1106619969895,682.9672878782252,618.6984169746706,1.1038775421760707,0.928,0.4234968297676158,528.198275862069,494.0,61271.0,1055.0,241.0,204.94712869962072,0.3880117335959263,3.2069451048183115,0.6357181348902239,-0.3651458976021922,103.57441746520584,37.62848091125488,12014.63242596388,1055.0,0.0,165.7129232382874,1.5999406735157933,1.922781375992351,2.865398627774275,10.611442673292611,1,4,0.0517241379310344,0.0948275862068965,1,5,0.5689655172413793,0.2155172413793103,19,INT,DAPI,4.0,0.54,14.1,False,2
260325,260325/4D-405-02,4D-405-02,2,107,0.3005637814653239,2.1752092474701805,618.619181950243,778.0723839157471,501.5109766479187,1.5514563392337986,0.9067796610169492,0.7645573698734117,434.803738317757,416.0,46524.0,811.0,241.0,142.79219888132835,0.3284060975045597,3.179285416966746,0.6362849303686862,-0.4872769277809716,70.16729994424497,31.368261337280277,7507.901094034212,617.3795166015625,0.0,107.25508506125549,1.528562238342939,1.9785560657593384,2.701188461998861,8.700447446120204,1,2,0.0,0.0934579439252336,1,4,0.5046728971962616,0.2523364485981308,19,INT,DAPI,4.0,0.54,14.1,False,2
260325,260325/4D-405-03,4D-405-03,1,313,0.8792192859686578,3.7636511381139273,1058.0438381225556,1099.9759688538882,1026.7382767447584,1.0713304390884577,0.9233038348082596,0.3587886515896131,1080.888178913738,1061.0,338318.0,1861.0,486.0,369.8152565733727,0.3421401619407351,3.3679752244392054,0.1444151945100893,-1.0934621692675728,176.03472048767838,67.7246322631836,55098.86751264334,1748.0,0.0,269.11433625716734,1.528757142407052,2.0301038273873417,2.494819612306908,7.838858663525073,1,6,0.060702875399361,0.0862619808306709,5,17,0.5335463258785943,0.2204472843450479,19,INT,DAPI,4.0,0.54,14.1,False,3
260325,260325/4D-405-03,4D-405-03,2,185,0.5196663511316348,3.6629777755981374,813.4247035399318,1285.7918170397083,546.0412858369012,2.354752013062553,0.8525345622119815,0.9053467288204684,774.2810810810811,758.0,143242.0,1260.0,486.0,199.86750208608015,0.2581330048863101,3.265138618501618,0.5246381363125058,-0.6882254986899361,124.85448395432653,58.5948600769043,23098.079531550407,752.16796875,0.0,168.588199295193,1.3502774906896005,2.390615689503605,1.7853791375252177,2.8941846317754862,1,4,0.0,0.0486486486486486,3,12,0.518918918918919,0.2324324324324324,19,INT,DAPI,4.0,0.54,14.1,False,3
260325,260325/4D-405-03,4D-405-03,3,129,0.3623619421404372,2.418256244625503,679.2448411583556,848.8148944136726,548.7639334870571,1.5467760226514458,0.8896551724137931,0.7629088901436974,1098.2248062015503,1017.0,141671.0,1925.0,486.0,396.527648001807,0.3610623669786555,3.2920975874648963,0.3388488739162886,-1.0330847643241168,274.3125961769459,135.66537475585938,35386.32490682602,1728.68017578125,0.0,359.290741233349,1.3097857927077758,2.371608984655781,1.8703005651075613,3.279186698041688,1,4,0.0542635658914728,0.1162790697674418,1,5,0.5038759689922481,0.2403100775193798,19,INT,DAPI,4.0,0.54,14.1,False,3
260325,260325/4D-405-04,4D-405-04,1,139,0.3904520151745796,2.372466250472528,705.080808164432,775.9508819160083,661.0386586461706,1.1738358593205152,0.9025974025974026,0.5236916942962337,1192.3381294964029,1161.0,165735.0,2036.0,585.0,397.8541272615939,0.333675588676873,3.2882989788866515,0.1781694458400831,-1.079736269731605,172.66891037045622,70.72986602783203,24000.978541493416,1460.8504638671875,0.0,266.12453487893174,1.5412417574650188,2.1096617796718413,2.2773430144048423,5.590285919054381,1,4,0.0287769784172661,0.0719424460431654,1,6,0.539568345323741,0.2014388489208633,19,INT,DAPI,4.0,0.54,14.1,False,4
260325,260325/4D-405-04,4D-405-04,2,181,0.5084303219179779,3.1000470655795533,804.5828680803478,1101.5574154379308,623.1680142286096,1.76767322822481,0.8660287081339713,0.8246005489449418,1072.1602209944751,1096.0,194061.0,1966.0,561.0,306.7578700755438,0.2861119672869532,3.1772374972903568,0.0944829385662554,-0.8243817945071905,155.99535064934366,66.95770263671875,28235.158467531204,1966.0,0.0,249.5739350539117,1.5998805991014435,1.8391274608979007,3.3047946042763714,16.783951602048035,2,3,0.0,0.0331491712707182,2,11,0.5359116022099447,0.2154696132596685,19,INT,DAPI,4.0,0.54,14.1,False,4
260325,260325/4D-405-05,4D-405-05,1,138,0.3876430078711654,2.515163008215844,702.5399681595715,935.4038437745336,535.200376838908,1.747763798858618,0.92,0.8201422344837072,983.0507246376812,985.0,135661.0,1640.0,450.0,321.0339892063587,0.3265690987865156,3.371917132162525,0.0575980549686027,-1.0871011766738117,161.11987009644508,66.22562217712402,22234.54207330942,1138.373046875,0.0,227.10243892425456,1.409524714663144,2.245644749891308,1.977730121525741,4.213555969374118,1,2,0.0652173913043478,0.0797101449275362,3,7,0.5289855072463768,0.2536231884057971,19,INT,DAPI,4.0,0.54,14.1,False,5
260325,260325/4D-405-05,4D-405-05,2,91,0.255619664610696,1.9155356782541224,570.4954560680371,635.0235464079973,519.2918050334291,1.2228645633395234,0.91,0.5755706641757123,906.2197802197802,830.0,82466.0,1675.0,450.0,319.81108320026834,0.3529067563750445,3.17517755364754,0.4351613476101607,-0.8684232564506749,191.91941713500808,99.01262664794922,17464.666959285736,1334.4454345703125,0.0,271.0429582542473,1.4122748093986697,2.2944090017451377,2.283401589435342,5.590890246970002,1,2,0.0219780219780219,0.1208791208791208,1,2,0.4945054945054945,0.1978021978021978,19,INT,DAPI,4.0,0.54,14.1,False,5
260325,260325/4D-405-05,4D-405-05,3,73,0.2050575331492397,1.7126287768636024,510.9670832367321,521.2195552327788,516.5098784703192,1.0091182704509112,0.8902439024390244,0.1341272180450416,778.4109589041096,810.0,56824.0,1148.0,450.0,187.97612404656005,0.2414869959066395,3.264855434273081,-0.0912562268679909,-1.1061255489339754,109.8743954488676,70.70039367675781,8020.830867767334,482.46771240234375,0.0,119.73362173076904,1.0897317909384052,2.6005978756409043,1.0668272282505522,0.4531161442042073,1,1,0.0,0.0,1,1,0.4794520547945205,0.2876712328767123,19,INT,DAPI,4.0,0.54,14.1,False,5
260325,260325/4D-405-05,4D-405-05,4,107,0.3005637814653239,2.173325948007456,618.619181950243,761.3003470990518,517.0768997042,1.4723155250883626,0.8991596638655462,0.7339511697671333,779.9158878504672,760.0,83451.0,1185.0,457.0,207.21245689476456,0.2656856465199915,3.262061280572696,0.0917911983537928,-1.0348105273904271,113.82604346542716,59.18011474609375,12179.386650800703,757.9302368164062,0.0,159.71625056485706,1.4031608734021257,2.321740895916259,2.001329628770517,3.902832854435811,2,2,0.0,0.0093457943925233,2,5,0.4953271028037383,0.2149532710280373,19,INT,DAPI,4.0,0.54,14.1,False,5
260325,260325/4D-405-05,4D-405-05,5,118,0.3314628618028806,2.396302897280377,649.6396102905932,903.85854134103,488.9626359988145,1.8485227189081612,0.900763358778626,0.8410402658701993,961.0,897.0,113398.0,1681.0,457.0,330.91238802288524,0.3443417149041469,3.294383364562742,0.369462161523364,-0.9498257066308344,188.743404134224,60.51975631713867,22271.721687838435,1681.0,0.0,300.0729676851639,1.5898461144198095,1.947905640483566,2.273869921834145,5.75722943651572,1,2,0.0169491525423728,0.1016949152542373,2,5,0.6186440677966102,0.2203389830508474,19,INT,DAPI,4.0,0.54,14.1,False,5
260325,260325/4D-405-06,4D-405-06,1,106,0.2977547741619096,2.2282093163702705,615.7216522882974,818.6942456718989,511.3493469459451,1.6010468196773568,0.9298245614035088,0.7809517534560012,995.2924528301888,1028.0,105501.0,1551.0,406.0,329.26599370290944,0.3308233602762855,3.28258886284055,-0.1675093528891574,-1.1828255122306404,206.7622364084676,73.95567321777344,21916.79705929756,1544.3590087890625,0.0,313.7958235944434,1.5176650680761956,2.152612227550562,2.213773957250263,5.408681994758403,1,1,0.0754716981132075,0.0471698113207547,1,6,0.5566037735849056,0.2264150943396226,19,INT,DAPI,4.0,0.54,14.1,False,6
260325,260325/4D-405-06,4D-405-06,2,99,0.27809172303801,2.07830248387984,595.0440142002377,662.5439932914729,557.0263248018013,1.1894303083920077,0.8918918918918919,0.5414411946608554,820.5656565656566,782.0,81236.0,1378.0,403.0,269.96950551966773,0.3290041489788653,3.2527270194960933,0.1620684969706039,-1.1972235178105632,123.97621014036916,44.0611686706543,12273.644803896546,1006.4310302734376,0.0,192.1339243736205,1.5497644601015097,2.090876385546509,2.33659191314521,5.98763184381821,2,2,0.0101010101010101,0.0606060606060606,1,3,0.5454545454545454,0.2222222222222222,19,INT,DAPI,4.0,0.54,14.1,False,6
260325,260325/4D-405-06,4D-405-06,3,52,0.1460683797775405,1.4786751539181184,431.2540288138287,535.4837960237301,372.28661338530645,1.4383643589932658,0.896551724137931,0.7187833459666616,736.6346153846154,699.5,38305.0,1341.0,423.0,253.10844214321045,0.343601070133062,2.934998896900727,0.67056179244307,-0.5845702981036807,142.26426397837125,57.84783363342285,7397.741726875305,892.3336791992188,0.0,207.17186086929257,1.456246671341085,2.1236066004044334,1.907185728421778,3.279646835585627,1,1,0.0,0.1346153846153846,0,1,0.5961538461538461,0.25,19,INT,DAPI,4.0,0.54,14.1,False,6
260325,260325/4D-405-06,4D-405-06,4,40,0.1123602921365696,1.257581504107922,378.2348043296332,449.95830165696026,330.6194903146678,1.3609551609577266,0.8695652173913043,0.6783075960748317,538.275,541.0,21531.0,774.0,406.0,104.2504350356784,0.1936750453498275,2.8263541784994306,0.5357812739295105,-0.4309282048225071,90.27592382133008,52.14250373840332,3611.036952853203,494.0505981445313,0.0,112.78545437773477,1.2493414589802982,2.330824275764635,1.903874266445936,4.07193631264029,1,0,0.0,0.0,1,1,0.475,0.25,19,INT,DAPI,4.0,0.54,14.1,False,6
260325,260325/4D-405-06,4D-405-06,5,32,0.0898882337092557,1.1496980668450183,338.3034935749566,454.4811903674096,269.2659779860445,1.6878522632776298,0.8648648648648649,0.8055933118701837,552.21875,513.5,17671.0,884.0,405.0,130.34340112848804,0.2360358121278715,2.8968210039018403,0.969268255340332,0.1122127239096362,134.23238721489906,88.69778442382812,4295.43639087677,777.6390991210938,0.0,169.41474496981462,1.262100365529449,2.382346590318437,2.3844834580868515,6.610067321305216,1,0,0.0,0.03125,0,1,0.4375,0.21875,19,INT,DAPI,4.0,0.54,14.1,False,6
260325,260325/4D-405-07,4D-405-07,1,154,0.4325871247257933,2.5371163555609693,742.150277062646,803.2936583280724,689.7110271080053,1.1646814778303969,0.9166666666666666,0.51263966884716,1016.4285714285714,969.0,156530.0,1699.0,489.0,333.51481054301115,0.3281241987071086,3.344056649975423,0.1827575909888913,-1.1087902702625416,179.45176175972085,77.72562408447266,27635.57131099701,1071.594970703125,0.0,245.0556308101716,1.3655794092358473,2.43140220935638,1.677754710783218,2.021757732088369,1,4,0.0194805194805194,0.0779220779220779,2,7,0.5324675324675324,0.2272727272727272,19,INT,DAPI,4.0,0.54,14.1,False,7
260325,260325/4D-405-07,4D-405-07,2,138,0.3876430078711654,2.378116148860701,702.5399681595715,835.5233338441641,593.4578235820036,1.40788999764313,0.9261744966442952,0.7039164681187946,1048.0507246376812,1027.5,144631.0,1768.0,490.0,367.98207514389657,0.3511109400464473,3.362583299877447,0.1365089837864097,-1.1960474055285912,202.34510914830196,109.72065353393556,27923.625062465668,1710.0,0.0,282.41797446796267,1.3957242438757147,2.2060560736674666,2.2941104884203964,6.588783532606104,1,3,0.072463768115942,0.0797101449275362,3,6,0.4927536231884058,0.2101449275362318,19,INT,DAPI,4.0,0.54,14.1,False,7
260325,260325/4D-405-07,4D-405-07,3,56,0.1573044089911975,1.5335585222809327,447.5334558318364,480.7650890402968,448.30693590291605,1.0724016305302262,0.8484848484848485,0.361204931001627,686.6785714285714,671.0,38454.0,949.0,496.0,132.9444322938049,0.1936050400076214,3.101619316256124,0.3033167730660944,-1.1430902057884234,114.47351274745805,82.20674896240234,6410.516713857651,424.7381286621094,0.0,109.3127231650288,0.9549171729025688,2.7350497747680844,1.0363592359108298,0.6072763003957893,1,1,0.0,0.0,1,1,0.3392857142857143,0.2678571428571428,19,INT,DAPI,4.0,0.54,14.1,False,7
260325,260325/4D-405-08,4D-405-08,1,146,0.4101150662984794,2.2903027594801983,722.6165790396086,788.3900283156776,663.005644892901,1.1891151069204404,0.9668874172185432,0.5410949911501914,1510.0616438356165,1369.5,220469.0,3317.0,593.0,695.6825001402702,0.4606980800950676,3.1948853088286047,0.6253628347259903,-0.6058976529401816,286.3173021665991,109.4252700805664,41802.32611632347,3317.0,0.0,485.5550520187917,1.6958634645707242,1.8364197553180168,3.218931970734593,13.132347228078643,1,4,0.1095890410958904,0.1643835616438356,1,5,0.5821917808219178,0.2123287671232876,19,INT,DAPI,4.0,0.54,14.1,False,8
260325,260325/4D-405-08,4D-405-08,2,115,0.3230358398926378,2.0873958580896783,641.3283135165975,712.04685791727,581.2956947955191,1.224930554780291,0.934959349593496,0.5775252668419597,969.0869565217392,924.0,111445.0,1711.0,590.0,269.5787345593508,0.278178065183053,3.156780429177368,0.6757583718866292,-0.3513636594552567,114.5076506946398,47.63851547241211,13168.379829883575,1046.7762451171875,0.0,179.93030981912665,1.5713387597039343,1.9946832129895848,2.683475463348441,8.555004831499348,1,3,0.0,0.0521739130434782,1,5,0.5565217391304348,0.208695652173913,19,INT,DAPI,4.0,0.54,14.1,False,8
260325,260325/4D-405-08,4D-405-08,3,153,0.429778117422379,2.608303172880736,739.7367738351292,964.4999150252428,576.2508179413546,1.6737501882789527,0.9272727272727272,0.8018981748117585,1213.202614379085,1178.0,185620.0,2066.0,593.0,412.7365407840493,0.3402041306969052,3.317745013185148,0.238463590999049,-1.1332197690836832,154.53795815916624,69.62773895263672,23644.307598352432,1276.7017822265625,0.0,216.7814190440368,1.4027713425640254,2.18705520504158,2.181575108915613,5.778522268601485,1,3,0.0261437908496732,0.0849673202614379,2,6,0.5294117647058824,0.2352941176470588,19,INT,DAPI,4.0,0.54,14.1,False,8
260325,260325/4D-405-08,4D-405-08,4,97,0.2724737084311815,2.334209454170449,589.0028017549823,937.0145819266112,380.0784686097021,2.465318767869537,0.8899082568807339,0.9140386695526448,920.1134020618556,895.0,89251.0,1418.0,599.0,222.30060711271216,0.2416013141581952,3.2267513451824144,0.3641823796604258,-0.9328108636802734,123.9324874091394,70.02625274658203,12021.451278686523,850.8031616210938,0.0,150.04448882874593,1.2106953710482928,2.390586778477989,1.9372207693173975,5.172967264397805,1,2,0.0,0.0206185567010309,2,5,0.4845360824742268,0.2577319587628865,19,INT,DAPI,4.0,0.54,14.1,False,8
260325,260325/4D-405-09,4D-405-09,1,260,0.730341898887703,3.3321173890623133,964.313323998374,1103.1674027508093,849.2291687747701,1.2990220347028472,0.9420289855072465,0.6382732523662836,1438.3115384615385,1387.5,373961.0,2554.0,647.0,501.10933218282094,0.3484011069804965,3.335992744989684,0.1779905664924626,-1.2170028175388168,271.918671267537,109.9001693725586,70698.85452955961,2554.0,0.0,420.5606383733576,1.5466412674529948,2.0488261255824165,2.4881176554289985,7.395283450300237,1,5,0.0461538461538461,0.0807692307692307,3,13,0.5423076923076923,0.2115384615384615,19,INT,DAPI,4.0,0.54,14.1,False,9
260325,260325/4D-405-09,4D-405-09,2,91,0.255619664610696,1.7784888188989791,570.4954560680371,590.4583996059265,554.9930965748491,1.063902241757514,0.9381443298969072,0.3413507680392229,1035.9450549450548,1023.0,94271.0,1706.0,664.0,268.2749154893731,0.2589663556081186,3.161517534710716,0.4868153263901092,-0.5129342700232042,207.93009995890188,126.48963928222656,18921.63909626007,1332.653076171875,0.0,261.92906268746503,1.2596976711848658,2.330774522125072,2.15277035323846,5.776842488490459,1,2,0.0,0.0329670329670329,1,2,0.4725274725274725,0.2197802197802197,19,INT,DAPI,4.0,0.54,14.1,False,9
260325,260325/4D-405-09,4D-405-09,3,53,0.1488773870809548,1.4294416839434778,435.3809556564406,532.3784371090136,364.7660655152501,1.4595064822079946,0.8688524590163934,0.7283896711819658,1000.0188679245284,944.0,53001.0,1572.0,644.0,267.90206954766984,0.2678970148870116,3.1674956760662587,0.4846832303246863,-0.8634150695497036,289.0918162723757,173.07797241210938,15321.866262435911,1424.9937744140625,0.0,332.7468851914531,1.1510076261651994,2.498396001581077,1.9090494370879485,3.476572920761813,1,1,0.0,0.0566037735849056,1,1,0.3962264150943396,0.2075471698113207,19,INT,DAPI,4.0,0.54,14.1,False,9
260325,260325/4D-405-10,4D-405-10,1,150,0.4213510955121363,2.5280229813511306,732.4485490623451,807.6028697807211,674.9593947315162,1.196520673813226,0.9146341463414634,0.5491001508386281,1136.9266666666667,1116.0,170539.0,1954.0,572.0,381.24594567837295,0.3353302872173282,3.29854311812596,0.2360884213435103,-1.1476927662514218,248.27516019384063,119.1116714477539,37241.2740290761,1624.942626953125,0.0,340.3241459238835,1.3707539073106454,2.358491922428401,1.8980726682701623,3.301374480598769,1,4,0.0,0.0866666666666666,1,8,0.5066666666666667,0.2133333333333333,19,INT,DAPI,4.0,0.54,14.1,False,10
260325,260325/4D-405-11,4D-405-11,1,361,1.0140516365325414,4.460185231665989,1136.2792984282694,1208.6673366900675,1089.9689684934012,1.1089006858247863,0.9232736572890026,0.4321661223247768,798.0221606648199,744.0,288086.0,1652.0,377.0,294.5205606042673,0.3690631352378821,3.2092236968164034,0.4926759263305179,-0.7257578005793346,137.49560674603956,46.37662506103516,49635.91403532028,1652.0,0.0,223.0694440826044,1.6223750660966465,1.8507779381003615,2.6421469607778074,8.906945466358419,1,5,0.0415512465373961,0.1274238227146814,3,24,0.5457063711911357,0.2188365650969529,19,INT,DAPI,4.0,0.54,14.1,False,11
260325,260325/4D-405-11,4D-405-11,2,100,0.2809007303414242,1.9503489987345357,598.0417360148784,716.7738008979437,506.1575409310548,1.4161081144409495,0.9090909090909092,0.7080515259635016,617.35,605.0,61735.0,978.0,379.0,159.42208603312,0.2582361481058071,3.261132961317272,0.36152936782666,-0.8566479878622566,130.37245280265807,81.96409225463867,13037.245280265808,778.5299072265625,0.0,168.4986223346218,1.2924403791779115,2.404725490556411,1.9809904481812532,3.9535729737115126,1,2,0.0,0.04,1,4,0.44,0.2,19,INT,DAPI,4.0,0.54,14.1,False,11
260325,260325/4D-405-12,4D-405-12,1,83,0.2331476061833821,1.8095355404539435,544.84195135197,635.769646022321,470.8645543386655,1.3502176797216483,0.9222222222222224,0.6719226597070543,638.6024096385543,589.0,53004.0,1234.0,278.0,267.59155897215294,0.4190268544768072,3.255520629811193,0.4378434197169502,-0.9398750110414632,169.04488197435816,77.48739624023438,14030.725203871729,1234.0,0.0,240.60111083696637,1.4232972215832145,2.1880601042774352,2.384276035866912,6.492527525138263,1,1,0.1204819277108433,0.144578313253012,1,1,0.5180722891566265,0.216867469879518,19,INT,DAPI,4.0,0.54,14.1,False,12
260325,260325/4D-405-12,4D-405-12,2,84,0.2359566134867963,1.906442304044284,548.1143048061958,653.6870137667031,470.0122695098668,1.3907871265751723,0.8842105263157894,0.6949921777132909,496.1785714285714,472.0,41679.0,833.0,278.0,149.09600373740642,0.3004885989093341,3.2114997913965784,0.3023867642284986,-1.010150138029151,88.03595018812588,53.85944938659668,7395.019815802574,582.4736328125,0.0,117.20087813602062,1.3312842978984334,2.2845314047535545,2.21033182725833,5.286596424193416,1,1,0.0,0.0595238095238095,2,2,0.4404761904761904,0.1904761904761904,19,INT,DAPI,4.0,0.54,14.1,False,12
260325,260325/4D-405-13,4D-405-13,1,98,0.2752827157345957,1.9813957202894992,592.031113756174,698.5758361758582,508.57832715756734,1.3735855400684935,0.9074074074074074,0.6855541474648389,780.5918367346939,735.0,76498.0,1384.0,471.0,244.28818694973685,0.3129525258317108,3.1622663983732218,0.598203175119227,-0.7273701365070586,122.28288899879068,63.10497283935547,11983.723121881483,771.0697631835938,0.0,155.34634022861664,1.270384936932206,2.440731488898831,1.7832557551508648,3.312523411553729,1,2,0.0,0.0918367346938775,1,2,0.4897959183673469,0.2551020408163265,19,INT,DAPI,4.0,0.54,14.1,False,13
260325,260325/4D-405-13,4D-405-13,2,145,0.4073060589950651,2.708976535396525,720.1376126288294,1150.5813786971169,464.1853420096251,2.478711140933138,0.9119496855345912,0.9150080981265806,1027.0275862068966,1003.0,148919.0,1901.0,466.0,385.6114722969868,0.3754635975467407,3.286395841020068,0.4313924651160027,-0.8059259916519257,227.49190631575627,88.92366027832031,32986.32641578466,1901.0,0.0,318.6332062225447,1.4006353517486696,2.120430682268344,2.385940671551653,7.598636103774279,2,3,0.0482758620689655,0.1103448275862069,2,7,0.5379310344827586,0.2413793103448276,19,INT,DAPI,4.0,0.54,14.1,False,13
260325,260325/4D-405-14,4D-405-14,1,199,0.5589924533794342,3.0690003440245897,843.6416874782933,959.3196200774192,754.7694615397211,1.2710101149567157,0.9045454545454544,0.6172388844995708,504.8844221105528,490.0,100472.0,852.0,303.0,133.22826052519187,0.2638787308355879,3.2562808487164165,0.4181870949988806,-0.6220759578668362,63.80968586059671,24.02890968322754,12698.127486258743,475.3414306640625,0.0,95.93447703360704,1.5034469413184777,2.169435147648118,2.125760647130007,4.783344297802425,2,5,0.0,0.0351758793969849,3,12,0.5527638190954773,0.2462311557788944,19,INT,DAPI,4.0,0.54,14.1,False,14
260325,260325/4D-405-14,4D-405-14,2,181,0.5084303219179779,2.9190935115341587,804.5828680803478,952.354631313142,687.866827075279,1.384504374723856,0.9095477386934674,0.6916006170890368,762.121546961326,713.0,137944.0,1406.0,303.0,311.5714054591914,0.408821147625947,3.329371020725565,0.3645385713521369,-1.0375766756802105,126.60167180240484,51.78400802612305,22914.902596235275,765.1087646484375,0.0,183.53676160459565,1.4497183093368071,2.3187813750784034,1.638934459437569,1.661276209009614,1,4,0.0994475138121546,0.1767955801104972,3,8,0.5359116022099447,0.2154696132596685,19,INT,DAPI,4.0,0.54,14.1,False,14
260325,260325/4D-405-14,4D-405-14,3,91,0.255619664610696,1.8223955135892305,570.4954560680371,590.5818718601433,554.1080177509243,1.0658244474737313,0.9381443298969072,0.3459829041697451,638.8461538461538,603.0,58135.0,1216.0,303.0,251.51156028553623,0.3936966024939159,3.18697533776057,0.5305203084819341,-0.7939489767308139,116.4679710655422,63.888797760009766,10598.58536696434,758.3269653320312,0.0,169.98050100136,1.4594613389951103,2.227259717660555,2.271555512341111,4.862378994774937,1,3,0.0549450549450549,0.1758241758241758,1,1,0.4615384615384615,0.1868131868131868,19,INT,DAPI,4.0,0.54,14.1,False,14
260325,260325/4D-405-14,4D-405-14,4,95,0.266855693824353,2.2373026905801088,582.8989810549554,618.6200404542637,569.3981201533547,1.086445526528349,0.8962264150943396,0.3909010447484449,439.5157894736842,442.0,41754.0,629.0,305.0,84.17545798368856,0.1915186211728316,3.1649640760060067,0.3018086895723976,-0.7511643637540613,53.38661241719597,32.48491668701172,5071.728179633617,267.8117980957031,0.0,63.29587060018823,1.1856131665660896,2.532595147881125,1.371591208962846,1.4017457274549363,1,2,0.0,0.0,2,3,0.4631578947368421,0.2631578947368421,19,INT,DAPI,4.0,0.54,14.1,False,14
260325,260325/4D-405-14,4D-405-14,5,147,0.4129240736018936,2.756326705908441,725.0870702771246,1048.428065310074,541.8048395120617,1.9350658924609585,0.8647058823529412,0.8561192801949573,681.7278911564625,673.0,100214.0,1419.0,306.0,266.5882762074802,0.3910479234687727,3.161878578744452,0.4590916010857694,-0.7184936386158611,133.80747832084188,62.773284912109375,19669.69931316376,1419.0,0.0,207.45632308406,1.5504090330932314,1.9675360138854645,3.215233738692308,13.907882431593546,1,3,0.0612244897959183,0.1292517006802721,2,9,0.5102040816326531,0.2244897959183673,19,INT,DAPI,4.0,0.54,14.1,False,14
260325,260325/4D-405-14,4D-405-14,6,58,0.162922423598026,1.4915351270534056,455.4550169326275,500.0064769133838,427.20857436367857,1.1704036550720844,0.8787878787878788,0.519605859207552,458.7758620689655,451.0,26609.0,743.0,313.0,103.79467638436483,0.2262426709118404,3.0817871270473773,0.4907568792874268,-0.3190313630330337,66.26040409556751,39.488990783691406,3843.1034375429153,406.1478576660156,0.0,85.91277310922378,1.2965929544485062,2.3087242964720827,1.8589660482403323,3.5997574774565537,1,1,0.0,0.0172413793103448,1,1,0.4655172413793103,0.2068965517241379,19,INT,DAPI,4.0,0.54,14.1,False,14
260325,260325/4D-405-14,4D-405-14,7,68,0.1910124966321684,1.6323485853339976,493.1578492234195,617.9280802168788,398.4077032246824,1.550994308632626,0.9066666666666666,0.7643954567646806,647.25,571.0,44013.0,1174.0,320.0,233.1736509396748,0.3602528403857471,3.1471645792245133,0.5864162055423972,-0.782407583357176,151.6522186643937,82.66800689697266,10312.350869178772,850.7797241210938,0.0,188.95153330776017,1.24595297696178,2.418692271249109,1.7312904669591247,2.779983204632831,1,1,0.0147058823529411,0.1470588235294117,1,1,0.4411764705882353,0.2352941176470588,19,INT,DAPI,4.0,0.54,14.1,False,14
260325,260325/4D-405-15,4D-405-15,1,141,0.3960700297814081,2.6340231191513097,710.1352155766692,906.8942788291424,570.0065363625944,1.5910243496791163,0.8867924528301887,0.7777886615015341,1497.6666666666667,1330.0,211171.0,2890.0,683.0,613.8176051409347,0.4098492800852001,3.242189176092898,0.5981133370920393,-0.7018274666538562,316.8591646691586,138.95089721679688,44677.14221835136,1915.0,0.0,453.1820408231623,1.4302317602091206,2.3541639388564484,1.958759927080912,3.3466352472262137,1,4,0.0709219858156028,0.1560283687943262,3,6,0.5319148936170213,0.2198581560283688,19,INT,DAPI,4.0,0.54,14.1,False,15
260325,260325/4D-405-15,4D-405-15,2,102,0.2865187449482527,2.1313025527799296,603.9925466228896,805.3337212272546,459.9632784101341,1.750865251702039,0.8947368421052632,0.8208483667552334,1175.3823529411766,1092.5,119889.0,2040.0,685.0,369.067920018102,0.3139981803321939,3.1814015416809363,0.5161449032726947,-0.9432086405670494,195.0825246221879,100.33579635620116,19898.417511463165,1329.440185546875,0.0,257.8205639577404,1.3215974339939258,2.332786218555838,1.9478775401399149,4.1135685781241484,1,2,0.0,0.0980392156862745,2,5,0.5,0.2156862745098039,19,INT,DAPI,4.0,0.54,14.1,False,15
260325,260325/13S-488-01,13S-488-01,1,170,0.4775312415804211,2.692349963335789,779.7510247679527,822.7502522317108,757.773372996379,1.0857471132541925,0.8900523560209425,0.3895039769299243,1289.3588235294117,1152.5,219191.0,2586.0,572.0,540.9423571855178,0.4195436889358506,3.213064789074064,0.646122443845403,-0.6482926384760406,264.4244412509834,87.54105758666992,44952.15501266718,1717.6649169921875,0.0,387.20974992431707,1.464349316925623,2.339554564098718,1.95814515529226,3.414870130621482,1,4,0.0941176470588235,0.1529411764705882,1,8,0.5529411764705883,0.2294117647058823,4,INT,SYBR,13.0,1.44,17.1,False,1
260325,260325/13S-488-01,13S-488-01,2,79,0.2219115769697251,1.992372393962062,531.5511219369166,834.6341742174893,350.5418402061827,2.3809830339413174,0.8777777777777778,0.9075266067447152,835.367088607595,825.0,65994.0,1165.0,579.0,152.15563702115202,0.1821422451233598,3.2252844717231577,0.2696165870924094,-0.7469112815520651,106.06207373776012,79.09706115722656,8378.90382528305,450.3328552246094,0.0,104.66455385831104,0.986823566330558,2.7647344532078666,1.3031049903512684,1.607822278752895,1,2,0.0,0.0,1,4,0.379746835443038,0.2531645569620253,4,INT,SYBR,13.0,1.44,17.1,False,1
260325,260325/13S-488-02,13S-488-02,1,213,0.5983185556272336,3.0671170445618654,872.8131789641005,1162.2141740732502,670.0658978792721,1.7344774264017984,0.9260869565217392,0.8170671413811665,1484.9154929577464,1321.0,316287.0,2950.0,665.0,613.9910671668789,0.4134855283541379,3.304853409001835,0.6335125364212522,-0.654106033204712,283.73769735842245,107.986572265625,60436.12953734398,2309.64892578125,0.0,429.1515262991264,1.5124938642080212,2.136368216037511,2.3419132432416814,6.026844688965692,1,4,0.0610328638497652,0.1596244131455399,2,10,0.5915492957746479,0.2253521126760563,4,INT,SYBR,13.0,1.44,17.1,False,2
260325,260325/13S-488-02,13S-488-02,2,217,0.6095545848408905,3.376024083752564,880.9704887758992,1411.7336290573153,560.7067893975365,2.51777516475979,0.9079497907949792,0.9177424386193016,1439.1290322580646,1391.0,312291.0,2801.0,665.0,518.9345405228585,0.3605893070676397,3.263539248674718,0.4503848010415273,-0.7090377158739272,278.8407721069002,120.24864959716795,60508.44754719734,2801.0,0.0,423.9653778051475,1.5204569066485385,1.9888046403836048,2.7023783941682478,9.543181070551851,1,4,0.032258064516129,0.1290322580645161,2,10,0.5345622119815668,0.2027649769585253,4,INT,SYBR,13.0,1.44,17.1,False,2
260325,260325/13S-488-02,13S-488-02,3,128,0.359552934837023,2.334209454170449,676.6069871499132,862.4230026732671,540.0846186836942,1.596829409389927,0.9142857142857144,0.7796295569880395,1003.1484375,938.5,128403.0,1715.0,666.0,239.73351642016425,0.2389810993651318,3.0886011015330905,0.5224308756177678,-0.6072081276750181,134.38072689250112,79.6257553100586,17200.733042240143,1562.22705078125,0.0,189.3254102516836,1.4088732411987612,1.876924537473997,3.9267262369399303,24.965449103061307,1,3,0.0,0.015625,1,5,0.453125,0.2421875,4,INT,SYBR,13.0,1.44,17.1,False,2
260325,260325/13S-488-03,13S-488-03,1,182,0.511239329221392,2.8460233947516684,806.8024112436423,1008.804714527917,650.5949233041359,1.5505880516321329,0.9054726368159204,0.764252940872563,539.065934065934,523.0,98110.0,988.0,261.0,179.62461177005392,0.3332145483859934,3.297294134965269,0.3198495670611315,-0.9502483910512264,90.8049723762241,35.58713722229004,16526.504972472787,952.3301391601562,0.0,137.88143805071084,1.5184348878984186,1.9974006736359688,2.7339212756209483,10.267987909953048,1,5,0.0164835164835164,0.0714285714285714,2,9,0.5274725274725275,0.2307692307692307,4,INT,SYBR,13.0,1.44,17.1,False,3
260325,260325/13S-488-03,13S-488-03,2,94,0.2640466865209387,1.906442304044284,579.822975514724,605.8310848864896,563.0304632947006,1.076018305193171,0.9215686274509804,0.3691943287433773,479.531914893617,462.0,45076.0,911.0,261.0,153.56884919672214,0.320247400490103,3.1957700275703766,0.5251182784153466,-0.5433310546408094,94.7967748540513,45.83464622497559,8910.896836280823,911.0,0.0,141.20131476449828,1.4895160197368655,2.0028357534803787,3.146059927210405,13.096100063284837,1,2,0.0,0.0851063829787234,1,2,0.5425531914893617,0.2234042553191489,4,INT,SYBR,13.0,1.44,17.1,False,3
260325,260325/13S-488-04,13S-488-04,1,167,0.4691042196701784,2.674163214916112,772.8402442201116,925.352229821914,654.210546118114,1.4144563020462937,0.9175824175824177,0.7072281093729106,1708.047904191617,1596.0,285244.0,3282.0,763.0,703.4286582230188,0.411831926081685,3.302897419020869,0.5336240109903002,-0.828029613691398,356.59483954149806,145.1339569091797,59551.338203430176,3070.839111328125,0.0,536.1321103405389,1.5034769180336036,2.1364630134590925,2.5698352694924465,7.683859140441466,1,4,0.0958083832335329,0.1736526946107784,2,7,0.5508982035928144,0.2155688622754491,4,INT,SYBR,13.0,1.44,17.1,False,4
260325,260325/13S-488-04,13S-488-04,2,94,0.2640466865209387,1.9283956513894096,579.822975514724,650.3851995788865,521.3217231798432,1.2475697264480183,0.8867924528301887,0.59791648534585,1522.7978723404256,1470.5,143143.0,2723.0,797.0,508.86575494384,0.3341650025828783,3.208257689849196,0.3232648409622343,-1.005195332234759,384.5440792618914,251.88655853271484,36147.14345061779,2669.77783203125,0.0,441.24986787707167,1.1474623890296882,2.3521443553431185,2.280176962912082,7.811948712884718,1,3,0.0,0.0957446808510638,1,1,0.3829787234042553,0.2234042553191489,4,INT,SYBR,13.0,1.44,17.1,False,4
260325,260325/13S-488-04,13S-488-04,3,75,0.2106755477560681,1.7784888188989791,517.9193359122318,655.1146676124521,416.0719750922105,1.5745224548403305,0.8928571428571429,0.7724190695230734,1018.6533333333332,1014.0,76399.0,1441.0,751.0,178.40316423485598,0.17513628866365,3.0842481318666097,0.3902994196563316,-0.8476132603609683,135.27698504924774,102.42623138427734,10145.77387869358,833.2100219726562,0.0,162.67206072801346,1.2025109863942671,2.3734297859285167,2.2628486274081783,6.856710535781907,1,1,0.0,0.0,1,2,0.4133333333333333,0.2133333333333333,4,INT,SYBR,13.0,1.44,17.1,False,4
260325,260325/13S-488-05,13S-488-05,1,146,0.4101150662984794,2.2903027594801983,722.6165790396086,792.8811982850608,660.1704961084596,1.201024891234761,0.954248366013072,0.5538413620453866,1187.8561643835617,1056.5,173427.0,2314.0,561.0,478.6610346217735,0.4029621169413005,3.187931974165367,0.4711502939124216,-1.0173756662636602,267.8928255148436,115.88677215576172,39112.35252516717,2314.0,0.0,387.4669133520081,1.4463504672339167,2.1324787764421496,2.3202108376591624,6.560412535272224,1,4,0.0684931506849315,0.1575342465753424,1,5,0.5205479452054794,0.2123287671232876,4,INT,SYBR,13.0,1.44,17.1,False,5
260325,260325/13S-488-05,13S-488-05,2,223,0.626408628661376,3.238977224397421,893.066759640615,1279.5780731357993,633.1431217956239,2.020993404314108,0.925311203319502,0.8690033699934986,1056.7757847533633,1035.0,235661.0,1725.0,556.0,317.5517464339202,0.3004911268931397,3.3474290964209006,0.2274031430129634,-1.0553722601840905,173.95154936057034,79.71251678466797,38791.19550740719,1526.6204833984375,0.0,261.6789754400687,1.5043210388293533,2.104340734244476,2.699710541880702,8.904629680075569,2,5,0.0,0.0672645739910313,2,13,0.5112107623318386,0.2331838565022421,4,INT,SYBR,13.0,1.44,17.1,False,5
260325,260325/13S-488-06,13S-488-06,1,217,0.6095545848408905,3.591790958278371,880.9704887758992,1289.8864231132766,635.1595727774154,2.030806868694244,0.875,0.8703604732800242,632.4331797235023,548.0,137238.0,1349.0,318.0,260.6310831167338,0.4121084906245444,3.1738771415411438,0.972729296285178,-0.0009529854008127,121.97243249636092,37.91865539550781,26468.01785171032,1136.1285400390625,0.0,200.1055815175532,1.6405803952751652,2.00041241468557,2.73190823915584,8.416471374735965,2,4,0.0,0.152073732718894,2,13,0.5714285714285714,0.2073732718894009,4,INT,SYBR,13.0,1.44,17.1,False,6
260325,260325/13S-488-06,13S-488-06,2,126,0.3539349202301945,2.524256382425682,671.3001837477544,840.0781530980523,570.0674683553813,1.4736468922207395,0.875,0.7345185463279216,610.7619047619048,588.5,76956.0,1180.0,317.0,213.3795652285918,0.3493661991112137,3.187956436527024,0.5656862358388639,-0.5588887492020254,132.83846248047692,61.984256744384766,16737.646272540092,1180.0,0.0,198.97716268223667,1.497888179121917,2.080621408364187,2.793026571961801,9.613200801272797,1,2,0.0,0.1111111111111111,1,6,0.5079365079365079,0.1984126984126984,4,INT,SYBR,13.0,1.44,17.1,False,6
260325,260325/13S-488-07,13S-488-07,1,201,0.5646104679862627,2.78925672692613,847.8704943631051,1065.5480782085144,677.2312850024912,1.573388740014565,0.95260663507109,0.7720425570372155,1624.3532338308455,1542.0,326495.0,3058.0,628.0,705.888956991105,0.4345661659603121,3.35283398745521,0.3171125881952408,-1.187740227305722,292.9885943887839,98.6819839477539,58890.70747214556,2392.7080078125,0.0,427.1108011583268,1.4577727916315,2.1481046229480443,2.093567537615712,4.904032107654438,2,3,0.1442786069651741,0.1890547263681592,3,8,0.572139303482587,0.2388059701492537,4,INT,SYBR,13.0,1.44,17.1,False,7
260325,260325/13S-488-07,13S-488-07,2,129,0.3623619421404372,2.524256382425682,679.2448411583556,929.3305427302996,504.7583791800711,1.8411394066204567,0.8896551724137931,0.8396409055038753,948.9612403100776,927.0,122416.0,1425.0,634.0,216.3001532557238,0.2279336015715949,3.2984869977960654,0.3760058923345983,-0.8993836052498994,93.10978872646658,55.8471908569336,12011.162745714188,571.8724365234375,0.0,112.83620101531476,1.211861852106651,2.439798938149613,1.9459590693715367,4.778496073994456,1,2,0.0,0.0077519379844961,2,6,0.4573643410852713,0.2945736434108527,4,INT,SYBR,13.0,1.44,17.1,False,7
260325,260325/13S-488-07,13S-488-07,3,110,0.3089908033755666,2.109349205434804,627.2314643074426,835.8262541608221,473.7145619846224,1.7644090370773835,0.9322033898305084,0.8238815642634092,1262.8090909090909,1153.5,138909.0,2310.0,643.0,461.0338500867062,0.3650859448238608,3.2283617816673456,0.4931184979523405,-0.950412183476895,248.7350655815818,142.2806854248047,27360.857213974,1759.1697998046875,0.0,310.9941273309135,1.2503027130644415,2.339097869912521,2.0115577449453674,5.430533317687859,1,2,0.0,0.1181818181818181,1,2,0.4727272727272727,0.2545454545454545,4,INT,SYBR,13.0,1.44,17.1,False,7
260325,260325/13S-488-07,13S-488-07,4,78,0.2191025696663109,1.716395375789051,528.1761600566973,621.9563105215772,451.90484441338,1.37629927674031,0.9176470588235294,0.6870753662858913,1292.2564102564102,1213.5,100796.0,2418.0,631.0,476.0391895876956,0.3683782767951135,3.1942654593214117,0.5413315525174349,-0.7926560245582719,317.64448856696106,137.83588409423828,24776.27010822296,2418.0,0.0,462.3253460440086,1.4554804590810588,2.12798636196241,2.536500009165379,6.955936772283682,1,2,0.0128205128205128,0.1538461538461538,1,1,0.5256410256410257,0.1666666666666666,4,INT,SYBR,13.0,1.44,17.1,False,7
260325,260325/13S-488-07,13S-488-07,5,102,0.2865187449482527,2.047255762324876,603.9925466228896,698.5402436430732,532.1916664601349,1.3125726832391107,0.918918918918919,0.647738698734059,841.2058823529412,813.5,85803.0,1140.0,635.0,127.1611854842829,0.1511653545843019,3.2797559375981145,0.3521424755523061,-0.7568407424542691,71.85393338928036,51.74665451049805,7329.101205706596,387.6853332519531,0.0,85.47104088803891,1.1895109544662734,2.504667741361461,1.905373239866991,3.8597569393184177,1,2,0.0,0.0,2,6,0.3823529411764705,0.196078431372549,4,INT,SYBR,13.0,1.44,17.1,False,7
260325,260325/13S-488-08,13S-488-08,1,157,0.441014146636036,2.5371163555609693,749.3441474280244,861.7703877865088,659.1921512304405,1.30731287709955,0.9345238095238096,0.6441159969125528,1988.942675159236,1754.0,312264.0,3965.0,923.0,811.6578336962502,0.4080850815025468,3.2717306745339574,0.6302003882723793,-0.6829973458573053,396.4767518316864,186.3922882080078,62246.85003757477,3965.0,0.0,594.6242269138605,1.4997707284645336,1.9974893500574784,2.987988264083236,11.855539530456737,1,4,0.0382165605095541,0.1592356687898089,1,6,0.5159235668789809,0.2165605095541401,4,INT,SYBR,13.0,1.44,17.1,False,8
260325,260325/13S-488-08,13S-488-08,2,49,0.1376413578672978,1.257581504107922,418.629215210415,476.2343050237285,371.3761466741685,1.2823502782518732,0.9423076923076924,0.6260061335545034,1363.0204081632653,1297.0,66788.0,1980.0,926.0,305.89203499736624,0.2244221973239346,2.9683189136218813,0.4384111506528848,-1.1026334737131085,287.30220670116194,224.29791259765625,14077.808128356934,1327.41796875,0.0,282.4466587320712,0.983099510355863,2.677054359462051,1.7350358646405823,3.4651419152959484,1,0,0.0,0.0,1,1,0.3469387755102041,0.2244897959183673,4,INT,SYBR,13.0,1.44,17.1,False,8
260325,260325/13S-488-09,13S-488-09,1,128,0.359552934837023,2.153255900125055,676.6069871499132,755.2989155164181,607.1753639559962,1.2439551410573315,0.9343065693430656,0.5947813652296207,1417.203125,1387.0,181402.0,2337.0,696.0,471.803531767814,0.3329117212945843,3.33068512969634,0.1205928394618486,-1.229110041137166,324.9222118034959,169.16852569580078,41590.04311084747,2172.031005859375,0.0,395.7429912267813,1.2179622594287765,2.4390764926527244,2.0831842585566296,5.073656911249525,1,4,0.03125,0.0859375,1,2,0.4921875,0.21875,4,INT,SYBR,13.0,1.44,17.1,False,9
260325,260325/13S-488-09,13S-488-09,2,82,0.2303385988799678,1.703535402653764,541.5498248295032,590.1230237494863,497.6330743301118,1.1858597311761878,0.9213483146067416,0.537490107239433,1352.0121951219512,1281.5,110865.0,2329.0,703.0,461.76808603620685,0.3415413616106883,3.2201037128858183,0.2853532269473022,-1.1331792468304105,436.4547949767695,228.50344848632807,35789.29318809509,2208.64794921875,0.0,506.4268889864911,1.1603192239266062,2.678680141371274,1.6556393514727294,2.461231139173325,1,1,0.0,0.1097560975609756,1,1,0.4634146341463415,0.2560975609756097,4,INT,SYBR,13.0,1.44,17.1,False,9
260325,260325/13S-488-09,13S-488-09,3,124,0.348316905623366,2.2993961336900366,665.9510930537281,925.441214613015,486.6002169300217,1.9018512166962376,0.9185185185185184,0.8506060744461988,1358.008064516129,1278.5,168393.0,2309.0,700.0,462.5361422216258,0.3405989657259007,3.31512043265085,0.3789696577662233,-1.0595765234681291,382.9198432660872,181.5701675415039,47482.06056499481,2275.0,0.0,482.3629157564935,1.259696837965392,2.491742890474533,1.6485268126744614,2.341962726158613,1,2,0.0,0.0967741935483871,1,5,0.5080645161290323,0.2258064516129032,4,INT,SYBR,13.0,1.44,17.1,False,9
260325,260325/13S-488-10,13S-488-10,1,204,0.5730374898965054,2.833163421616381,854.1744510063543,930.430728732312,788.1506827883475,1.1805239138290171,0.9444444444444444,0.5314629676860375,1121.2303921568628,1088.0,228731.0,2033.0,577.0,373.1414249485754,0.3327963882880299,3.2539673384417003,0.3345078068671342,-0.9780823301977692,175.12711981464835,75.97249603271484,35725.93244218826,1623.076904296875,0.0,259.04775254085564,1.4791983835229374,2.056117826105628,2.629501486886298,8.692870603801143,1,4,0.0,0.0931372549019607,1,9,0.5196078431372549,0.2156862745098039,4,INT,SYBR,13.0,1.44,17.1,False,10
260325,260325/13S-488-10,13S-488-10,2,126,0.3539349202301945,2.171442648544732,671.3001837477544,739.7316065936977,615.7087057906193,1.2014311307224788,0.9264705882352942,0.5542643759083511,1157.3174603174602,1079.5,145822.0,2086.0,580.0,413.7314617148404,0.3574917651387986,3.271162297131084,0.4044106474502081,-0.9774534360937556,243.77291693573903,114.14744186401369,30715.38753390312,2086.0,0.0,340.0676713178762,1.395018263688092,2.172672263819645,2.795034381206221,9.66770775394645,1,3,0.0,0.119047619047619,1,3,0.5158730158730159,0.2063492063492063,4,INT,SYBR,13.0,1.44,17.1,False,10
260325,260325/13S-488-10,13S-488-10,3,191,0.5365203949521202,2.9648835056871348,826.5101229930382,1134.839117334021,610.8797013000727,1.857712925996492,0.9271844660194176,0.8427556527452279,1161.9371727748692,1103.0,221930.0,2042.0,579.0,398.7462142771838,0.3431736445137751,3.347532248520418,0.387386280204581,-0.9960867476647888,214.55526095659943,80.15770721435547,40980.054842710495,1441.6898193359375,0.0,296.2416333756083,1.3807241642773442,2.3101577888777745,1.816705944190364,2.9160205888881032,1,4,0.0104712041884816,0.1047120418848167,3,9,0.518324607329843,0.225130890052356,4,INT,SYBR,13.0,1.44,17.1,False,10
260325,260325/13S-488-11,13S-488-11,1,148,0.4157330809053078,2.590116424461059,727.5491726771605,752.9291777883042,714.2965830856621,1.0540848096119326,0.8809523809523809,0.3162068568958524,909.9121621621622,869.5,134667.0,1711.0,467.0,335.6798752183184,0.368914593273119,3.23146395576201,0.3832006711747818,-1.0186544698292777,142.28514017285528,70.60185623168945,21058.20074558258,1194.8948974609375,0.0,205.84640977518117,1.4467175526910847,2.1871402847846158,2.600546675148864,8.421573234098611,1,4,0.0,0.1148648648648648,1,7,0.5067567567567568,0.2162162162162162,4,INT,SYBR,13.0,1.44,17.1,False,11
260325,260325/13S-488-11,13S-488-11,2,86,0.2415746280936248,1.747442097344015,554.6010904185937,618.859373802329,498.4950983405273,1.2414552838382769,0.9347826086956522,0.5925872665937371,1058.2906976744189,1016.0,91013.0,1954.0,464.0,432.6981250731976,0.4088650935173545,3.195783567130557,0.5455746597607428,-0.8333895951346255,306.50413158328035,142.93131256103516,26359.35531616211,1859.0,0.0,417.1076852755936,1.3608550172585885,2.371645606677762,1.967124648505122,3.389694906045195,1,3,0.0581395348837209,0.1627906976744186,1,2,0.5116279069767442,0.1976744186046511,4,INT,SYBR,13.0,1.44,17.1,False,11
260325,260325/13S-488-11,13S-488-11,3,64,0.1797764674185115,1.5225818486083695,478.4333888119028,565.7996298147567,406.2364291927596,1.3927840763544233,0.927536231884058,0.6960571493405048,767.578125,728.0,49125.0,1215.0,475.0,212.44351665291447,0.2767711972679191,3.138236521211617,0.3376519374584317,-1.0684377528384588,147.86939132935368,92.6717300415039,9463.641045078635,770.4766235351562,0.0,164.848786859759,1.1148269792535133,2.5446357238130908,1.9296588118071127,3.703385989990865,1,0,0.0,0.046875,1,1,0.359375,0.203125,4,INT,SYBR,13.0,1.44,17.1,False,11
260325,260325/13S-488-12,13S-488-12,1,105,0.2949457668584954,2.0033490676346246,612.8104224933467,763.5527561313311,492.9719353425523,1.5488767237850158,0.963302752293578,0.7636510783843843,1368.5428571428572,1252.0,143697.0,2622.0,641.0,542.0547451164842,0.396081673502097,3.1779948991919804,0.5232852981416876,-0.8749458258722536,381.4412501380557,208.1096649169922,40051.33126449585,2622.0,0.0,499.8964405304236,1.3105463563510638,2.3387499893224524,2.181875992630692,5.134274727314871,1,2,0.0380952380952381,0.1619047619047619,1,2,0.4857142857142857,0.2095238095238095,4,INT,SYBR,13.0,1.44,17.1,False,12
260325,260325/13S-488-12,13S-488-12,2,59,0.1657314309014403,1.4476284323631543,459.3645737638645,533.589712563003,398.6066920826533,1.3386371156366843,0.921875,0.664792076977824,1110.1694915254238,1036.0,65500.0,1767.0,647.0,326.54229026122687,0.2941373301589677,3.130284968411057,0.3258312963652431,-0.9913877120694295,284.2247786764371,148.4182586669922,16769.26194190979,1211.7208251953125,0.0,319.4812633075988,1.1240443735952306,2.621902292562853,1.470234160796843,1.2463267480604312,1,0,0.0,0.0508474576271186,1,1,0.4576271186440678,0.2372881355932203,4,INT,SYBR,13.0,1.44,17.1,False,12
260325,260325/13S-488-13,13S-488-13,1,163,0.4578681904565215,2.5023030350805566,763.5285759980266,869.4920328619226,671.4879954128313,1.2948735328132832,0.9367816091954024,0.6352869308538067,1673.711656441718,1570.0,272815.0,3121.0,825.0,612.525904959133,0.3659685959655395,3.292428149258856,0.4423955643518896,-0.9384155247991356,374.2738235801276,164.9685516357422,61006.63324356079,3121.0,0.0,548.8918669619553,1.4665515790324677,2.1385841575012163,2.4491685665080145,7.042403040828312,1,4,0.0184049079754601,0.1288343558282208,1,7,0.5398773006134969,0.2208588957055214,4,INT,SYBR,13.0,1.44,17.1,False,13
260325,260325/13S-488-13,13S-488-13,2,153,0.429778117422379,2.515163008215844,739.7367738351292,942.4972667257744,584.186169858022,1.6133508722995524,0.9503105590062112,0.7847377170685356,1777.8300653594772,1668.0,272008.0,3045.0,823.0,660.0955252924988,0.3712928126001893,3.35055564933374,0.3033231861766269,-1.1927694718664854,478.0501085543165,237.92868041992188,73141.66660881042,2626.034912109375,0.0,605.3380420088713,1.266264835373617,2.56548689867032,1.7561842486363035,2.6922881690881546,1,3,0.0457516339869281,0.1437908496732026,2,6,0.5032679738562091,0.2418300653594771,4,INT,SYBR,13.0,1.44,17.1,False,13
260325,260325/13S-488-13,13S-488-13,3,77,0.2162935623628966,1.747442097344015,524.7794935704719,712.3827259786508,389.4107039435531,1.8293866058748969,0.927710843373494,0.8373733988219823,1289.7272727272727,1223.0,99309.0,1946.0,826.0,292.0992367583876,0.2264813987694553,3.254046175777209,0.4008218428844781,-0.7576702819421692,309.0739652336418,235.3073883056641,23798.695322990417,1321.7528076171875,0.0,290.5394962378801,0.9400322541507152,2.827367044197223,1.515879082992506,2.333182010543375,1,2,0.0,0.0129870129870129,1,2,0.3506493506493506,0.2207792207792207,4,INT,SYBR,13.0,1.44,17.1,False,13
260325,260325/13S-488-14,13S-488-14,1,123,0.3455078983199517,2.294069358405647,663.2603705629474,689.7542016097289,644.5272799979123,1.0701706863547549,0.8978102189781022,0.3561458505735905,956.910569105691,903.0,117700.0,1714.0,504.0,303.3712222573785,0.3170319484932672,3.1911665509268667,0.5861821215460645,-0.4000277659766196,145.33589974554573,74.31729125976562,17876.315668702126,1204.41015625,0.0,211.5528942724611,1.4556134763871016,2.155192139366719,2.5455282834266835,7.340874387480238,1,4,0.0,0.089430894308943,1,5,0.4959349593495935,0.2032520325203252,4,INT,SYBR,13.0,1.44,17.1,False,14
260325,260325/13S-488-14,13S-488-14,2,123,0.3455078983199517,2.1585826754094444,663.2603705629474,774.3235139901315,580.6176332107168,1.3336203892194147,0.9609375,0.6616208319042531,1099.081300813008,1108.0,135187.0,1787.0,515.0,364.4732015491322,0.3316162337395109,3.314434819331582,-0.0104489733228342,-1.3073024281730667,152.1356910244236,61.82745742797852,18712.689996004105,983.2599487304688,0.0,220.5833125391109,1.4499116614502958,2.229031838435578,1.841308898209892,2.978805262453853,1,1,0.040650406504065,0.032520325203252,2,2,0.5609756097560976,0.2357723577235772,4,INT,SYBR,13.0,1.44,17.1,False,14
260325,260325/13S-488-14,13S-488-14,3,98,0.2752827157345957,1.858769010428584,592.031113756174,626.0570448120717,573.1709406182366,1.092269339643756,0.98,0.4022608422929457,1143.561224489796,1086.0,112069.0,2054.0,508.0,446.0121136149428,0.3900203190379533,3.311039815698576,0.3079476779336106,-1.1118774588517328,219.53953065677564,98.27365112304688,21514.874004364014,2054.0,0.0,335.22709655218864,1.5269555125189591,1.972903852865236,2.746868622432556,9.734418129952012,1,1,0.1020408163265306,0.1326530612244898,1,1,0.5204081632653061,0.2448979591836734,4,INT,SYBR,13.0,1.44,17.1,False,14
260325,260325/13S-488-14,13S-488-14,4,110,0.3089908033755666,1.9594423729443733,627.2314643074426,711.7189877175938,557.0346025440742,1.2776925965946262,0.9649122807017544,0.622448360624244,963.1545454545454,913.5,105947.0,1784.0,502.0,337.4390651444662,0.3503477886668927,3.2386947359934597,0.5424071878403088,-0.6312864265406404,161.22988305525345,76.49917984008789,17735.28713607788,1249.0887451171875,0.0,242.80445434883916,1.5059519348880883,2.193278097268633,2.6273871464647613,7.632983931992236,1,2,0.0,0.1,1,3,0.509090909090909,0.209090909090909,4,INT,SYBR,13.0,1.44,17.1,False,14
260325,260325/13S-488-14,13S-488-14,5,97,0.2724737084311815,1.9283956513894096,589.0028017549823,623.3071196515543,561.9486506613522,1.10918874690417,0.923809523809524,0.4326544837961974,998.1546391752578,927.0,96821.0,1665.0,502.0,347.78361748022127,0.3484265902601859,3.318145454949795,0.2831761487437937,-1.213542949940476,182.72938137079024,90.7656478881836,17724.749992966652,730.9400634765625,0.0,207.58408664864032,1.136019205512525,2.664185147325437,1.093567892544845,0.081826063888839,1,2,0.0,0.1134020618556701,2,4,0.5051546391752577,0.268041237113402,4,INT,SYBR,13.0,1.44,17.1,False,14
260325,260325/13S-488-14,13S-488-14,6,58,0.162922423598026,1.562721944373172,455.4550169326275,483.82569466023625,445.3757273933592,1.0863315284196389,0.8923076923076924,0.3906735341111987,705.8965517241379,697.5,40942.0,981.0,518.0,130.1945493853532,0.1844385683247151,3.145855323254981,0.3041819884584233,-0.944173344668612,97.82362705205792,73.08676147460938,5673.770369019359,341.90985107421875,0.0,92.29329291696271,0.9434662739283612,2.8648943877403625,0.9679550889336584,0.1754094865615352,1,1,0.0,0.0,1,1,0.3620689655172414,0.2758620689655172,4,INT,SYBR,13.0,1.44,17.1,False,14
260325,260325/13S-488-15,13S-488-15,1,149,0.4185420882087221,2.48411628666088,730.0029711195548,803.3973478283757,668.9966637125548,1.2008988854592682,0.9254658385093169,0.5537100003039592,1327.8523489932886,1282.0,197850.0,2327.0,629.0,486.68068192602993,0.3665171675864466,3.3054166279488544,0.3286349900187162,-1.0930858933099736,242.39615394045043,121.84245300292967,36117.02693712711,1873.808837890625,0.0,337.93177752437066,1.3941301131675157,2.232504926118468,2.1895603426272183,5.20138614044928,1,4,0.0402684563758389,0.1409395973154362,1,7,0.4899328859060403,0.2080536912751678,4,INT,SYBR,13.0,1.44,17.1,False,15
260325,260325/13S-488-15,13S-488-15,2,100,0.2809007303414242,1.8663022082794816,598.0417360148784,626.0221541025471,574.1959814766818,1.090258682223066,0.9433962264150944,0.398395989991003,1281.9,1211.5,128190.0,2432.0,637.0,481.8301913883493,0.3758719021673681,3.218691884839729,0.4609832407436381,-0.8815208388669489,290.8404832601547,139.1424102783203,29084.048326015472,2432.0,0.0,398.1100009617227,1.368825950566229,2.194311179757334,2.6390565621812545,9.310584661163611,1,4,0.01,0.12,1,3,0.53,0.22,4,INT,SYBR,13.0,1.44,17.1,False,15
260325,260325/13S-488-15,13S-488-15,3,97,0.2724737084311815,1.8973489298344453,589.0028017549823,645.4373285807912,540.0856293712241,1.1950648072829102,0.9150943396226416,0.5475473452321911,1294.8247422680413,1183.0,125598.0,2343.0,625.0,487.6590341089868,0.3766216524830946,3.293643552422423,0.5481188540315639,-0.8414100510044364,307.73446084052017,169.6909942626953,29850.242701530457,1912.6368408203125,0.0,404.92038308087535,1.315810981892992,2.448541049794069,2.332858082473358,5.691733506752701,1,4,0.0412371134020618,0.1237113402061855,1,3,0.4639175257731959,0.2164948453608247,4,INT,SYBR,13.0,1.44,17.1,False,15
260325,260325/13S-488-15,13S-488-15,4,35,0.0983152556194984,1.0766279500625275,353.806262388742,389.0774723578336,332.86461262020487,1.1688760463154642,0.8974358974358975,0.5177652911985471,766.8857142857142,757.0,26841.0,1005.0,629.0,97.14475900263828,0.1266743625458194,3.010538833429766,0.5470642409203005,-0.4047308737763666,105.22111210312164,98.69581604003906,3682.7389236092567,464.98638916015625,0.0,104.26395340645888,0.990903358864667,2.576506962724599,1.6318814886316972,3.481733447607347,1,0,0.0,0.0,1,1,0.3714285714285714,0.2285714285714285,4,INT,SYBR,13.0,1.44,17.1,False,15
260325,260325/4S-488-01,4S-488-01,1,93,0.2612376792175245,1.8095355404539435,576.7305642625431,619.396964523391,539.5141948742588,1.148064259306004,0.9393939393939394,0.4912273701206576,1510.8817204301076,1466.0,140512.0,2757.0,728.0,560.564076340934,0.3710178426021041,3.2331202147367333,0.4016416651653295,-0.9828291640868984,356.74726338027625,176.79624938964844,33177.49549436569,2301.932373046875,0.0,442.6700654338149,1.2408506269659842,2.478917331259085,1.977673376551099,4.320927758402409,1,3,0.053763440860215,0.1505376344086021,1,1,0.5053763440860215,0.2043010752688172,19,INT,SYBR,4.0,0.54,14.1,False,1
260325,260325/4S-488-01,4S-488-01,2,95,0.266855693824353,1.8534422351441944,582.8989810549554,598.6562644830293,570.0530251541674,1.0501764538853668,0.931372549019608,0.3054100517556876,1480.9157894736843,1407.0,140687.0,2767.0,719.0,553.8551093876889,0.373995005877092,3.2046752160675345,0.502676053692597,-0.7894837222873896,341.45654862993644,166.01174926757812,32438.37211984396,2767.0,0.0,475.548616377356,1.39270609477385,2.1104671664146903,2.4727226712523422,7.572078115683672,1,4,0.0105263157894736,0.1263157894736842,1,2,0.5368421052631579,0.1894736842105263,19,INT,SYBR,4.0,0.54,14.1,False,1
260325,260325/4S-488-01,4S-488-01,3,51,0.1432593724741263,1.3855349892532265,427.08722550317714,492.1793577910172,379.371751618869,1.297353732034005,0.8793103448275862,0.6370774403244228,1186.2745098039215,1061.0,60500.0,2032.0,719.0,383.45399090015337,0.3232422072050879,2.933096451890756,0.6971209175601462,-0.6068459810410314,328.9513239767037,173.39451599121094,16776.51752281189,1784.85693359375,0.0,420.4732821310116,1.2782234071834575,2.413663577343426,2.0291291332637726,3.629933717591946,1,0,0.0,0.1176470588235294,1,1,0.4901960784313725,0.196078431372549,19,INT,SYBR,4.0,0.54,14.1,False,1
260325,260325/4S-488-02,4S-488-02,1,101,0.2837097376448385,1.8973489298344457,601.0245063188743,651.5216671529387,555.9703438250359,1.1718640650336067,0.9351851851851852,0.5213526949473034,1551.1683168316831,1415.0,156668.0,2938.0,676.0,641.9164130836184,0.4138276975607364,3.213481373822196,0.5660178499134072,-0.7672363829887954,388.4742882546812,177.21839904785156,39235.9031137228,2103.884033203125,0.0,524.6688817026301,1.3505884367787568,2.486570686256464,1.9113315562714737,2.927547768790035,1,3,0.0693069306930693,0.1584158415841584,1,2,0.5346534653465347,0.2079207920792079,19,INT,SYBR,4.0,0.54,14.1,False,2
260325,260325/4S-488-02,4S-488-02,2,85,0.2387656207902105,1.8223955135892305,551.3672372505789,600.1328819395846,511.0970111689092,1.1742054225029512,0.913978494623656,0.5241276126167267,1200.2941176470588,1160.0,102025.0,1979.0,688.0,343.9916535369445,0.2865894687639332,3.2714534400490605,0.3597344038043239,-0.9068536651072944,200.9147459703333,118.32982635498048,17077.753407478333,1304.016357421875,0.0,234.6718413131785,1.1680170122895297,2.4384693785839766,2.2290951815994062,6.741968411952072,1,1,0.0,0.0470588235294117,1,1,0.4470588235294118,0.2352941176470588,19,INT,SYBR,4.0,0.54,14.1,False,2
260325,260325/4S-488-02,4S-488-02,3,70,0.1966305112389969,1.597535264853585,500.35761472269286,608.5475462657477,413.8304777332736,1.4705237506889846,0.945945945945946,0.7331844551583451,1229.2285714285715,1200.5,86046.0,2219.0,677.0,396.06909701038944,0.3222094785431892,3.1205130403891395,0.4342287879241157,-0.7561823680764164,273.9668169294085,143.71240997314453,19177.677185058597,2219.0,0.0,362.53617560767685,1.3232849863751548,2.1763582973461397,2.9106474339559347,11.558247500545344,1,2,0.0,0.0714285714285714,1,1,0.4857142857142857,0.1857142857142857,19,INT,SYBR,4.0,0.54,14.1,False,2
260325,260325/4S-488-03,4S-488-03,1,153,0.429778117422379,2.621163146016023,739.7367738351292,791.3238162856082,699.2099538128477,1.1317399187046129,0.9216867469879518,0.4682514920318687,897.6013071895425,858.0,137333.0,1527.0,513.0,277.6957901020202,0.3093754296899441,3.2892711447132923,0.538620941209671,-0.7053613253876025,148.3691112013424,80.28260803222656,22700.47401380539,1107.122314453125,0.0,200.33182720695177,1.3502259707891222,2.2854593853875245,2.0121857307247124,4.48769707009155,1,4,0.0,0.0980392156862745,1,6,0.4901960784313725,0.2091503267973856,19,INT,SYBR,4.0,0.54,14.1,False,3
260325,260325/4S-488-03,4S-488-03,2,145,0.4073060589950651,2.390976121995988,720.1376126288294,759.7398523537919,687.3316941030265,1.1053467472429868,0.9294871794871796,0.4260630231155399,1126.8758620689655,1043.0,163397.0,2095.0,512.0,452.1251498749271,0.401220014638362,3.282289139180242,0.4101573814637395,-1.1147018902358612,286.3351903816749,133.91465759277344,41518.60260534287,1942.5635986328125,0.0,402.0243427855859,1.4040340003256369,2.338861209993199,2.0644501772388475,4.199301956538997,1,4,0.0620689655172413,0.1655172413793103,2,6,0.5103448275862069,0.2137931034482758,19,INT,SYBR,4.0,0.54,14.1,False,3
260325,260325/4S-488-05,4S-488-05,1,154,0.4325871247257933,2.5023030350805566,742.150277062646,868.9560279129549,647.8683008491286,1.3412541202803991,0.9333333333333332,0.666426349499093,2019.155844155844,1988.5,310950.0,3305.0,1067.0,639.1837025607094,0.3165598655550707,3.3291553060820545,0.13623718864806,-1.2583197776636583,369.6659912319926,122.17241287231444,56928.56264972687,3056.95654296875,0.0,574.893910150437,1.555171218846715,2.107478079407199,2.2186399654227262,5.1082325144068665,1,3,0.0,0.0519480519480519,1,7,0.577922077922078,0.2272727272727272,19,INT,SYBR,4.0,0.54,14.1,False,5
260325,260325/4S-488-05,4S-488-05,2,149,0.4185420882087221,2.4583963403903057,730.0029711195548,914.2320037554992,593.3976841113301,1.540673359931711,0.93125,0.7607313771070413,2205.503355704698,2120.0,328620.0,3566.0,1041.0,738.438634243034,0.3348163730211553,3.400825332052918,0.0761769012998208,-1.276833338162009,481.5843930084433,180.90765380859372,71756.07455825806,3566.0,0.0,669.3391652840563,1.3898688890283892,2.2424163515717006,1.9133751464428528,3.8412620834594,1,2,0.0268456375838926,0.0738255033557047,1,5,0.5436241610738255,0.2281879194630872,19,INT,SYBR,4.0,0.54,14.1,False,5
260325,260325/4S-488-06,4S-488-06,1,110,0.3089908033755666,1.9723023460796607,627.2314643074426,761.8419157081294,516.106910775561,1.47613197925077,0.9734513274336284,0.7355723255697092,1995.336363636364,1805.5,219487.0,3700.0,928.0,761.4765386070939,0.3816281567782161,3.282371614590656,0.4926896977810263,-0.8823137166717179,561.6398948409341,326.5269927978516,61780.38843250275,3700.0,0.0,700.802900227566,1.2477797725285262,2.4566264152357475,2.0951655115942383,4.805893315135839,1,2,0.0272727272727272,0.1545454545454545,1,3,0.4818181818181818,0.2454545454545454,19,INT,SYBR,4.0,0.54,14.1,False,6
260325,260325/4S-488-06,4S-488-06,2,97,0.2724737084311815,1.9594423729443733,589.0028017549823,756.2197616282402,460.5282102725224,1.6420704416364402,0.9326923076923076,0.7931799931704582,1665.0824742268042,1563.0,161513.0,2811.0,926.0,518.431200636897,0.3113546678086532,3.271582710390171,0.421972549199409,-0.988679982904455,372.3857071670061,215.7916259765625,36121.41359519959,2104.447509765625,0.0,421.8382513138637,1.1327992540934966,2.5534145632642966,1.7322742267247695,3.373637994007563,1,2,0.0,0.1030927835051546,1,2,0.4742268041237113,0.2371134020618556,19,INT,SYBR,4.0,0.54,14.1,False,6
260325,260325/4S-488-07,4S-488-07,1,127,0.3567439275336087,2.22820931637027,673.9588087412508,742.9230683284717,616.2392474909966,1.2055757100075422,0.9202898550724636,0.5585375752993285,1476.007874015748,1373.0,187453.0,2756.0,673.0,583.1209204564828,0.3950662667333856,3.2842900050463117,0.4200492026174752,-0.9560054629845544,391.5926909596901,195.5221099853516,49732.271751880646,2756.0,0.0,526.707929361107,1.3450402459511823,2.336155604818073,2.2196168991651684,5.255940755149764,1,4,0.0944881889763779,0.1417322834645669,1,3,0.5039370078740157,0.2125984251968504,19,INT,SYBR,4.0,0.54,14.1,False,7
260325,260325/4S-488-07,4S-488-07,2,191,0.5365203949521202,2.9959302272420985,826.5101229930382,1155.0580448097005,598.266897437795,1.9306734999988824,0.9271844660194176,0.8554084914005401,1284.523560209424,1271.0,245344.0,2096.0,677.0,384.6431130827576,0.2994441869326606,3.3486082960112635,0.1603483282745068,-1.1154059885944096,220.78223675341195,109.11522674560548,42169.40721990168,1622.6051025390625,0.0,296.62777568355267,1.3435309834950688,2.31638721957394,2.204954609637092,5.914829210865143,1,4,0.0,0.031413612565445,1,9,0.5026178010471204,0.2356020942408377,19,INT,SYBR,4.0,0.54,14.1,False,7
260325,260325/4S-488-07,4S-488-07,3,120,0.3370808764097091,2.07830248387984,655.1218982897973,745.1933136791852,575.806350538297,1.2941734890254952,0.96,0.6347787722895005,1324.625,1216.5,158955.0,2410.0,675.0,499.3159532985977,0.3769489125590999,3.215761363708366,0.5524986757437346,-0.841139094993713,320.45056378543376,151.57962036132812,38454.06765425205,1776.1873779296875,0.0,402.4472610352754,1.2558793976868916,2.5131813514743087,1.6083023505467329,2.0093979670575504,1,3,0.0,0.1416666666666666,1,3,0.5083333333333333,0.2333333333333333,19,INT,SYBR,4.0,0.54,14.1,False,7
260325,260325/4S-488-07,4S-488-07,4,94,0.2640466865209387,1.8534422351441944,579.822975514724,588.6550493069997,574.763422527057,1.0241692951142674,0.912621359223301,0.2159651410152304,1291.6914893617022,1218.0,121419.0,2267.0,688.0,441.14440682017687,0.3415245903943915,3.213205835020754,0.4895647417825652,-0.8540914569991367,315.4625628400356,196.59502410888672,29653.48090696335,1917.1614990234373,0.0,384.71652622905947,1.219531480266776,2.434287469734442,1.851684047248756,3.5786567806711,1,3,0.0,0.1170212765957446,1,3,0.425531914893617,0.202127659574468,19,INT,SYBR,4.0,0.54,14.1,False,7
260325,260325/4S-488-08,4S-488-08,1,94,0.2640466865209387,1.7784888188989791,579.822975514724,637.0252889508419,527.8060891392721,1.2069305414601803,0.9591836734693876,0.5599179007146629,2576.86170212766,2413.5,242225.0,4095.0,1152.0,1004.5655841835832,0.389840705597097,2.988970533516131,0.2506118735418205,-1.3801880919311789,960.2686416899904,523.3910827636719,90265.2523188591,4010.0,0.0,1091.8709996017114,1.1370474388084904,2.7683724091346806,1.248616447585131,0.5251460986787935,2,1,0.0638297872340425,0.1914893617021276,2,1,0.4893617021276595,0.2659574468085106,19,INT,SYBR,4.0,0.54,14.1,False,8
260325,260325/4S-488-08,4S-488-08,2,34,0.0955062483160842,1.1606747405175812,348.7152593812529,444.3195269458986,283.29124912187075,1.5684195269821208,0.8947368421052632,0.7703804183770555,1361.8823529411766,1358.0,46304.0,1656.0,1128.0,144.96995816393644,0.1064482242910728,2.858597056331374,0.2706876245307509,-0.6977249571692754,252.7527166499811,210.823844909668,8593.592366099358,833.1216430664062,0.0,213.97111882799896,0.8465630821460647,2.853201466032146,0.959335402547462,0.7575348262503176,0,0,0.0,0.0,0,0,0.2941176470588235,0.2352941176470588,19,INT,SYBR,4.0,0.54,14.1,False,8
260325,260325/4S-488-09,4S-488-09,1,98,0.2752827157345957,1.8223955135892305,592.031113756174,665.6925672613605,526.177216586535,1.265148976954765,0.9607843137254902,0.6125643166238289,2131.6326530612246,1942.0,208900.0,4050.0,943.0,863.9239822867567,0.4052874593781816,3.2226535185783205,0.5157690261909835,-0.8337751430783809,682.5454316552805,325.9301147460937,66889.45230221748,3993.0,0.0,912.8966104212468,1.337488419206511,2.401658770781908,2.016244280968166,3.767850274965984,1,3,0.0408163265306122,0.1632653061224489,1,2,0.5,0.2244897959183673,19,INT,SYBR,4.0,0.54,14.1,False,9
260325,260325/4S-488-09,4S-488-09,2,44,0.1235963213502266,1.222768183627509,396.6960094668252,452.3451337934249,350.4056618659504,1.2909184497323336,0.9166666666666666,0.6323996770015367,1245.159090909091,1210.0,54787.0,1612.0,942.0,212.15998167046047,0.1703878510139314,3.02583990203926,0.371857764527653,-1.1194111244029092,226.79548035968435,141.22753143310547,9979.00113582611,864.7177734375,8.457573890686035,211.12735893270303,0.9309151954786198,2.63165507209932,1.1931669926622828,1.0053197212363951,1,0,0.0,0.0,1,1,0.4318181818181818,0.3181818181818182,19,INT,SYBR,4.0,0.54,14.1,False,9
260325,260325/4S-488-10,4S-488-10,1,119,0.3342718691062948,2.122209178570091,652.386513072328,704.4292135880759,608.5138510466481,1.1576223160351282,0.937007874015748,0.5037669531995566,1171.2605042016808,1069.0,139380.0,2321.0,486.0,515.7839427805524,0.4403665460674826,3.250663612269743,0.5052674680852026,-0.899999030676331,317.1820648873553,144.91529846191406,37744.66572159529,2321.0,0.0,445.0950875857828,1.4032794942042348,2.260469952300652,2.3005374052519905,5.84596354114894,1,4,0.1092436974789916,0.1764705882352941,1,3,0.5294117647058824,0.2016806722689075,19,INT,SYBR,4.0,0.54,14.1,False,10
260325,260325/4S-488-10,4S-488-10,2,105,0.2949457668584954,2.259256037925234,612.8104224933467,749.7531487458909,527.0802522949797,1.422464881735491,0.8467741935483871,0.7111848529295881,826.8285714285714,768.0,86817.0,1443.0,490.0,274.4130959935172,0.3318863250206676,3.148559872615441,0.5569552409562699,-0.7478789676131834,146.06355118183862,49.0319709777832,15336.672874093056,870.0300903320312,0.0,204.7250831377588,1.4016164983068962,2.393286436122179,1.7589990781129663,2.4687949727008967,1,3,0.0,0.1047619047619047,1,5,0.5333333333333333,0.2285714285714285,19,INT,SYBR,4.0,0.54,14.1,False,10
260325,260325/4S-488-10,4S-488-10,3,72,0.2022485258458254,1.641441959543836,507.4552403624349,558.138963570736,465.7013125738812,1.1984912829340375,0.9113924050632912,0.5511860453293417,849.3333333333334,849.5,61152.0,1431.0,495.0,268.7242683390657,0.3163943504777068,3.129118992730672,0.4535363890558482,-0.9168465671109596,185.8730703625414,125.29794692993164,13382.861066102982,1025.237548828125,0.0,231.1723506790633,1.2437108303433446,2.428953158303623,1.9743811355563965,3.891476972749892,1,1,0.0,0.0833333333333333,1,1,0.4305555555555556,0.2222222222222222,19,INT,SYBR,4.0,0.54,14.1,False,10
260325,260325/4S-488-11,4S-488-11,1,176,0.4943852854009066,3.19507052970717,793.3920189336503,1253.3302060644237,528.4179375346482,2.371854013722317,0.8380952380952381,0.9067767493506688,981.5113636363636,920.5,172746.0,1674.0,487.0,323.65798506865434,0.3297546998025029,3.332857773983945,0.2808035124584908,-0.993147183627988,170.71526168845594,82.63039016723633,30045.886057168245,1185.7303466796875,0.0,248.32047385070965,1.4545886020658076,2.332401500171796,2.286206920252103,5.251713034369681,2,3,0.0113636363636363,0.0795454545454545,2,11,0.5056818181818182,0.1988636363636363,19,INT,SYBR,4.0,0.54,14.1,False,11
260325,260325/4S-488-11,4S-488-11,2,94,0.2640466865209387,2.0033490676346246,579.822975514724,776.0620484311034,435.5250855141522,1.7818997670706749,0.912621359223301,0.8276810459395245,1030.340425531915,981.0,96852.0,1982.0,489.0,397.5272913655893,0.3858213086809296,3.23430868712581,0.46949932895426,-0.820657992146546,252.78734615001272,130.90955352783203,23762.0105381012,1982.0,0.0,344.96877767771844,1.3646599916160442,2.1816330715535988,2.5062460641083875,8.040634697837962,1,2,0.0319148936170212,0.1489361702127659,1,3,0.4893617021276595,0.2127659574468085,19,INT,SYBR,4.0,0.54,14.1,False,11
260325,260325/4S-488-11,4S-488-11,3,33,0.0926972410126699,1.0985812974076532,343.5488217781828,387.6360550394455,311.6354457134876,1.2438766525802445,0.868421052631579,0.5947128005377151,642.939393939394,641.0,21217.0,831.0,488.0,105.9421833460176,0.1647778691812499,2.9448325079897435,0.2887776971359393,-1.1414702243730823,111.78447263891049,76.5469970703125,3688.887597084045,432.6687622070313,0.0,102.40596088601431,0.9161018383725718,2.769140114544432,1.3563675873579837,1.8341652837916216,1,0,0.0,0.0,1,1,0.4242424242424242,0.2121212121212121,19,INT,SYBR,4.0,0.54,14.1,False,11
260325,260325/4S-488-12,4S-488-12,1,170,0.4775312415804211,2.93383678413217,779.7510247679527,1233.5335289846792,497.8027617472979,2.4779563790585475,0.8994708994708994,0.914953908205498,1556.6235294117646,1482.5,264626.0,2860.0,673.0,621.8078905076138,0.3994593932051059,3.277151376533588,0.3514657386114625,-1.0338014952685235,396.2352566634908,157.6910858154297,67359.99363279343,2821.0,0.0,557.6044729367209,1.407256077190212,2.2808713335277764,2.1348041055571434,4.923444660062655,1,4,0.0823529411764705,0.1588235294117647,1,10,0.5352941176470588,0.2470588235294117,19,INT,SYBR,4.0,0.54,14.1,False,12
260325,260325/4S-488-12,4S-488-12,2,84,0.2359566134867963,1.8844889566991585,548.1143048061958,728.0798964545518,428.5796570946033,1.6988204745654505,0.9032258064516128,0.8083925862540491,876.7142857142857,879.5,73644.0,1129.0,678.0,118.81742310967448,0.1355258207214797,3.2447950659107674,0.1603205574322605,-0.794834076265265,107.23820674987068,64.10102462768555,9008.009366989136,493.7589721679688,0.0,115.71961797184127,1.079089454020368,2.665046868465277,1.4225285502864984,1.6107245650086632,1,1,0.0,0.0,1,4,0.4047619047619047,0.2261904761904762,19,INT,SYBR,4.0,0.54,14.1,False,12
260325,260325/4S-488-13,4S-488-13,1,165,0.46348620506335,2.714303310680915,768.1985190859768,1051.3533482916473,567.6151355398132,1.852229235028748,0.9116022099447514,0.8417355951896888,842.8787878787879,799.0,139075.0,1544.0,413.0,300.86956877217733,0.3569547283653371,3.229817151086508,0.4251909191760373,-0.940477945051514,188.32027592749307,90.32280731201172,31072.84552803636,1489.3702392578125,0.0,280.24132012797634,1.488110182229526,2.216327177234696,2.4737635545305885,6.694007956095799,1,3,0.006060606060606,0.0969696969696969,2,7,0.5151515151515151,0.1878787878787878,19,INT,SYBR,4.0,0.54,14.1,False,13
260325,260325/4S-488-13,4S-488-13,2,76,0.2134845550594824,1.7784888188989791,521.3606982616968,541.9829856186495,508.9802114668948,1.0648409769343288,0.8837209302325582,0.3436238700170279,722.1315789473684,679.5,54882.0,1206.0,417.0,226.3801135026522,0.3134887326664765,3.189982661187479,0.4013054831306673,-1.0114110793205775,182.18035735111488,112.17217254638672,13845.70715868473,893.380126953125,0.0,235.24327174008667,1.2912658376594577,2.5069992612256797,1.8875483080469355,2.6455479109961546,1,1,0.0,0.0526315789473684,1,2,0.4736842105263157,0.1578947368421052,19,INT,SYBR,4.0,0.54,14.1,False,13
260325,260325/4S-488-14,4S-488-14,1,139,0.3904520151745796,2.215349343234984,705.080808164432,729.063410758289,682.5310475929778,1.0681761852877063,0.9455782312925172,0.3515339092863216,2062.1942446043167,1937.0,286645.0,3838.0,971.0,818.1321681759717,0.3967289552458967,3.306458063596798,0.458290427858748,-0.9427631570313038,441.0973006461164,234.7957763671875,61312.52478981018,3495.0,0.0,624.9320919555626,1.416766983248744,2.217242250886363,2.6174302132119447,8.21931335852772,1,4,0.0647482014388489,0.1510791366906475,1,4,0.4892086330935252,0.2230215827338129,19,INT,SYBR,4.0,0.54,14.1,False,14
260325,260325/4S-488-14,4S-488-14,2,89,0.2500016500038675,1.888255555624607,564.191445374674,668.4328065343045,480.47915899897663,1.391179604807226,0.898989898989899,0.6952019771510639,1657.505617977528,1587.0,147518.0,2687.0,961.0,490.4128854990805,0.2958740411978074,3.175220134396365,0.4586432807662288,-0.8845630551720598,336.11821537875056,199.74969482421875,29914.5211687088,1660.455078125,0.0,372.60012270957145,1.1085389177427103,2.639944006544373,1.5628245992369876,1.9971065433909436,1,3,0.0,0.0561797752808988,1,2,0.4382022471910112,0.2584269662921348,19,INT,SYBR,4.0,0.54,14.1,False,14
260325,260325/4S-488-15,4S-488-15,1,157,0.441014146636036,2.506069634006005,749.3441474280244,894.5377516501374,632.08866401372,1.4152092935346816,0.9345238095238096,0.7076039466704965,1020.063694267516,963.0,160150.0,1717.0,582.0,298.5218430681899,0.2926501989491465,3.2834486804431537,0.4742782092096061,-0.8137203474866488,124.63312743670622,55.3125228881836,19567.40100756288,1068.6561279296875,0.0,178.79504278840818,1.434570779580313,2.0927877343946144,2.2253587281554257,6.188016872613488,1,3,0.0,0.0700636942675159,1,7,0.5222929936305732,0.2292993630573248,19,INT,SYBR,4.0,0.54,14.1,False,15
260325,260325/4S-488-15,4S-488-15,2,142,0.3988790370848223,2.4273496188353416,712.6489764128476,900.2818532990543,575.5413979310279,1.564234747553195,0.922077922077922,0.768965535579619,1355.56338028169,1228.5,192490.0,2733.0,593.0,572.2261798615904,0.4221316304241562,3.2443329780511534,0.4591898108601179,-0.987048111826228,297.0768544661327,111.8506965637207,42184.913334190845,2733.0,0.0,441.04070841596666,1.4846013810417735,2.0449252808325387,2.3978023222939573,7.258470357129898,1,3,0.0915492957746478,0.1690140845070422,1,5,0.5704225352112676,0.1971830985915492,19,INT,SYBR,4.0,0.54,14.1,False,15
260325,260325/4S-488-15,4S-488-15,3,100,0.2809007303414242,1.9283956513894096,598.0417360148784,670.3657003966397,537.2370867377929,1.2478023519694617,0.925925925925926,0.5981167610023155,1129.11,1064.0,112911.0,1998.0,591.0,381.0361974109202,0.3374659664788375,3.1764598805552,0.4762293209310727,-0.8506164202204136,201.07988102436065,105.02556610107422,20107.988102436066,1325.76025390625,0.0,258.37964443776366,1.28496020149555,2.382339414532864,2.1385904217498077,5.273504233479887,1,3,0.0,0.12,1,2,0.48,0.24,19,INT,SYBR,4.0,0.54,14.1,False,15
260325,260325/5S-488-01,5S-488-01,1,147,0.4129240736018936,2.515163008215844,725.0870702771246,942.7038799637918,566.3231462774503,1.6646041860735583,0.9130434782608696,0.7994419001797664,657.1496598639455,612.0,96601.0,1202.0,317.0,237.3411034067253,0.361167505520529,3.243324250949154,0.4733095884813517,-0.8138703062783694,200.850329552378,87.43452453613281,29524.99844419956,1088.6766357421875,0.0,259.0301258413915,1.289667417617263,2.521880364003205,1.6154315141100597,1.9936203635297804,1,4,0.0340136054421768,0.1292517006802721,3,6,0.5170068027210885,0.238095238095238,19,INT,SYBR,5.0,0.54,14.1,False,1
260325,260325/5S-488-01,5S-488-01,2,91,0.255619664610696,1.988605795036613,570.4954560680371,670.8127711377534,496.7556273755063,1.350387865119592,0.9285714285714286,0.6720255267581395,638.7802197802198,654.0,58129.0,989.0,326.0,188.59532232904292,0.2952428965222678,3.279777488411511,0.0618489868682194,-1.1461761419286276,175.95382759597274,83.35591125488281,16011.79831123352,889.777099609375,0.0,234.63888929335928,1.3335253486621492,2.361569230142813,1.5792497641174394,1.568057998422412,1,1,0.0,0.0439560439560439,1,2,0.5164835164835165,0.2307692307692307,19,INT,SYBR,5.0,0.54,14.1,False,1
260325,260325/5S-488-01,5S-488-01,3,57,0.1601134162946118,1.434768459227867,451.511609229423,507.0550292587363,413.6953950039292,1.225672403856273,0.9193548387096774,0.5782231030061441,565.0526315789474,548.0,32208.0,873.0,328.0,161.6507943788346,0.2860809513038242,3.223628747306298,0.1627897811746814,-1.247151943183234,161.26408814547355,84.42445373535156,9192.053024291992,815.37158203125,0.0,197.37716680459548,1.2239375119062152,2.516526686089867,1.7987948598879533,2.8534621371621363,1,1,0.0,0.0350877192982456,1,1,0.4736842105263157,0.2105263157894736,19,INT,SYBR,5.0,0.54,14.1,False,1
260325,260325/5S-488-02,5S-488-02,1,96,0.2696647011277672,1.910208902969733,585.9588392498761,637.7668991624794,542.5622567658072,1.1754722913535922,0.9411764705882352,0.5256160950716258,523.9479166666666,486.0,50299.0,980.0,240.0,208.8908236523097,0.3986862377109233,3.188042172177529,0.5391160234709993,-0.8732217059593848,112.14961123466492,55.3167610168457,10766.362678527832,980.0,0.0,164.9139717539587,1.470481885210357,2.103640415125452,2.827434605587864,9.957025336519722,1,3,0.0520833333333333,0.1458333333333333,1,4,0.5104166666666666,0.2083333333333333,19,INT,SYBR,5.0,0.54,14.1,False,2
260325,260325/5S-488-02,5S-488-02,2,82,0.2303385988799678,1.937489025599248,541.5498248295032,681.1421235669204,443.695423580261,1.5351569733820056,0.8723404255319149,0.7587351994546243,431.280487804878,413.5,35365.0,763.0,241.0,140.1414870932137,0.324942794900142,3.17113376140622,0.4749949653251479,-0.8423601684500475,79.27171421450812,43.64204025268555,6500.280565589666,483.4621887207031,0.0,101.01963180312096,1.2743465030888983,2.4448879975968194,1.937261333164617,3.82487625852654,1,2,0.0,0.0975609756097561,1,2,0.4756097560975609,0.2439024390243902,19,INT,SYBR,5.0,0.54,14.1,False,2
260325,260325/5S-488-03,5S-488-03,1,161,0.452250175849693,2.652209867570986,758.829893984983,999.214992248879,589.3531654707058,1.6954434977045112,0.9096045197740112,0.8075375402016747,624.5652173913044,581.0,100555.0,1300.0,278.0,253.23686497547845,0.4054610438173341,3.1799774002088683,0.6069498875081162,-0.5034647567361028,149.41139903423948,56.27861785888672,24055.23524451256,1269.671875,0.0,225.96794184086468,1.51238756414483,2.077648109536927,2.1992532560068687,5.551185791539993,2,2,0.0993788819875776,0.1304347826086956,2,7,0.5527950310559007,0.2422360248447205,19,INT,SYBR,5.0,0.54,14.1,False,3
260325,260325/5S-488-03,5S-488-03,2,128,0.359552934837023,2.48411628666088,676.6069871499132,833.9519588815897,566.9346955308496,1.4709841635300136,0.8951048951048951,0.733381813585816,521.1484375,521.0,66707.0,882.0,274.0,151.70002983736518,0.2910879490785486,3.246696404576275,0.1611270594995695,-0.9820078264634152,84.67055871943012,40.25804901123047,10837.831516087055,752.9514770507812,0.0,122.1090881382014,1.4421670293074365,2.054711131241944,2.828040972048142,11.139236696301287,1,2,0.0,0.03125,1,6,0.5078125,0.2578125,19,INT,SYBR,5.0,0.54,14.1,False,3
260325,260325/5S-488-03,5S-488-03,3,104,0.2921367595550811,2.239185990042833,609.885296376554,795.2974170850177,482.1412555928064,1.6495112331907316,0.8813559322033898,0.7952816070677179,465.8942307692308,442.0,48453.0,785.0,275.0,131.13899231806937,0.2814780344061093,3.259171900460303,0.6281270411060653,-0.5070178239201995,77.15416840865062,35.79439353942871,8024.033514499664,673.0,0.0,120.81035362775876,1.565830545770141,2.055030311500797,2.638605116268187,7.870946835923004,1,2,0.0,0.0576923076923076,1,4,0.5096153846153846,0.1923076923076923,19,INT,SYBR,5.0,0.54,14.1,False,3
260325,260325/5S-488-03,5S-488-03,4,98,0.2752827157345957,2.056349136534714,592.031113756174,799.2869414547877,450.0202361569076,1.7761133327704444,0.9158878504672896,0.8264384102914198,502.7857142857143,501.5,49273.0,839.0,272.0,156.39674964323612,0.3110604482178301,3.251601539673555,0.3679255272338403,-0.863354055465404,89.37407402116425,41.01415824890137,8758.659254074097,534.7666625976562,0.0,118.11347258863796,1.3215630358382016,2.337430386011994,1.806969272095325,3.1191974488929173,1,3,0.0,0.0612244897959183,1,5,0.5204081632653061,0.2346938775510204,19,INT,SYBR,5.0,0.54,14.1,False,3
260325,260325/5S-488-03,5S-488-03,5,86,0.2415746280936248,1.7784888188989791,554.6010904185937,694.1462458924019,444.4167689610679,1.561926314155826,0.9347826086956522,0.7681790531287421,532.5,497.0,45795.0,922.0,274.0,194.3233660377344,0.3649265089910504,3.235435491167024,0.4527813084309207,-1.1546289515741135,119.69779867557592,48.22150421142578,10294.01068609953,565.0289916992188,0.0,151.53143626069564,1.265950067063475,2.5030098820923463,1.2625128195521058,0.342440445941552,1,1,0.0,0.1395348837209302,1,1,0.5697674418604651,0.2674418604651162,19,INT,SYBR,5.0,0.54,14.1,False,3
260325,260325/5S-488-04,5S-488-04,1,146,0.4101150662984794,2.599209798670897,722.6165790396086,938.285361301422,567.9259408059921,1.6521262613393242,0.9125,0.7960121712350448,436.2945205479452,401.0,63699.0,799.0,221.0,156.91992984819248,0.359665140078119,3.2852918195092213,0.5020408169955272,-0.8878294903864079,60.56900278958556,24.290197372436523,8843.074407279491,452.9158630371094,0.0,87.81402877081575,1.4498179716756836,2.238221601027772,2.103057722206553,4.396336590480531,1,3,0.0,0.1232876712328767,2,8,0.5273972602739726,0.2123287671232876,19,INT,SYBR,5.0,0.54,14.1,False,4
260325,260325/5S-488-04,5S-488-04,2,98,0.2752827157345957,1.9594423729443733,592.031113756174,673.2236415243254,526.7918036011439,1.2779690893483435,0.9245283018867924,0.6226612167173357,513.3673469387755,465.0,50310.0,1061.0,221.0,228.40601341475823,0.444917299038885,3.195018096362539,0.5864226482123663,-0.701730656610815,107.92292852912632,48.03349113464356,10576.446995854378,1061.0,0.0,168.55703643933683,1.5618278593491517,1.9600946212412804,3.1414468961051787,12.363436809827643,1,2,0.1326530612244898,0.1632653061224489,1,2,0.5306122448979592,0.2142857142857142,19,INT,SYBR,5.0,0.54,14.1,False,4
260325,260325/5S-488-04,5S-488-04,3,141,0.3960700297814081,2.6832565891259508,710.1352155766692,1086.6374311480631,481.6574745818568,2.256037720771197,0.8924050632911392,0.8963955627644169,356.02836879432624,340.0,50200.0,583.0,219.0,92.42077249981747,0.2595882255472961,3.2486090731199067,0.3244727916988338,-0.7898165331982856,42.9205188227038,17.12251091003418,6051.793154001236,271.1414794921875,0.0,59.55877542463633,1.3876527371596297,2.280297570913321,1.8788008763419155,3.460246122321352,2,3,0.0,0.0354609929078014,3,6,0.5602836879432624,0.2624113475177305,19,INT,SYBR,5.0,0.54,14.1,False,4
260325,260325/5S-488-04,5S-488-04,4,86,0.2415746280936248,1.9193022771795711,554.6010904185937,686.4598216002067,453.3602789940689,1.5141596064025435,0.9052631578947368,0.7508855437733191,449.5232558139535,409.5,38659.0,837.0,221.0,170.6906887252795,0.3797149235721058,3.1653957416768583,0.4146052804552839,-1.086804730416474,87.67479734157406,41.40581893920898,7540.03257137537,521.5477905273438,0.0,120.710189912827,1.3767946271098828,2.388885349665187,1.9487876512224007,3.408369596391127,1,2,0.0348837209302325,0.1627906976744186,1,3,0.5232558139534884,0.2093023255813953,19,INT,SYBR,5.0,0.54,14.1,False,4
260325,260325/5S-488-05,5S-488-05,1,145,0.4073060589950651,2.4402095919706284,720.1376126288294,883.1875787501868,589.2781125628521,1.4987618917476533,0.935483870967742,0.7448630427020188,869.1724137931035,807.0,126030.0,1625.0,404.0,339.4543486085751,0.3905489212746441,3.2855543206415496,0.4845893441791244,-0.8909006539039659,182.65462810417705,84.09666442871094,26484.921075105667,1582.281005859375,0.0,284.2223849885076,1.556064513330598,2.060621117441377,2.703447136669892,8.458724045350785,1,4,0.0551724137931034,0.1379310344827586,2,7,0.5379310344827586,0.2,19,INT,SYBR,5.0,0.54,14.1,False,5
260325,260325/5S-488-05,5S-488-05,2,88,0.2471926427004533,1.7474420973440152,561.0128767272698,599.3062900804126,525.6040354864708,1.1402239130940597,0.9361702127659576,0.480452549601613,848.3409090909091,812.0,74654.0,1526.0,404.0,311.4073684288921,0.3670780992544606,3.235006173632889,0.3641486757330697,-1.0443106823171169,218.39070880413053,127.15105819702148,19218.38237476349,1505.2230224609375,0.0,271.2401123813406,1.2419947435795424,2.352249061366539,2.1284135712544665,5.866408255440117,1,2,0.0454545454545454,0.1136363636363636,1,2,0.4545454545454545,0.2272727272727272,19,INT,SYBR,5.0,0.54,14.1,False,5
260325,260325/5S-488-05,5S-488-05,3,132,0.3707889640506799,2.4091628704156647,687.0976435563656,953.5726590858612,509.1394770864392,1.8729104734574888,0.8979591836734694,0.8455297253064995,801.5151515151515,704.0,105800.0,1565.0,407.0,319.9966002884407,0.3992396147265989,3.196419311349327,0.6733505600326957,-0.6935768018466191,175.81253789952308,79.63998794555664,23207.255002737045,1320.695556640625,0.0,252.17726326635204,1.4343531256597375,2.237806824604376,2.2207294714201207,5.303959834150437,1,2,0.0,0.1515151515151515,1,6,0.5378787878787878,0.2045454545454545,19,INT,SYBR,5.0,0.54,14.1,False,5
260325,260325/5S-488-05,5S-488-05,4,51,0.1432593724741263,1.3855349892532267,427.08722550317714,551.1046677038719,333.82956880635027,1.6508563626476114,0.9107142857142856,0.7956579151935039,536.0980392156863,524.0,27341.0,716.0,411.0,89.37231224533933,0.1667088959625582,3.0467797652965465,0.3519248650273336,-1.0460474510409283,93.09571741141524,80.89989471435547,4747.881587982178,365.1880187988281,0.0,80.04826422418883,0.8598490505254266,2.781620048872857,1.0896069638001011,1.3953159939079711,1,1,0.0,0.0,1,1,0.3529411764705882,0.2156862745098039,19,INT,SYBR,5.0,0.54,14.1,False,5
260325,260325/5S-488-06,5S-488-06,1,108,0.3033727887687381,2.0033490676346246,621.5032030946782,719.6205641971618,541.5665282836193,1.328775924313209,0.9310344827586208,0.6585095904022567,1335.5092592592594,1247.0,144235.0,2437.0,625.0,529.0216591041574,0.3961197988230942,3.268278210770616,0.5241026927436477,-0.8694285800024684,404.7834789002383,192.49652099609372,43716.61572122574,2433.0,0.0,538.1102846968881,1.3293780817312189,2.401232703967083,1.798652941974587,2.6318407996549595,1,3,0.0555555555555555,0.1481481481481481,1,3,0.5277777777777778,0.2129629629629629,19,INT,SYBR,5.0,0.54,14.1,False,6
260325,260325/5S-488-07,5S-488-07,1,170,0.4775312415804211,2.5462097297708075,779.7510247679527,902.8953883668348,679.3109995681754,1.329134062220084,0.9392265193370166,0.658741266373831,694.6823529411764,649.0,118096.0,1489.0,335.0,262.9121036448334,0.3784637720127835,3.1459140935175576,0.6348292524522875,-0.2772147382246972,108.2609542450484,37.69318389892578,18404.36222165823,1486.0,0.0,199.2483740410048,1.8404453889257857,1.665906455524235,4.330762085266862,25.420606616990995,1,4,0.0294117647058823,0.1117647058823529,1,8,0.5588235294117647,0.2,19,INT,SYBR,5.0,0.54,14.1,False,7
260325,260325/5S-488-07,5S-488-07,2,81,0.2275295915765536,1.844348860934356,538.2375624133907,714.3249055179879,410.968944006431,1.738148139745591,0.9101123595505618,0.8179249331945074,611.1234567901234,574.0,49501.0,1165.0,336.0,209.11990476255772,0.3421892948782283,3.121384613091449,0.5963243922307712,-0.6332189479646608,120.7513725551558,69.42961120605469,9780.86117696762,1064.8448486328125,0.0,167.2014909666408,1.3846756970838396,2.1514098130010337,2.934481261109517,12.266481013171989,1,2,0.0,0.0864197530864197,1,3,0.4814814814814814,0.2222222222222222,19,INT,SYBR,5.0,0.54,14.1,False,7
260325,260325/5S-488-08,5S-488-08,1,103,0.2893277522516669,2.0654425107445524,606.9460730214508,727.4708647105017,515.4183154251282,1.411418343002553,0.9035087719298246,0.7057036247663797,1132.3398058252428,1073.0,116631.0,2118.0,540.0,397.97974018288966,0.3514667047254814,3.2193215481562225,0.392082735603226,-0.8596957032671058,268.1994369145736,101.1983871459961,27624.54200220108,2118.0,0.0,388.9390908280239,1.4501860827989288,2.1489277253379058,2.184628149654328,5.618039411961686,1,2,0.029126213592233,0.0970873786407767,1,4,0.5339805825242718,0.233009708737864,19,INT,SYBR,5.0,0.54,14.1,False,8
260325,260325/5S-488-08,5S-488-08,2,49,0.1376413578672978,1.253814905182473,418.629215210415,465.3728756960856,379.4625710883779,1.2263999433759671,0.98,0.5789054341663296,882.4897959183673,897.0,43242.0,1343.0,583.0,207.64303528421277,0.235292279009445,3.035580890479112,0.2510142690038328,-0.898122141720485,151.18865017015108,103.85740661621094,7408.243858337402,830.7439575195312,0.0,187.8345914341764,1.2423855310751375,2.3812274975815093,2.0629402661552287,4.545065673066432,1,0,0.0,0.0204081632653061,1,1,0.4285714285714285,0.2040816326530612,19,INT,SYBR,5.0,0.54,14.1,False,8
260325,260325/5S-488-09,5S-488-09,1,145,0.4073060589950651,2.5280229813511306,720.1376126288294,870.5207874466341,600.6598359205283,1.44927417381343,0.9006211180124224,0.7238088277505268,645.351724137931,599.0,93576.0,1229.0,314.0,249.7330110736732,0.3869719437214949,3.2678318999201807,0.5127099332840377,-0.8368503815425852,136.98820872676782,53.08066940307617,19863.290265381336,1141.6845703125,0.0,216.0191819544388,1.5769180717247246,2.062832449251196,2.47625633974341,6.768804545851221,1,3,0.0344827586206896,0.1379310344827586,1,7,0.5586206896551724,0.2137931034482758,19,INT,SYBR,5.0,0.54,14.1,False,9
260325,260325/5S-488-09,5S-488-09,2,130,0.3651709494438515,2.4220228435509514,681.8724905877906,965.1347728352874,493.6703824220667,1.9550185856807976,0.9285714285714286,0.8592808430744245,621.4538461538461,549.0,80789.0,1262.0,304.0,246.8436127817346,0.3972034517276547,3.1026764413271346,0.7901278565204538,-0.2998404368023246,157.40025210472254,59.74045181274414,20462.03277361393,1251.0,0.0,251.1655266486676,1.5957123529990318,2.080568224515347,2.4275665284911154,6.0387653410169655,1,3,0.0076923076923076,0.1461538461538461,1,7,0.5461538461538461,0.2076923076923077,19,INT,SYBR,5.0,0.54,14.1,False,9
260325,260325/5S-488-09,5S-488-09,3,82,0.2303385988799678,1.7913487920342666,541.5498248295032,708.8323938702835,418.47415023311225,1.693849891266704,0.9318181818181818,0.8071319475125225,553.6463414634146,529.0,45399.0,878.0,312.0,160.8937516109234,0.2906074502102628,3.255799258686749,0.4091235998050173,-0.9058382055090596,127.78696450154956,75.2547836303711,10478.531089127064,678.256103515625,0.0,155.1204332105164,1.2138987244558532,2.523326304627024,1.755583215753996,2.8344214993972523,1,2,0.0,0.0609756097560975,1,3,0.4512195121951219,0.2560975609756097,19,INT,SYBR,5.0,0.54,14.1,False,9
260325,260325/5S-488-10,5S-488-10,1,102,0.2865187449482527,1.9283956513894096,603.9925466228896,679.2385009568293,537.8841057786537,1.262797122390422,0.918918918918919,0.6106600768406312,1914.1078431372548,1682.5,195239.0,3675.0,800.0,887.9073061386035,0.4638752771021034,3.114360851251828,0.4989506822119796,-1.00045197965558,624.1996872191336,218.61913299560547,63668.36809635162,3648.0,0.0,826.4569983722698,1.3240266140699477,2.3815522145923635,1.6404595470928605,2.0589184180672007,1,4,0.1568627450980392,0.1862745098039215,1,2,0.5588235294117647,0.2549019607843137,19,INT,SYBR,5.0,0.54,14.1,False,10
260325,260325/5S-488-10,5S-488-10,2,76,0.2134845550594824,1.8095355404539435,521.3606982616968,700.3926178478755,396.3406092823884,1.767148259462995,0.926829268292683,0.8244852281152543,1200.5263157894738,1131.0,91240.0,1898.0,799.0,292.34620908250594,0.2435150360617103,3.1775054140591905,0.3942324974170225,-0.9732145177410088,205.95290418675071,155.8011474609375,15652.420718193054,1256.4522705078125,0.0,219.5668348064503,1.0661021541476052,2.463384947673126,2.0416031959960685,6.268038436921481,1,1,0.0,0.0131578947368421,1,1,0.3815789473684211,0.1973684210526315,19,INT,SYBR,5.0,0.54,14.1,False,10
260325,260325/5S-488-11,5S-488-11,1,81,0.2275295915765536,1.7565354715538537,538.2375624133907,640.5378062258205,454.742138587482,1.4085736769753872,0.9101123595505618,0.7042641656883643,994.1111111111112,954.0,80523.0,1792.0,495.0,349.7122745915562,0.3517838908375998,3.202129765292683,0.4560391465753536,-0.7893108698893143,220.3021124910425,115.10457611083984,17844.471111774445,1327.08935546875,0.0,276.9984209991531,1.2573570805428198,2.496798416085721,2.040842795860456,4.490303045830063,1,2,0.0123456790123456,0.1111111111111111,1,3,0.4814814814814814,0.2098765432098765,19,INT,SYBR,5.0,0.54,14.1,False,11
260325,260325/5S-488-11,5S-488-11,2,78,0.2191025696663109,1.6543019326791233,528.1761600566973,579.4987819732673,483.939314823597,1.197461673855746,0.9629629629629628,0.5500984730934396,949.6410256410256,891.0,74072.0,1803.0,500.0,345.7840319283074,0.3641207810023757,3.1360744517668557,0.5939954371918914,-0.6092737746215433,217.5981979370117,99.60335922241212,16972.659439086914,1803.0,0.0,312.8990956673523,1.437967311466097,2.150968194961813,2.7718175524913864,9.46149097132606,1,1,0.0,0.1282051282051282,1,1,0.5256410256410257,0.2051282051282051,19,INT,SYBR,5.0,0.54,14.1,False,11
260325,260325/5S-488-12,5S-488-12,1,88,0.2471926427004533,1.87539558248932,561.0128767272698,657.2975749868305,482.3259781722088,1.3627662716357984,0.9072164948453608,0.6793638846872716,988.3409090909092,938.0,86974.0,1725.0,503.0,354.4104343954329,0.3585912827603432,3.214093434589223,0.4457911635333498,-0.9563845504801258,264.32669482684946,127.1363410949707,23260.749144762754,1661.0,0.0,341.3161238921766,1.2912661890459458,2.4455037328513862,1.9391388006052477,3.854988464677017,1,3,0.0,0.1022727272727272,1,3,0.5340909090909091,0.2386363636363636,19,INT,SYBR,5.0,0.54,14.1,False,12
260325,260325/5S-488-13,5S-488-13,1,106,0.2977547741619096,1.9155356782541224,615.7216522882974,696.0731108512687,544.9002258000995,1.2774322305137529,0.954954954954955,0.6222477265428793,1546.9528301886792,1452.0,163977.0,2865.0,722.0,621.5449473395647,0.4017866189648174,3.2619169941534065,0.4547897564339662,-1.0098659209544143,450.0262997600268,189.41570281982425,47702.78777456284,2865.0,0.0,599.9296655662835,1.333099123065011,2.3434860750842046,1.894259395546727,3.2982520789479546,1,3,0.0660377358490566,0.160377358490566,1,3,0.5188679245283019,0.2169811320754717,19,INT,SYBR,5.0,0.54,14.1,False,13
260325,260325/5S-488-13,5S-488-13,2,78,0.2191025696663109,1.628581986408549,528.1761600566973,557.4912288256508,501.5271540411086,1.11158732749285,0.9397590361445785,0.436685100918763,1363.1153846153843,1307.5,106323.0,2319.0,779.0,430.79705592843067,0.3160385839603622,3.099063973262092,0.3607788478367946,-1.1314443586054534,362.5000929282262,215.06307220458984,28275.00724840164,2078.357421875,0.0,424.2445422253544,1.1703294716378276,2.5035345430984672,1.9598426762571624,3.961095029630544,1,0,0.0,0.0641025641025641,1,1,0.3846153846153846,0.2307692307692307,19,INT,SYBR,5.0,0.54,14.1,False,13
260325,260325/5S-488-14,5S-488-14,1,134,0.3764069786575084,2.4220228435509514,692.2833597169762,748.3267778733436,650.633181693385,1.150151573772635,0.8993288590604027,0.4940198556076,636.6567164179105,593.0,85312.0,1338.0,281.0,261.8365186014884,0.4112679751101772,3.194393002430512,0.5034359318467889,-0.7293738415456672,103.74636449709313,46.59611892700195,13902.012842610478,1338.0,0.0,181.14826176820952,1.7460685263172293,1.7162629068976538,3.748285371000116,18.600239932457576,1,4,0.0970149253731343,0.1567164179104477,1,7,0.5447761194029851,0.1940298507462686,19,INT,SYBR,5.0,0.54,14.1,False,14
260325,260325/5S-488-14,5S-488-14,2,126,0.3539349202301945,2.378116148860701,671.3001837477544,775.1380572582532,594.2623288044663,1.3043701740570897,0.9,0.6420610274885146,466.6904761904762,445.5,58803.0,776.0,283.0,124.17803118334348,0.2660822054844358,3.2413474587607984,0.5869652573716552,-0.5429435461873937,49.5319438098915,21.61508846282959,6241.0249200463295,352.1141662597656,0.0,72.44744860070621,1.462640934883692,2.266097818262541,2.351692053186674,5.905859137432064,1,4,0.0,0.0555555555555555,2,9,0.5238095238095238,0.2142857142857142,19,INT,SYBR,5.0,0.54,14.1,False,14
260325,260325/5S-488-15,5S-488-15,1,145,0.4073060589950651,2.8240700474065425,720.1376126288294,928.2801078226936,577.309124477887,1.6079429000229666,0.8787878787878788,0.7830866356783389,424.8137931034483,390.0,61598.0,793.0,224.0,158.92206275609232,0.3740981703891909,3.235113985948521,0.6898674309669875,-0.593588383220164,89.27353971970493,38.88371658325195,12944.663259357214,682.6939697265625,0.0,128.16940828953304,1.435693136980462,2.1995372086330978,2.090041733468409,4.4233639711651325,1,5,0.0,0.1379310344827586,2,7,0.5241379310344828,0.2344827586206896,19,INT,SYBR,5.0,0.54,14.1,False,15
260325,260325/5S-488-15,5S-488-15,2,152,0.4269691101189648,2.8460233947516684,737.3153703699986,1023.7505330889204,553.693663297453,1.8489475335370515,0.8786127167630058,0.8411202010524886,458.7105263157895,435.0,69724.0,914.0,224.0,171.48037292663818,0.373831344800198,3.1816441541590144,0.5801324706152278,-0.5985921118480353,100.08136526926567,55.40925598144531,15212.367520928385,870.7860717773438,0.0,145.0211659825709,1.4490326505078757,2.1113176911285296,2.565109364492567,8.4023374763471,1,4,0.006578947368421,0.131578947368421,2,6,0.4736842105263157,0.2105263157894736,19,INT,SYBR,5.0,0.54,14.1,False,15
260325,260325/4D-BOD-405-01,4D-BOD-405-01,1,209,0.5870825264135766,2.8460233947516684,864.5789082858728,946.801740624065,792.0121534638449,1.195438398872103,0.95,0.5479467737347058,2412.5789473684213,2289.0,504229.0,4069.0,1224.0,784.5523005172846,0.3251923844287268,3.3391623462693687,0.2653072381807203,-1.139089484196379,441.7065142484373,215.4237518310547,92316.6614779234,3569.0,0.0,616.3950514296602,1.395485535182688,2.2369945457455627,2.243682035927024,5.869207477101838,1,4,0.0,0.0861244019138756,3,9,0.5023923444976076,0.2296650717703349,4,BOD,DAPI,,1.44,17.1,False,1
260325,260325/4D-BOD-405-02,4D-BOD-405-02,1,429,1.2050641331647098,4.3466518960149125,1238.6828925464777,1519.9344785030491,1013.7011027395308,1.4993911660897088,0.9470198675496688,0.7451137801099842,1765.2214452214453,1715.0,757280.0,3012.0,892.0,552.657974122746,0.3130813845587604,3.363412079270905,0.2467282819736633,-1.0343959822505953,262.32132430871326,88.02506256103516,112535.848128438,2967.0,0.0,407.3752242261911,1.5529626701135852,1.9134432859183543,2.614788395488924,9.616041404605458,2,5,0.0,0.0652680652680652,7,29,0.5617715617715617,0.2447552447552447,4,BOD,DAPI,,1.44,17.1,False,2
260325,260325/4D-BOD-405-03,4D-BOD-405-03,1,393,1.103939870241797,4.445441959067979,1185.5715490014345,1331.0828172282831,1066.770876987487,1.2477682377186754,0.8972602739726028,0.5980874020242405,1295.297709923664,1219.0,509052.0,2397.0,634.0,468.5884910001561,0.3617612286427739,3.3193655283086305,0.4377841603236831,-0.914768928331176,193.8835989688796,61.9684944152832,76196.25439476967,2230.0,0.0,306.37739164010185,1.5802130415852182,1.8949838673879744,2.5925042314245363,9.081768603992217,2,6,0.0127226463104325,0.1246819338422391,6,30,0.5623409669211196,0.2391857506361323,4,BOD,DAPI,,1.44,17.1,False,3
260325,260325/4D-BOD-405-03,4D-BOD-405-03,2,364,1.022478658442784,4.447325258530702,1140.9909121360745,1475.8810520967506,890.1717072991096,1.6579734448927332,0.91,0.7976308294419233,1211.8131868131868,1165.5,441100.0,2198.0,644.0,403.5384924229053,0.3330038794875029,3.308206846902716,0.3857984667963523,-0.9505436766399455,173.8766086926827,69.91543579101562,63291.085564136505,1841.693603515625,0.0,275.9160489847208,1.586849726706984,1.9728261076620237,2.6036689925670133,8.354272996916047,1,5,0.0,0.0879120879120879,5,27,0.5439560439560439,0.2225274725274725,4,BOD,DAPI,,1.44,17.1,False,3
260325,260325/4D-BOD-405-04,4D-BOD-405-04,1,344,0.9662985123744992,4.072558177304626,1109.2021808371874,1225.5401651502784,1011.5578883793312,1.2115373516722598,0.9124668435013262,0.5645518863747215,1547.5959302325582,1549.5,532373.0,2618.0,786.0,477.8082395717248,0.3087422435260115,3.342164186644449,0.1101367302917694,-1.080948556959089,316.1142935011276,127.839599609375,108743.3169643879,2508.0,0.0,479.5735779312102,1.5170891914430296,2.1698356825709006,2.226553460295122,5.316057603089583,1,4,0.0,0.0348837209302325,6,23,0.5436046511627907,0.2209302325581395,4,BOD,DAPI,,1.44,17.1,False,4
260325,260325/4D-BOD-405-05,4D-BOD-405-05,1,114,0.3202268325892236,2.2062559690251446,638.5338413411511,797.7606609723668,515.3911827199815,1.5478740958705928,0.9193548387096774,0.7632973118693671,1494.6842105263158,1387.5,170394.0,2782.0,767.0,560.656020863762,0.3750999822673854,3.1611794950848235,0.5532481232606064,-0.8822058720810078,371.8644714690091,144.4886932373047,42392.54974746704,2486.0,0.0,530.3010142867248,1.426059908847516,2.2802166571354627,2.113483107060585,4.582783128623452,1,3,0.0,0.1578947368421052,1,4,0.5701754385964912,0.2368421052631578,4,BOD,DAPI,,1.44,17.1,False,5
260325,260325/4D-BOD-405-06,4D-BOD-405-06,1,200,0.5618014606828484,2.948256933626398,845.7587339373915,1049.8482193970826,703.7484234996244,1.4917947725926848,0.9174311926605504,0.7420599765770374,1924.77,1879.0,384954.0,3488.0,964.0,619.0743025358922,0.321635469451359,3.286791549841015,0.3792244816756789,-0.7183881245629689,388.8948715874181,179.40657806396484,77778.9743174836,3488.0,0.0,609.8608144726611,1.5681893977755197,2.0674567363697096,2.5753646519030484,7.5330277660466365,2,4,0.0,0.08,2,9,0.535,0.195,4,BOD,DAPI,,1.44,17.1,False,6
260325,260325/4D-BOD-405-07,4D-BOD-405-07,1,122,0.3426988910165375,2.43111621776079,660.5586877629735,953.5670834643452,463.0207655762632,2.059447770722683,0.9104477611940298,0.8741994222663849,1869.155737704918,1758.5,228037.0,3357.0,951.0,669.5247484361273,0.3581963423006246,3.2487136429351544,0.4010659076424751,-1.0326868241762006,414.3266231192917,140.34468841552734,50547.84802055359,3357.0,0.0,587.7778025150894,1.4186339224111555,2.17860455120334,2.16818772951475,5.658495184780971,1,2,0.0,0.1557377049180328,1,5,0.5573770491803278,0.2459016393442623,4,BOD,DAPI,,1.44,17.1,False,7
260325,260325/4D-BOD-405-08,4D-BOD-405-08,1,263,0.7387689207979456,3.357837335332887,969.8607139075506,1234.7305061229206,764.1746315923707,1.6157700806555375,0.9392857142857144,0.7854698395499439,2352.5855513307984,2290.0,618730.0,3808.0,1198.0,709.3679097573364,0.3015269346341368,3.4014308534154347,0.1739527750144508,-1.1149294247726518,478.7230834883882,270.1459350585937,125904.1709574461,3646.0,0.0,638.0838689324336,1.3328871970885663,2.322989105752204,2.2982981567599428,6.399768755665395,1,4,0.0,0.053231939163498,3,17,0.4562737642585551,0.2281368821292775,4,BOD,DAPI,,1.44,17.1,False,8
260325,260325/4D-BOD-405-09,4D-BOD-405-09,1,209,0.5870825264135766,3.145837059732529,864.5789082858728,951.1393301697752,795.0248437538629,1.1963642867797537,0.9166666666666666,0.5489338327497578,1729.2822966507176,1697.0,361420.0,2885.0,897.0,556.698718513614,0.3219247196318558,3.325665012139474,0.267050745863405,-1.0465523694807954,344.3782532340602,131.66065979003906,71975.05492591858,2523.0,0.0,518.9974567480904,1.507056417976975,2.2086326673376067,2.185101440917811,4.843097034023863,1,4,0.0,0.0813397129186602,2,13,0.5550239234449761,0.2057416267942583,4,BOD,DAPI,,1.44,17.1,False,9
260325,260325/4D-BOD-405-10,4D-BOD-405-10,1,286,0.8033760887764733,3.644791027178461,1011.3803466178648,1125.9599314543586,939.557005439114,1.1983944826510309,0.907936507936508,0.5510840062352145,2749.653846153846,2810.0,786401.0,4095.0,1448.0,780.4921450783568,0.2838510549864637,3.402741141073739,-0.0605560875742661,-1.2681287171047149,329.98980928717793,129.48596954345703,94377.08545613287,2395.45703125,0.0,457.0685950952093,1.385099121947246,2.2306287393400663,1.8748898602084847,3.8647748484089313,2,3,0.0,0.0,5,20,0.5384615384615384,0.2657342657342657,4,BOD,DAPI,,1.44,17.1,False,10
260325,260325/4D-BOD-405-10,4D-BOD-405-10,2,338,0.949444468554014,4.417838713334679,1099.486354118609,1538.8426792716757,836.0527147921517,1.840604847092976,0.896551724137931,0.8395388449234156,2464.565088757397,2510.0,833023.0,3706.0,1440.0,583.5784296773743,0.2367875907759479,3.348776078297414,-0.0468507672667849,-1.1003544894017685,261.0955644323981,121.09334182739258,88250.30077815056,2602.222412109375,0.0,380.7896158286628,1.4584300451693637,2.022750647384318,2.530843372949183,8.606364170617523,3,6,0.0,0.0029585798816568,5,23,0.5177514792899408,0.2455621301775148,4,BOD,DAPI,,1.44,17.1,False,10
260325,260325/4D-BOD-405-10,4D-BOD-405-10,3,98,0.2752827157345957,2.308489507899875,592.031113756174,967.9566678891624,374.91081715508335,2.5818317946498817,0.9074074074074074,0.9219445453146904,2685.6632653061224,2817.0,263195.0,3619.0,1464.0,614.0415202032822,0.2286368243314715,3.2213052158592905,-0.5515282235144041,-0.9398847334530948,248.36834695266216,0.4327999949455261,24340.098001360893,1688.73828125,0.0,411.5083803642336,1.656847120066653,1.8866941701797724,1.8642580102738064,2.8639336815167526,1,2,0.0,0.0,1,3,0.6632653061224489,0.2142857142857142,4,BOD,DAPI,,1.44,17.1,False,10
260325,260325/4D-BOD-405-10,4D-BOD-405-10,4,240,0.6741617528194181,3.520604140958605,926.4822735690389,1403.4776274316926,620.0767499965746,2.2633934064443566,0.916030534351145,0.897106436164132,2689.570833333333,2658.0,645497.0,4095.0,1377.0,846.338955006095,0.3146743504640034,3.386597109765728,0.0481374814363111,-1.3945134972226052,473.1770611008008,206.687126159668,113562.4946641922,3620.0,0.0,624.5465014591396,1.319900208193086,2.2673608515255563,1.978042426279757,4.528687897728832,1,6,0.0,0.0208333333333333,6,16,0.5125,0.2166666666666666,4,BOD,DAPI,,1.44,17.1,False,10
260325,260325/4D-BOD-405-11,4D-BOD-405-11,1,68,0.1910124966321684,1.6724886810988,493.1578492234195,526.6460721280814,485.95055851743376,1.08374414412611,0.9066666666666666,0.3854540884634448,2241.426470588235,2165.0,152417.0,3409.0,1395.0,569.5538006423653,0.2541032722313183,3.16551533544563,0.2257703467864422,-1.0478652101095478,410.3879898576175,234.9242477416992,27906.383310317997,2532.623779296875,0.0,524.5264393633192,1.2781232695072329,2.306264752726239,1.8213205404814647,3.628648674607371,1,1,0.0,0.0147058823529411,1,1,0.4411764705882353,0.2205882352941176,4,BOD,DAPI,,1.44,17.1,False,11
260325,260325/4D-BOD-405-11,4D-BOD-405-11,2,56,0.1573044089911975,1.4548385071102683,447.5334558318364,575.8948083185036,357.4970986860208,1.6109076421464756,0.9655172413793104,0.7839942760123478,2447.4464285714284,2558.0,137057.0,3435.0,1398.0,591.910463734104,0.2418481797289436,3.251386952609004,-0.3195301403168533,-1.110480539180779,335.27756360173225,130.2696075439453,18775.543561697006,2434.348876953125,0.0,471.2033159201469,1.4054126105493816,2.086169836386977,2.1537794556807213,6.1629500156408366,0,0,0.0,0.0,0,0,0.5535714285714286,0.25,4,BOD,DAPI,,1.44,17.1,False,11
260325,260325/4D-BOD-405-11,4D-BOD-405-11,3,90,0.2528106573072818,1.871628983563871,567.3522064944498,657.5170893585222,504.8873271928816,1.3023046013340152,0.9375,0.6406062839294281,2766.411111111111,2825.5,248977.0,3980.0,1406.0,729.5796834355365,0.2637278604417206,3.243421226606765,-0.1514704936121803,-1.1362465888520654,584.1255140516494,246.715934753418,52571.29626464844,3927.0,0.0,828.4628221447979,1.4182959008216576,2.246817055517111,1.936697054229428,3.754593273300816,1,2,0.0,0.0,1,2,0.5222222222222223,0.2444444444444444,4,BOD,DAPI,,1.44,17.1,False,11
260325,260325/4D-BOD-405-11,4D-BOD-405-11,4,165,0.46348620506335,2.9959302272420985,768.1985190859768,1184.2025969577874,504.3784581795327,2.347845308921327,0.8823529411764706,0.9047596786388686,2690.3515151515157,2698.0,443908.0,4076.0,1394.0,803.298078245513,0.2985848034063582,3.3645164891222183,0.0551840172775589,-1.2739908391947583,576.1000222177216,268.71514892578125,95056.50366592409,3620.23046875,0.0,772.451758137511,1.3408292455256727,2.354042433428064,1.726382671286529,2.791813631508571,2,3,0.0,0.0242424242424242,3,12,0.5151515151515151,0.2727272727272727,4,BOD,DAPI,,1.44,17.1,False,11
260325,260325/4D-BOD-405-11,4D-BOD-405-11,5,100,0.2809007303414242,1.9723023460796607,598.0417360148784,765.533171409177,467.8713518980483,1.6362044145331447,0.9523809523809524,0.7914989089765221,2384.67,2192.5,238467.0,4030.0,1338.0,773.4189223143816,0.3243295392294873,3.217709629781938,0.467753921262502,-0.9527319644837348,628.7228182113171,381.92457580566406,62872.281821131706,3370.71875,0.0,767.5579440237194,1.2208208797119546,2.469036622707148,1.7356331806591896,2.825762146098468,1,2,0.0,0.08,1,2,0.46,0.25,4,BOD,DAPI,,1.44,17.1,False,11
260325,260325/4D-BOD-405-12,4D-BOD-405-12,1,358,1.005624614622299,4.46174540802493,1131.5480663657947,1476.2475962870762,900.3932645582731,1.6395586844058785,0.8839506172839506,0.7924628195669183,1968.77374301676,1881.5,704821.0,3619.0,1066.0,667.3186335989844,0.3389514086958766,3.2640688135025373,0.4350061230469235,-0.9499834740674582,276.80865619102667,76.44820022583008,99097.49891638756,3094.246826171875,0.0,453.9434222868895,1.639917727043989,1.869409123572315,2.4108586594838752,6.827789056992465,1,6,0.0,0.1033519553072625,6,25,0.5810055865921788,0.2262569832402234,4,BOD,DAPI,,1.44,17.1,False,12
260325,260325/4D-BOD-405-12,4D-BOD-405-12,2,247,0.6938248039433178,3.458187574744893,939.8963652971286,1139.0378035317904,820.4878978572046,1.388244490267942,0.9182156133828996,0.6936271505781112,2085.6963562753035,2027.0,515167.0,3398.0,1066.0,699.8406038808607,0.3355428999888825,3.3940185650169337,0.2077004094088101,-1.237471021022695,306.85576048746765,117.77703857421876,75793.37284040451,3394.0,0.0,480.2320866546229,1.5650091948468934,1.9337991018577376,2.7825223928938696,10.788445537548077,1,4,0.0,0.0931174089068826,2,14,0.5465587044534413,0.2388663967611336,4,BOD,DAPI,,1.44,17.1,False,12
260325,260325/4D-BOD-405-14,4D-BOD-405-14,1,244,0.6853977820330751,3.114790338177565,934.1710549777716,1027.9647815820356,851.4817270109858,1.2072658155455318,0.942084942084942,0.5602582429882815,3110.733606557377,3146.5,759019.0,4095.0,1784.0,804.2113067234484,0.2585278614112709,3.135134654185554,-0.1536480317028581,-1.4487252240232988,532.0911328196526,288.4718933105469,129830.23640799522,3103.816650390625,0.0,628.7385515952145,1.181636965576571,2.5039228036552807,1.4059396959726698,1.6600662898818062,7,4,0.0,0.0,4,12,0.4795081967213114,0.2745901639344262,4,BOD,DAPI,,1.44,17.1,False,14
260325,260325/4D-BOD-405-14,4D-BOD-405-14,2,206,0.5786555045033339,2.8021167000614176,858.3513680960267,958.9663379532312,770.0927642518753,1.2452608081376295,0.944954128440367,0.5959188942963991,3435.883495145631,3876.5,707792.0,4095.0,1750.0,798.5921795805644,0.2324270251621892,2.429309267028096,-0.8112544584361311,-0.8868747981451861,811.1476249259363,453.9325256347656,167096.41073474288,3763.793212890625,0.0,927.3197301000488,1.1432194357774517,2.674013854753309,1.1610014686527628,0.5557947160875876,12,2,0.0,0.0,5,5,0.4757281553398058,0.2864077669902912,4,BOD,DAPI,,1.44,17.1,False,14
260325,260325/4D-BOD-405-14,4D-BOD-405-14,3,187,0.5252843657384633,2.864210143171345,817.8097741463719,1062.4702300917984,654.8870077074699,1.6223718253491308,0.9257425742574258,0.7874476685490297,3485.4171122994653,4044.0,651773.0,4095.0,1812.0,763.6649235132642,0.2191028789117996,2.314254648569268,-0.8202786610364519,-0.8809954027719176,691.7874780294092,241.5592498779297,129364.25839149952,3694.643798828125,0.0,921.7277337196174,1.332385686345761,2.45348684981386,1.4696770925919824,1.2719191453946692,8,2,0.0,0.0,4,7,0.5614973262032086,0.2406417112299465,4,BOD,DAPI,,1.44,17.1,False,14
260325,260325/4D-BOD-405-14,4D-BOD-405-14,4,172,0.4831492561872496,2.7033266370083515,784.3243837768823,932.0220865160178,697.3545239472254,1.3365111353125052,0.9398907103825136,0.6634543806290437,3445.9127906976746,3936.0,592697.0,4095.0,1807.0,780.0421254626317,0.2263673438191397,2.388650370194098,-0.7488943733681356,-1.0160963707258603,682.0680730588258,263.4613494873047,117315.70856611805,3988.0,0.0,889.5852516725636,1.3042470199244176,2.429422901529561,1.4799806705271956,1.5469019646366426,8,2,0.0,0.0,3,5,0.5465116279069767,0.2674418604651162,4,BOD,DAPI,,1.44,17.1,False,14
260325,260325/4D-BOD-405-14,4D-BOD-405-14,5,53,0.1488773870809548,1.5134884743985313,435.3809556564406,531.2396625185761,373.6435704139549,1.4217818921118393,0.8833333333333333,0.7108508718924909,2163.4150943396226,2146.0,114661.0,2647.0,1736.0,273.7088876021288,0.1265170462747824,3.162390457112507,0.0970399622047925,-1.1609347515441488,516.5969909272104,370.7191162109375,27379.64051914215,1841.2288818359373,0.0,464.0746081024316,0.8983300643495632,2.87846813943681,0.991148671058688,0.4300786675336376,1,0,0.0,0.0,1,1,0.3584905660377358,0.2452830188679245,4,BOD,DAPI,,1.44,17.1,False,14
260325,260325/19S-BOD-488-01,19S-BOD-488-01,1,199,0.5589924533794342,3.154930433942367,843.6416874782933,1140.6062873818605,648.457349531495,1.7589534426681088,0.8766519823788547,0.8226695242578059,1130.2713567839196,1084.0,224924.0,2062.0,576.0,378.58077175297626,0.3349467979354905,3.2606949572955477,0.4322224467304158,-0.7813845906479702,236.45698244008585,114.61378479003906,47054.93950557709,1849.0,0.0,338.35168499189365,1.430922789846674,2.2010718659365494,2.263572645005112,6.070720897553319,1,6,0.0,0.0954773869346733,2,11,0.5125628140703518,0.2512562814070351,19,BOD,SYBR,,0.54,14.1,False,1
260325,260325/19S-BOD-488-02,19S-BOD-488-02,1,232,0.6516896943921042,3.3029539669700734,910.910033865255,1020.121512785855,834.6423929039394,1.22222585559857,0.9206349206349206,0.5749630357171593,644.7155172413793,605.0,149574.0,1173.0,319.0,226.292356051908,0.3509956717346775,3.340273903135246,0.4822099435017749,-0.8616772612626931,114.05352045621338,52.6143684387207,26460.416745841503,1070.32421875,0.0,171.0873859555569,1.5000622976932971,2.0980031292580343,2.612445090771911,8.392472201660789,1,4,0.0086206896551724,0.1163793103448275,3,14,0.5258620689655172,0.2370689655172413,19,BOD,SYBR,,0.54,14.1,False,2
260325,260325/19S-BOD-488-02,19S-BOD-488-02,2,133,0.3735979713540942,2.418256244625503,689.6953754817175,842.4773335064175,575.2265122700802,1.4646010146188424,0.9172413793103448,0.730624208040924,563.7443609022556,521.0,74978.0,1023.0,321.0,185.15904932653208,0.3284450580227369,3.1620729345380854,0.5914866857594573,-0.728596052005805,107.85023266627782,43.07441329956055,14344.08094461495,1023.0,0.0,170.7203502193649,1.582939099887033,1.928947560018842,2.771625305703318,9.13180625030206,1,2,0.0,0.112781954887218,1,6,0.5263157894736842,0.2105263157894736,19,BOD,SYBR,,0.54,14.1,False,2
260325,260325/19S-BOD-488-03,19S-BOD-488-03,1,199,0.5589924533794342,2.9959302272420985,843.6416874782933,908.7276333373704,792.2721075336292,1.1469893041751418,0.9170506912442395,0.4897770593765257,931.9396984924624,877.0,185456.0,1721.0,474.0,325.83999664876967,0.3496363521973145,3.2828379947081925,0.420535909183639,-0.9045887550270008,189.6747803526308,71.0676040649414,37745.28129017353,1721.0,0.0,281.13630391784085,1.4822018161569546,2.055057282632157,2.3646418069795687,7.093182759343225,1,4,0.0,0.1155778894472361,1,8,0.5527638190954773,0.2462311557788944,19,BOD,SYBR,,0.54,14.1,False,3
260325,260325/19S-BOD-488-05,19S-BOD-488-05,1,179,0.5028123073111493,2.599209798670897,800.125310965779,947.4479547045104,679.9264121428181,1.3934566120450984,0.9572192513368984,0.6964144165386971,659.0335195530727,618.0,117967.0,1332.0,271.0,294.62516463155754,0.447056418058006,3.266012314048849,0.4470476782164811,-0.9749482734638502,144.3590649139948,47.72091293334961,25840.272619605064,1332.0,0.0,235.10345329936,1.628601940857876,2.005860504020328,2.78770253809893,9.108410758747391,1,4,0.1508379888268156,0.1899441340782122,2,6,0.5865921787709497,0.2346368715083799,19,BOD,SYBR,,0.54,14.1,False,5
260325,260325/19S-BOD-488-05,19S-BOD-488-05,2,191,0.5365203949521202,3.348743961123049,826.5101229930382,1312.3247291711962,529.7594089197811,2.4772089123383845,0.90521327014218,0.9149001900660204,502.1623036649215,465.0,95913.0,926.0,270.0,165.43177904766583,0.3294388643677517,3.240948765826489,0.5287199999796489,-0.7578826076368577,93.40572329169792,46.270538330078125,17840.493148714304,750.4590454101562,0.0,131.2401282105842,1.4050544611782807,2.2036697210201845,2.168230621430648,5.50772834829356,1,4,0.0,0.0890052356020942,1,13,0.5078534031413613,0.2408376963350785,19,BOD,SYBR,,0.54,14.1,False,5
260325,260325/19S-BOD-488-05,19S-BOD-488-05,3,96,0.2696647011277672,2.354279502052851,585.9588392498761,903.808093460076,390.5647299731461,2.314105765572377,0.8347826086956521,0.9018101896324474,445.8333333333333,436.5,42800.0,709.0,280.0,118.83749777403166,0.2665513968763327,3.1874878141182656,0.5081225923339847,-0.8132325727398255,94.6653378456831,52.74694442749024,9087.872433185576,643.761962890625,0.0,121.6078861254623,1.2846083782397637,2.370526868262273,1.9493508866501852,4.39753443542459,1,2,0.0,0.0416666666666666,1,3,0.46875,0.2291666666666666,19,BOD,SYBR,,0.54,14.1,False,5
260325,260325/19S-BOD-488-05,19S-BOD-488-05,4,35,0.0983152556194984,1.2795348514530474,353.806262388742,449.05404566513016,300.0476798603319,1.496608958530053,0.8333333333333334,0.7440021603346304,340.1714285714286,339.0,11906.0,444.0,272.0,42.83105368379192,0.1259102031692186,3.025488780394467,0.2898990977047459,-0.2704504866702928,57.51101873942784,43.73168182373047,2012.8856558799744,294.1135559082031,0.0,64.28362736602715,1.1177619311054945,2.4410711420171083,2.010678541063502,4.772437464824119,1,0,0.0,0.0,1,1,0.4285714285714285,0.2571428571428571,19,BOD,SYBR,,0.54,14.1,False,5
260325,260325/19S-BOD-488-06,19S-BOD-488-06,1,210,0.5898915337169909,3.3139306406426363,866.6448106536773,1050.478132702537,731.4412766782655,1.4361756250250617,0.875,0.7177570075805104,482.1142857142857,469.5,101244.0,918.0,269.0,148.9390751962048,0.3089289813836179,3.1909627399712006,0.4326294900620913,-0.7348876982117485,71.89212360155015,32.67128562927246,15097.345956325533,908.722900390625,0.0,121.40880376418096,1.6887636319810022,1.8265826735183,3.2476978283544438,13.82681300145866,2,5,0.0,0.0666666666666666,2,12,0.5190476190476191,0.1904761904761904,19,BOD,SYBR,,0.54,14.1,False,6
260325,260325/19S-BOD-488-06,19S-BOD-488-06,2,281,0.789331052259402,4.112698273069429,1002.5006282412436,1440.822489828412,717.6682414698905,2.0076442101957794,0.8949044585987261,0.8671217629335817,538.526690391459,506.0,151326.0,1053.0,269.0,184.8313715044653,0.3432167333621106,3.2389448587009086,0.5147007546529565,-0.5842350993780814,82.14865203047987,32.136844635009766,23083.77122056484,1006.0,0.0,132.2845529751885,1.6103070434571043,1.857129543133912,3.072734593319404,13.52944824507052,3,4,0.0035587188612099,0.1103202846975089,3,18,0.5409252669039146,0.2064056939501779,19,BOD,SYBR,,0.54,14.1,False,6
260325,260325/19S-BOD-488-08,19S-BOD-488-08,1,188,0.5280933730418775,2.8021167000614176,819.9935157484457,1000.7827251524308,676.8941111987034,1.4784922908845477,0.9261083743842364,0.736566892966738,539.4734042553191,496.0,101421.0,988.0,258.0,203.9790917646196,0.3781077809501828,3.291384330643752,0.4438047004659547,-1.0254733091965775,88.78809352758083,39.32677459716797,16692.161583185196,978.0,0.0,136.2240264317986,1.5342600682092855,1.932873253863877,2.8211662241960127,10.972694732763248,1,4,0.0372340425531914,0.1382978723404255,2,9,0.5319148936170213,0.1968085106382978,19,BOD,SYBR,,0.54,14.1,False,8
260325,260325/19S-BOD-488-08,19S-BOD-488-08,2,230,0.6460716797852757,3.7856044854590527,906.9751989090364,1436.2585586761866,580.9065886717079,2.472443223548752,0.8812260536398467,0.9145564736241512,422.2347826086957,410.5,97114.0,727.0,255.0,118.88902244635322,0.2815708874380753,3.2647720894005454,0.5668872062648079,-0.6359382349915235,58.46994758481565,22.097755432128903,13448.0879445076,463.3741149902344,0.0,85.49958821339787,1.4622826211597575,2.17150370274581,2.058847772230527,4.546000053234058,1,5,0.0,0.0652173913043478,4,16,0.5478260869565217,0.2130434782608695,19,BOD,SYBR,,0.54,14.1,False,8
260325,260325/19S-BOD-488-08,19S-BOD-488-08,3,117,0.3286538544994663,2.334209454170449,646.8810432207431,769.672791725191,575.6671809600342,1.3370100245103702,0.8666666666666667,0.6637691041335272,504.64957264957263,493.0,59044.0,780.0,254.0,139.8948691622364,0.2772119045454518,3.277917625756656,0.0610480745750987,-1.138247857839387,77.94124795432784,39.450645446777344,9119.126010656357,605.8108520507812,0.0,106.92764025222397,1.371900541224098,2.197958582068212,2.153538944960895,5.963257825445961,1,3,0.0,0.0085470085470085,2,8,0.4957264957264957,0.2393162393162393,19,BOD,SYBR,,0.54,14.1,False,8
260325,260325/19S-BOD-488-08,19S-BOD-488-08,4,92,0.2584286719141103,1.9412556245246968,573.6214819673636,629.506387642235,534.6976810578483,1.177312731928848,0.8846153846153846,0.527762497171581,502.89130434782606,503.0,46266.0,804.0,254.0,160.55449634682012,0.3192628207302868,3.2845748474058354,0.0985453562826559,-1.1811992183456697,84.5112930993023,36.14027214050293,7775.038965135813,523.3530883789062,0.0,119.0980631402616,1.4092561925459974,2.1709180826009677,1.8203435248256772,3.0036211340617864,1,2,0.0,0.0652173913043478,1,4,0.532608695652174,0.2608695652173913,19,BOD,SYBR,,0.54,14.1,False,8
260325,260325/19S-BOD-488-09,19S-BOD-488-09,1,271,0.7612409792252596,3.931744719024034,984.5009486143316,1494.7650878010456,661.2602795606001,2.2604791698577444,0.8856209150326797,0.896825693737154,697.3837638376384,652.0,188991.0,1294.0,340.0,250.91567189411936,0.3597956891243833,3.283244476944758,0.4273706292349586,-0.9368125027685754,107.89696791735082,39.9350700378418,29240.078305602077,1193.0,0.0,164.83169085379882,1.527676764559872,1.924431440629382,2.63062520949004,9.715578073786729,1,5,0.025830258302583,0.1328413284132841,2,16,0.5461254612546126,0.2361623616236162,19,BOD,SYBR,,0.54,14.1,False,9
260325,260325/19S-BOD-488-09,19S-BOD-488-09,2,97,0.2724737084311815,2.063559211281828,589.0028017549823,708.3737246617422,524.7194710214676,1.3500046477839982,0.8738738738738738,0.6717938174005427,564.2680412371134,569.0,54734.0,847.0,346.0,138.0318136233997,0.244621001963492,3.2978602487382247,0.2474458661622578,-0.9960240359457252,65.12823922302304,35.35006332397461,6317.439204633236,526.9138793945312,0.0,90.85062964971704,1.3949498824712745,2.1687611253590062,2.5128184063312333,8.114626620175477,1,1,0.0,0.0103092783505154,1,5,0.4845360824742268,0.2474226804123711,19,BOD,SYBR,,0.54,14.1,False,9
260325,260325/19S-BOD-488-09,19S-BOD-488-09,3,190,0.533711387648706,3.352187436944714,824.3436445013756,1213.55197467687,588.6171050791226,2.0617001514316224,0.8444444444444444,0.8744938602196032,545.2052631578947,519.5,103589.0,912.0,340.0,147.70847512227002,0.2709226874787024,3.227478617622837,0.4987024676054064,-0.6662434000778625,66.90640943928769,26.59145450592041,12712.21779346466,644.8128662109375,0.0,103.32720268965188,1.5443543235332813,1.9841633656682225,2.440632718544018,7.5955501466254844,2,3,0.0,0.0421052631578947,3,11,0.5421052631578948,0.2526315789473684,19,BOD,SYBR,,0.54,14.1,False,9
260325,260325/19S-BOD-488-09,19S-BOD-488-09,4,73,0.2050575331492397,1.7875821931088174,510.9670832367321,680.2614254906211,405.6757832077446,1.6768598315425265,0.8690476190476191,0.8027224785591599,722.6301369863014,711.0,52752.0,1148.0,342.0,228.05716308571235,0.315593207940116,3.134190838067621,-0.0936372093251785,-1.2459110071156785,108.08184804981704,49.21766662597656,7889.974907636642,732.660400390625,0.0,164.26168075032967,1.51978971228007,1.925833595699968,2.0879266593204915,4.220738808305854,1,2,0.0410958904109589,0.0410958904109589,1,2,0.5205479452054794,0.1917808219178082,19,BOD,SYBR,,0.54,14.1,False,9
260325,260325/19S-BOD-488-09,19S-BOD-488-09,5,152,0.4269691101189648,2.5643964781904844,737.3153703699986,899.3707267698868,623.3841749867261,1.442723063653384,0.926829268292683,0.7208090246942968,710.9736842105264,679.5,108068.0,1210.0,342.0,245.29741232827132,0.3450161627299223,3.3265932402557934,0.3303820532420841,-1.0795080168272275,114.77661724780737,40.545087814331055,17446.045821666718,817.9361572265625,0.0,170.72321095524282,1.487438949229916,2.192879311807997,2.0213565572865733,3.9097409204984768,1,3,0.0328947368421052,0.0986842105263157,1,6,0.5460526315789473,0.25,19,BOD,SYBR,,0.54,14.1,False,9
260325,260325/19S-BOD-488-09,19S-BOD-488-09,6,51,0.1432593724741263,1.4567218065729928,427.08722550317714,605.9264828339739,306.2718532890637,1.978394280528586,0.8793103448275862,0.8628497933230974,587.5686274509804,592.0,29966.0,943.0,343.0,155.80426886346353,0.2651677805525141,3.090884482521551,0.1470631982463146,-0.8636502144508533,89.74722346137551,18.600980758666992,4577.108396530151,821.4141235351562,0.0,161.10855446157396,1.7951369217668356,1.754155008778435,2.8847053607155573,9.281599575174628,0,0,0.0,0.0196078431372549,0,0,0.5098039215686274,0.1568627450980392,19,BOD,SYBR,,0.54,14.1,False,9
260325,260325/19S-BOD-488-14,19S-BOD-488-14,1,230,0.6460716797852757,3.206047203379733,906.9751989090364,1186.682836380429,699.856691593387,1.69560833044072,0.9163346613545816,0.8075794153341298,642.2086956521739,611.0,147708.0,1048.0,350.0,198.08698612611343,0.3084464403350265,3.3662508127473982,0.2675581380248457,-1.130763503022646,117.6470248600711,55.34699821472168,27058.815717816356,893.1173095703125,0.0,167.9844817568165,1.4278685071434367,2.2626734917498257,2.2094212170745355,5.34580234773464,2,3,0.0,0.0652173913043478,2,14,0.508695652173913,0.2217391304347826,19,BOD,SYBR,,0.54,14.1,False,14
260325,260325/19S-BOD-488-14,19S-BOD-488-14,2,131,0.3679799567472657,2.2721160110605214,684.4900529595396,736.3822375603613,641.0590112434993,1.1486964922807308,0.9424460431654677,0.4920764766476077,701.6870229007634,661.0,91921.0,1309.0,346.0,252.36045904982407,0.3596481776256454,3.274509646755509,0.4723690805197424,-0.8224320598772836,182.30479295108157,98.91423797607422,23881.92787659168,1309.0,0.0,260.0710063204144,1.4265725113996324,2.275045550450204,2.191301018382249,5.093572021645,1,4,0.015267175572519,0.1297709923664122,1,5,0.4809160305343511,0.2213740458015267,19,BOD,SYBR,,0.54,14.1,False,14
260325,260325/19S-BOD-488-15,19S-BOD-488-15,1,131,0.3679799567472657,2.3652561757254134,684.4900529595396,792.5375977367542,600.6979729981183,1.319361198742112,0.903448275862069,0.6523213019333742,542.0992366412214,522.0,71015.0,874.0,304.0,162.55317969877436,0.2998587135188261,3.321854064218948,0.3503645313348795,-1.181631017942371,115.7457173371133,54.83188629150391,15162.688971161842,874.0,0.0,150.85202287359215,1.3033054383708258,2.2403874309210963,1.9067332733278608,4.6642861881262325,2,4,0.0,0.0687022900763358,3,6,0.5343511450381679,0.2595419847328244,19,BOD,SYBR,,0.54,14.1,False,15
260325,260325/19S-BOD-488-15,19S-BOD-488-15,2,127,0.3567439275336087,2.268349412135073,673.9588087412508,735.8514696843297,626.3280846461794,1.1748658374468732,0.927007299270073,0.5249046814862658,631.1102362204724,577.0,80151.0,1159.0,304.0,240.6875808201472,0.3813716954767712,3.2505291215997776,0.4915376729274903,-0.9961824221739156,164.62532545497098,86.14662170410156,20907.416332781315,1112.369384765625,0.0,214.44574311444305,1.3026291217453,2.360138955715457,1.99565198938125,4.199230205732229,1,4,0.0157480314960629,0.1417322834645669,1,3,0.4881889763779528,0.2047244094488189,19,BOD,SYBR,,0.54,14.1,False,15
260325,260325/19S-BOD-488-15,19S-BOD-488-15,3,137,0.3848340005677512,2.7089765353965247,699.9899054139959,921.264538304698,543.1885560420161,1.6960308313885712,0.9013157894736842,0.8076866844451708,552.7080291970802,519.0,75721.0,972.0,302.0,179.5429311508377,0.3248422705413923,3.234380091446136,0.4583501341689491,-0.8330742765667098,126.63070390585564,68.11626434326172,17348.406435102224,924.8674926757812,0.0,178.09292971196118,1.406396112623408,2.2308918218849527,2.1428687134391406,4.889937487688249,1,2,0.0,0.0948905109489051,1,7,0.4963503649635036,0.218978102189781,19,BOD,SYBR,,0.54,14.1,False,15
260325,260325/4S-BOD-488-01,4S-BOD-488-01,1,729,2.0477663241889825,6.3409075894396985,1614.712687240172,1910.1126955861744,1381.9641528191332,1.382172389703196,0.9067164179104478,0.6903256874886089,370.0315500685871,366.0,269753.0,665.0,190.0,103.3943047028418,0.2794202404732169,3.258367297597488,0.2810384313832547,-0.4928829753719825,51.35662514424853,12.310022354125977,37438.97973015718,507.8826599121094,0.0,84.57515812924052,1.646820792676486,1.9708590056634352,2.5002478396572223,7.099352541547606,5,9,0.0,0.0493827160493827,12,57,0.5733882030178327,0.2249657064471879,4,BOD,SYBR,,1.44,17.1,False,1
260325,260325/4S-BOD-488-01,4S-BOD-488-01,2,62,0.174158452811683,1.6323485853339976,470.8985338368847,518.7846091134551,436.5825989133746,1.188285127269561,0.8732394366197183,0.5401809956207139,308.6774193548387,308.5,19138.0,532.0,191.0,82.48711259373046,0.2672275567358809,3.015573135290805,0.5366688667840387,-0.4053515071987821,69.78636861808839,38.06501388549805,4326.75485432148,433.2162780761719,0.0,97.21902790045635,1.393094809567975,2.258415200207885,2.327305578932356,5.748731881097939,1,1,0.0,0.032258064516129,1,2,0.4516129032258064,0.2258064516129032,4,BOD,SYBR,,1.44,17.1,False,1
260325,260325/4S-BOD-488-02,4S-BOD-488-02,1,310,0.870792264058415,4.057814904706615,1052.9611321642587,1430.7470767397951,808.830708567184,1.7689079576050155,0.8806818181818182,0.8248713161499198,1350.8064516129032,1287.0,418750.0,2227.0,686.0,426.7052839032965,0.3158892848000523,3.374668788492076,0.1717442497452641,-1.1849937399598676,281.25587383777867,116.3126335144043,87189.32088971138,2165.0,0.0,397.5517086526496,1.4134876659747466,2.233921602455377,2.003130475894777,4.194971414579843,2,5,0.0,0.0580645161290322,3,21,0.5225806451612903,0.2258064516129032,4,BOD,SYBR,,1.44,17.1,False,2
260325,260325/4S-BOD-488-04,4S-BOD-488-04,1,429,1.2050641331647098,5.710233537923014,1238.6828925464777,1531.3828086909382,1086.531124126547,1.4094237842675732,0.844488188976378,0.7046955590241515,267.2074592074592,243.0,114632.0,620.0,106.0,122.13513788769818,0.4570798219853315,3.186437271643685,0.5207783234221389,-0.8329197753335214,35.55689805197271,8.812665939331055,15253.909264296291,553.6165771484375,0.0,66.57463320437819,1.872340863566545,1.5811794259758571,3.7739536253134696,20.00214209898022,2,8,0.1421911421911421,0.1911421911421911,4,33,0.5920745920745921,0.2004662004662004,4,BOD,SYBR,,1.44,17.1,False,4
260325,260325/4S-BOD-488-04,4S-BOD-488-04,2,272,0.7640499865286738,4.1656983419695175,986.315698446839,1201.9512460438984,848.9834644675484,1.4157534231808846,0.84472049689441,0.7078750385619781,171.9375,166.0,46767.0,367.0,107.0,44.02154527432543,0.256032251686371,2.909603603753162,1.0526442041594106,1.6192574816176035,18.374865269863648,6.584437131881714,4997.963353402913,284.6165771484375,0.0,30.861721688691624,1.6795617946275496,1.6195303918443102,3.694749501461718,22.180264896644232,3,3,0.0,0.0514705882352941,3,17,0.5514705882352942,0.2279411764705882,4,BOD,SYBR,,1.44,17.1,False,4
260325,260325/4S-BOD-488-08,4S-BOD-488-08,1,288,0.8089941033833017,4.222465009795057,1014.9104807248696,1082.2819183859,989.4234545707068,1.093851084069442,0.897196261682243,0.4052605605285481,207.62847222222223,202.5,59797.0,412.0,104.0,70.14880268057603,0.3378573368564626,3.2182271380656933,0.4592795091964458,-0.5950586127623967,35.58616606710065,9.89775848388672,10248.815827324986,356.37188720703125,0.0,58.82452418745534,1.6530166266446589,1.9499834565416416,2.558837934408935,7.457157816543305,2,5,0.0,0.0868055555555555,4,20,0.5833333333333334,0.2222222222222222,4,BOD,SYBR,,1.44,17.1,False,8
260325,260325/4S-BOD-488-08,4S-BOD-488-08,2,232,0.6516896943921042,3.549767563050844,910.910033865255,961.6229330586652,882.4731665579659,1.0896908478355418,0.8821292775665399,0.3972937944957241,218.55172413793105,211.5,50704.0,405.0,104.0,75.76265568876582,0.3466577808416233,3.2949455624994552,0.3948098448142786,-0.8292800613074172,34.69616355978209,13.613016605377195,8049.509945869446,373.0,0.0,54.18681214389137,1.561752268389171,1.945154656407674,2.833231695652941,10.43030342912352,1,5,0.0387931034482758,0.0948275862068965,3,17,0.5172413793103449,0.2241379310344827,4,BOD,SYBR,,1.44,17.1,False,8
260325,260325/4S-BOD-488-08,4S-BOD-488-08,3,188,0.5280933730418775,3.840487853821867,819.9935157484457,1150.115868246959,622.1470504414623,1.8486238380956097,0.8138528138528138,0.8410592986339256,173.7712765957447,169.0,32669.0,311.0,104.0,46.480929612185314,0.2674833869139195,3.169898091757985,0.443335453573689,-0.4710691396004889,25.17188581618223,11.582453727722168,4732.314533442259,244.19464111328125,0.0,37.43395180488895,1.4871333867573726,2.0333933422715877,2.6780581138584094,9.239022591809272,2,4,0.0,0.0372340425531914,3,12,0.5212765957446809,0.2340425531914893,4,BOD,SYBR,,1.44,17.1,False,8
260325,260325/4S-BOD-488-10,4S-BOD-488-10,1,330,0.9269724101267,3.9756514137142855,1086.3967642863154,1315.9005232283007,953.1901173906776,1.38052262525605,0.9141274238227148,0.6894184001322636,713.4121212121212,706.0,235426.0,1266.0,372.0,217.3791104595375,0.3047034161547466,3.2828937898054487,0.2756440425071956,-0.8005002885984052,112.1466021880959,54.81481742858887,37008.37872207165,1011.47900390625,0.0,157.50129012262997,1.4044232018591498,2.1369350141184484,2.2253920750225844,6.60107841027409,2,6,0.0,0.0575757575757575,5,26,0.503030303030303,0.2484848484848484,4,BOD,SYBR,,1.44,17.1,False,10
260325,260325/4S-BOD-488-10,4S-BOD-488-10,2,131,0.3679799567472657,2.4621629393157543,684.4900529595396,907.7210573133729,524.8720394972003,1.7294140076177835,0.8851351351351351,0.8158734213147083,708.1526717557252,677.0,92768.0,1361.0,372.0,265.6931565455056,0.375191914318097,3.1753849366833125,0.6186008785430588,-0.5892006152569822,171.22602133714517,80.98147583007812,22430.608795166016,1327.66357421875,0.0,257.9306745765469,1.5063754478571905,2.1564233223546347,2.5056754463384845,6.693360191367491,1,2,0.0,0.1221374045801526,2,6,0.5267175572519084,0.2061068702290076,4,BOD,SYBR,,1.44,17.1,False,10
260324,260324/9D-405-01,9D-405-01,1,193,0.5421384095589488,3.114790338177565,830.8261320940026,1159.4025785824088,606.8993015346269,1.9103705930303472,0.9061032863849764,0.8520510830414934,872.3937823834196,807.0,168372.0,1694.0,422.0,333.27386505366206,0.3820222837250658,3.257966818607083,0.5229120245853038,-0.8069709179759377,117.88082716007924,41.05337142944336,22750.99964189529,1005.9906616210938,0.0,192.76845781155717,1.6352825345361917,2.0578376396298976,2.4585089428984697,6.353342636737237,1,5,0.0362694300518134,0.160621761658031,2,13,0.5544041450777202,0.2020725388601036,13,INT,DAPI,9.0,2.11,16.0,False,1
260324,260324/9D-405-01,9D-405-01,2,92,0.2584286719141103,1.8534422351441944,573.6214819673636,669.4286760786565,494.4485454818235,1.3538894637182537,0.9484536082474226,0.6741299780841318,968.0652173913044,887.5,89062.0,2050.0,423.0,398.68006960187313,0.4118318295498903,3.1793578841987613,0.5910677340040402,-0.6690118334039457,188.48508426935777,86.71778869628906,17340.627752780914,2050.0,0.0,291.2036050270463,1.5449689621641196,1.8707472768145907,3.5670698649481216,18.13324374256403,1,2,0.0543478260869565,0.1739130434782608,1,2,0.5217391304347826,0.2065217391304347,13,INT,DAPI,9.0,2.11,16.0,False,1
260324,260324/9D-405-02,9D-405-02,1,179,0.5028123073111493,2.6613032417808253,800.125310965779,918.0703750566248,700.2573372512594,1.3110471339869898,0.93717277486911,0.6466945457270831,1863.1173184357544,1763.0,333498.0,3574.0,844.0,721.177815254491,0.387081268644951,3.2655507829753763,0.4325225138978036,-0.9323911963817402,386.2004164583856,177.54632568359375,69129.87454605103,3452.255615234375,0.0,569.7766439714808,1.4753392790110471,2.0956447167009653,2.5162584235796155,7.784351582698289,1,4,0.0558659217877094,0.1564245810055866,1,8,0.5251396648044693,0.1955307262569832,13,INT,DAPI,9.0,2.11,16.0,False,2
260324,260324/9D-405-02,9D-405-02,2,157,0.441014146636036,2.590116424461059,749.3441474280244,822.9143001346577,686.2992757593656,1.1990604233468445,0.923529411764706,0.5517851067557135,1785.8407643312105,1626.0,280377.0,3470.0,832.0,694.7772610198043,0.3890477106899256,3.237906400835887,0.4297619229546739,-0.9679175239927836,362.53374928596673,135.37918090820312,56917.798637896776,3470.0,0.0,546.1768437449296,1.5065544789158514,2.0128815907627864,2.571330811954693,8.17587976083517,1,4,0.0636942675159235,0.1528662420382165,1,6,0.5414012738853503,0.1910828025477707,13,INT,DAPI,9.0,2.11,16.0,False,2
260324,260324/9D-405-02,9D-405-02,3,194,0.544947416862363,3.1110237392521163,832.9757505176474,984.5425783893518,715.230360366719,1.376539130532083,0.9023255813953488,0.6872092253375444,1329.840206185567,1326.0,257989.0,1975.0,837.0,323.00145210850985,0.242887416552841,3.3513552128629893,0.2410670770009761,-1.1717838078382556,171.1882228484166,108.30266189575195,33210.51523259282,1187.908203125,0.0,218.76223449254405,1.2779046995905388,2.331695779979082,1.8512097652709167,3.981795312348608,1,4,0.0,0.0,3,10,0.4587628865979381,0.2525773195876288,13,INT,DAPI,9.0,2.11,16.0,False,2
260324,260324/9D-405-02,9D-405-02,4,130,0.3651709494438515,2.2721160110605214,681.8724905877906,914.6627415915603,513.2671911509666,1.7820401486027024,0.9629629629629628,0.827711019474935,1740.715384615385,1628.0,226293.0,3024.0,841.0,616.4444338880483,0.3541328119095432,3.336091175842806,0.3402665043995201,-1.0260186966928695,434.466453574254,200.4424591064453,56480.638964653015,2557.480712890625,0.0,551.1533486960693,1.2685751550248805,2.4982440038209908,1.7186939567847654,2.5939245235055246,1,2,0.0307692307692307,0.1,2,6,0.5153846153846153,0.2307692307692307,13,INT,DAPI,9.0,2.11,16.0,False,2
260324,260324/9D-405-03,9D-405-03,1,244,0.6853977820330751,3.370697308468174,934.1710549777716,1319.9401742225905,663.246080515359,1.990121333543296,0.9384615384615383,0.8645877135217915,2021.4180327868853,1911.0,493226.0,3648.0,695.0,875.4728795348559,0.4330983820936139,3.406970977730488,0.2046426643181116,-1.247960054204729,375.6951934602417,151.44254302978516,91669.62720429896,2503.968994140625,0.0,541.8063402595525,1.442143390947826,2.326766311736618,1.8670840324982776,2.9517285962638287,1,5,0.1557377049180328,0.1680327868852459,4,15,0.5450819672131147,0.2254098360655737,13,INT,DAPI,9.0,2.11,16.0,False,3
260324,260324/9D-405-03,9D-405-03,2,194,0.544947416862363,3.578930985143084,832.9757505176474,915.9403954544176,822.8654097289317,1.113110825446104,0.8326180257510729,0.4392126266337773,1137.2474226804125,1063.5,220626.0,2058.0,693.0,336.63016193734853,0.2960043304771224,3.163875011555845,0.6220350582364329,-0.5248376441558875,130.8771245946589,58.470123291015625,25390.16217136383,1089.927734375,0.0,200.12803404209612,1.529129209263384,2.1507646888984966,2.48338423893593,6.863382705016413,1,3,0.0,0.0721649484536082,2,12,0.5309278350515464,0.2268041237113402,13,INT,DAPI,9.0,2.11,16.0,False,3
260324,260324/9D-405-03,9D-405-03,3,164,0.4606771977599357,3.0160002751245,765.8671069746572,1164.4563073226109,517.5599541417687,2.249896457413407,0.8723404255319149,0.8957962682610631,1170.7865853658536,1180.5,192009.0,1858.0,693.0,281.2230031267984,0.2402000557931916,3.262210934513833,0.0504282182085053,-0.919362228057166,128.91673954521738,66.59146118164062,21142.34528541565,868.2902221679688,0.0,168.6578092065128,1.3082692736528316,2.34414317804922,1.6756537346271425,2.656442641060738,2,5,0.0,0.0060975609756097,2,12,0.4939024390243902,0.25,13,INT,DAPI,9.0,2.11,16.0,False,3
260324,260324/9D-405-03,9D-405-03,4,81,0.2275295915765536,1.7474420973440152,538.2375624133907,593.9351963542545,493.0498739019223,1.2046148428229804,0.9529411764705882,0.5575537236443472,1218.8271604938273,1186.0,98725.0,2038.0,702.0,353.115554391316,0.289717497145572,3.2026262768026186,0.3624919294201732,-0.7841682262226373,208.43903405062943,87.93460845947266,16883.561758100986,1395.62060546875,0.0,278.68630037579067,1.3370158888190695,2.302470216371224,2.097380621573789,5.185889733359705,1,2,0.0,0.0493827160493827,1,1,0.5308641975308642,0.2592592592592592,13,INT,DAPI,9.0,2.11,16.0,False,3
260324,260324/9D-405-03,9D-405-03,5,92,0.2584286719141103,1.994255693424786,573.6214819673636,752.2221749267459,445.4423389764687,1.688708299833356,0.92,0.8058141038837533,1092.8804347826087,1101.5,100545.0,1656.0,698.0,234.68172706793575,0.2147368729449509,3.2139938884250787,0.015055700974919,-0.9248118064356476,135.01397099702254,73.7067642211914,12421.285331726074,984.5510864257812,0.0,170.2040024346308,1.2606399262072243,2.232084228587296,1.988700369663092,5.980522691908748,1,3,0.0,0.0108695652173913,2,4,0.4565217391304347,0.2826086956521739,13,INT,DAPI,9.0,2.11,16.0,False,3
260324,260324/9D-405-03,9D-405-03,6,61,0.1713494455082687,1.4165817108081906,467.08552748888576,537.2904473072664,405.7701595324255,1.3241250858032378,0.9682539682539684,0.655476397418149,1245.1311475409836,1223.0,75953.0,2019.0,706.0,337.04645947850355,0.2706915332928089,3.1578044111788794,0.3518343646988943,-0.7047939845951618,233.59793150620385,138.74876403808594,14249.473821878431,1359.2000732421875,0.0,264.2864920964421,1.13137342609313,2.4289224668720637,1.91405529317596,4.671070185879638,1,0,0.0,0.0491803278688524,1,1,0.4590163934426229,0.2295081967213114,13,INT,DAPI,9.0,2.11,16.0,False,3
260324,260324/9D-405-03,9D-405-03,7,65,0.1825854747219257,1.747442097344015,482.156661999187,689.2150543515316,341.81980649385406,2.0163110541223825,0.9027777777777778,0.8683480961190304,1064.0,1011.0,69160.0,1959.0,692.0,264.6164086937921,0.2486996322310076,2.9627349778847374,0.7670394287891363,0.7312476047995489,199.16914889995869,144.73008728027344,12945.994678497314,1959.0,0.0,283.16936310243034,1.4217531413194138,1.9920233819470088,4.24936183735751,23.800450380138837,1,2,0.0,0.0307692307692307,1,1,0.3846153846153846,0.2307692307692307,13,INT,DAPI,9.0,2.11,16.0,False,3
260324,260324/9D-405-04,9D-405-04,1,219,0.6151725994477191,2.9959302272420985,885.0209491612956,957.2469448991984,821.951304552032,1.1646029875466932,0.9439655172413792,0.5125427368529897,1497.2328767123288,1484.0,327894.0,2376.0,793.0,428.28017025688285,0.2860477998568358,3.3462990850404544,0.0240567912793295,-1.178547572182285,180.10873834781995,69.91783142089844,39443.81369817257,1072.535400390625,0.0,247.35386197871105,1.3733584735962647,2.399496886653832,1.7742373349568148,2.745776414344771,1,4,0.0,0.0228310502283105,4,12,0.5205479452054794,0.2374429223744292,13,INT,DAPI,9.0,2.11,16.0,False,4
260324,260324/9D-405-04,9D-405-04,2,125,0.3511259129267802,2.3470694273057364,668.6309875556262,860.8430094627366,524.5798082613768,1.641014381235607,0.9191176470588236,0.7928789400036339,1698.792,1561.0,212349.0,3233.0,797.0,692.9846306539422,0.4079278867889313,3.248686141309417,0.5003956304928878,-0.9528401473851118,378.0131307678223,154.83819580078125,47251.64134597778,3233.0,0.0,557.4652680524616,1.474724613190381,2.1227795517526333,2.4491145470592546,6.732138807774355,1,4,0.08,0.168,1,6,0.56,0.208,13,INT,DAPI,9.0,2.11,16.0,False,4
260324,260324/9D-405-05,9D-405-05,1,164,0.4606771977599357,2.727163283816202,765.8671069746572,1018.795121145192,584.6370237654081,1.742611363515005,0.9060773480662984,0.8189594320604675,1671.560975609756,1643.0,274136.0,2976.0,838.0,544.3211474824292,0.3256364293165377,3.210710349799056,0.2419153633793748,-0.9923990818400824,307.49919435745335,148.35604858398438,50429.867874622345,2586.209228515625,0.0,429.2054743411794,1.3957938174050897,2.1558688464382616,2.485600599270352,8.377534015966322,1,5,0.0,0.048780487804878,2,8,0.5121951219512195,0.2317073170731707,13,INT,DAPI,9.0,2.11,16.0,False,5
260324,260324/9D-405-05,9D-405-05,2,130,0.3651709494438515,2.22820931637027,681.8724905877906,817.7863387773853,571.2676766673462,1.431529162560319,0.9420289855072465,0.7155576297860902,1916.992307692308,1804.0,249209.0,3422.0,843.0,743.0327702159497,0.3876034177259788,3.295565856086561,0.406351486308861,-1.0070466393867656,449.359624335399,198.90011596679688,58416.75116360188,3102.25,0.0,620.9527648402236,1.3818615007047197,2.297500181145531,2.014025732036428,4.055670423804423,1,3,0.0769230769230769,0.1461538461538461,2,4,0.5230769230769231,0.2230769230769231,13,INT,DAPI,9.0,2.11,16.0,False,5
260324,260324/9D-405-05,9D-405-05,3,140,0.3932610224779939,2.3652561757254134,707.612524777484,924.0364339375412,544.7888143584258,1.6961369425797383,0.9395973154362416,0.8077136102717047,1407.557142857143,1371.5,197058.0,2361.0,852.0,377.0405636523211,0.2678687437775932,3.215384967475615,0.373828957233096,-0.8886004912566419,232.47126664647035,126.04015350341795,32545.977330505848,2213.0,0.0,331.5645638214793,1.426260408886164,2.096662361005957,3.1042092918372544,12.89321538130444,1,2,0.0,0.0357142857142857,2,6,0.4857142857142857,0.2142857142857142,13,INT,DAPI,9.0,2.11,16.0,False,5
260324,260324/9D-405-06,9D-405-06,1,192,0.5393294022555345,2.855116768961507,828.670937459571,902.1180286749222,772.0742749355251,1.1684342529742453,0.9186602870813396,0.5172304171681772,1502.671875,1414.0,288513.0,2684.0,685.0,550.7000225230948,0.3664805548603848,3.276192498303512,0.3370398076865961,-1.053110592874491,154.31176606938243,64.31692886352539,29627.859085321423,1185.481689453125,0.0,224.9617150536054,1.457839027987386,2.192624578992993,2.2194773269781383,5.546061075890805,1,4,0.0520833333333333,0.125,2,9,0.5052083333333334,0.2291666666666666,13,INT,DAPI,9.0,2.11,16.0,False,6
260324,260324/9D-405-06,9D-405-06,2,184,0.5168573438282206,2.9758601793596973,811.2232794667995,857.1109202755396,776.1335573655499,1.1043343148115554,0.92,0.4242974147174748,1093.483695652174,1056.0,201201.0,1717.0,687.0,263.65725340619633,0.2411167669481768,3.3414818997621385,0.3238487911160696,-0.8698617161733608,75.50416148259588,33.31782245635986,13892.765712797642,577.8190307617188,0.0,111.15062077226966,1.472112511280461,2.2210016125808543,2.2715776091233093,5.367533571042118,1,4,0.0,0.0217391304347826,2,10,0.5108695652173914,0.217391304347826,13,INT,DAPI,9.0,2.11,16.0,False,6
260324,260324/9D-405-06,9D-405-06,3,193,0.5421384095589488,3.1329770865972417,830.8261320940026,1199.1586210269609,614.3382580284402,1.9519517226150795,0.8894009216589862,0.8588019368452494,1465.3316062176166,1310.0,282809.0,3189.0,680.0,629.0168038014518,0.4292658406687206,3.1692596489239757,0.7740250796325985,-0.3394356887246763,190.89041916129463,55.59712219238281,36841.850898129866,1895.83642578125,0.0,328.9320211926224,1.7231457850940557,1.905759429315056,2.732985175683507,8.334895707163387,1,6,0.0518134715025906,0.1502590673575129,2,9,0.5906735751295337,0.2020725388601036,13,INT,DAPI,9.0,2.11,16.0,False,6
260324,260324/9D-405-07,9D-405-07,1,456,1.2809073303568943,5.518303310205056,1277.067682682302,2151.5594896108323,772.4592466601628,2.7853372186473337,0.8976377952755905,0.9333287296028848,1743.2105263157894,1688.5,794904.0,3062.0,919.0,547.2765734881707,0.3139474924149404,3.3131654536245536,0.2813948410045002,-1.0844572701556128,150.85775817949488,54.117788314819336,68791.13772984967,2002.3843994140625,0.0,244.44419922002217,1.6203621356296138,1.7861892716204573,2.9659842167037107,12.50773075573774,4,8,0.0,0.0635964912280701,5,34,0.5592105263157895,0.2171052631578947,13,INT,DAPI,9.0,2.11,16.0,False,7
260324,260324/9D-405-07,9D-405-07,2,200,0.5618014606828484,2.696116562261238,845.7587339373915,943.8930379798564,759.0593661395453,1.243503578356915,0.9569377990430622,0.5943866106098896,2232.35,2070.5,446470.0,4050.0,922.0,941.6169496666346,0.4218052499234594,3.367068968634233,0.3668413484909388,-1.11129126940996,303.87886805176737,130.83338928222656,60775.77361035347,2669.367919921875,0.0,436.913360858066,1.4377879043028274,2.156844764555652,2.214599966740304,5.849660666042277,1,4,0.12,0.18,2,11,0.56,0.225,13,INT,DAPI,9.0,2.11,16.0,False,7
260324,260324/9D-405-07,9D-405-07,3,105,0.2949457668584954,2.2903027594801983,612.8104224933467,865.2583757607279,468.9036190628332,1.8452797986291145,0.8974358974358975,0.8404279898747694,1515.2095238095235,1519.0,159097.0,2335.0,914.0,363.5053881527992,0.2399043712706331,3.3153187061601845,0.1982557330210717,-0.827259516238728,156.03278596968875,93.352783203125,16383.442526817322,927.9163818359376,0.0,196.60278096904185,1.2600094252449885,2.405545068558524,1.7833655340493333,3.06665820678689,1,3,0.0,0.019047619047619,1,5,0.4666666666666667,0.2571428571428571,13,INT,DAPI,9.0,2.11,16.0,False,7
260324,260324/9D-405-07,9D-405-07,4,86,0.2415746280936248,1.8405822620089076,554.6010904185937,641.3984982730769,505.0268956845542,1.2700283960197285,0.945054945054945,0.6164628815839109,1579.453488372093,1597.0,135833.0,2565.0,924.0,436.1371790935601,0.276131701442552,3.2008547486350856,0.2377665947764309,-1.020272677351781,176.83360725156098,68.57830429077148,15207.690223634245,1320.034912109375,0.0,248.69912631862857,1.406401928819066,2.1895158612349657,2.081541286539987,5.1583361618987205,1,1,0.0,0.0465116279069767,2,2,0.5348837209302325,0.2441860465116279,13,INT,DAPI,9.0,2.11,16.0,False,7
260324,260324/9D-405-08,9D-405-08,1,228,0.6404536651784473,3.3396505869132107,903.023218458846,1166.2373170019948,708.1628478962932,1.646849055222937,0.912,0.7945335978196834,2290.9736842105262,2227.0,522342.0,4064.0,1111.0,812.4244562430315,0.3546197242867914,3.3506932173432897,0.3241127719631518,-0.911185807158835,325.68386889131443,142.1651840209961,74255.9221072197,2441.039306640625,0.0,480.66377182588303,1.4758599296371282,2.268062072751949,2.309563627704758,5.60750105061566,1,3,0.0219298245614035,0.1096491228070175,3,13,0.5263157894736842,0.2149122807017544,13,INT,DAPI,9.0,2.11,16.0,False,8
260324,260324/9D-405-08,9D-405-08,2,124,0.348316905623366,2.1623492743348938,665.9510930537281,824.672164209058,539.7739330776844,1.527810280698329,0.953846153846154,0.7560347060345242,2425.733870967742,2262.0,300791.0,4095.0,1124.0,948.3188728993476,0.3909410196432709,3.297773653227201,0.3822723017837377,-1.179386522920866,567.121696364495,292.3129272460937,70323.09034919739,3202.140869140625,0.0,691.9061671454554,1.2200312059666996,2.4605108559423194,1.440718009042519,1.2988216414361269,1,2,0.0483870967741935,0.1774193548387097,2,3,0.4919354838709677,0.2338709677419354,13,INT,DAPI,9.0,2.11,16.0,False,8
260324,260324/9D-405-08,9D-405-08,3,75,0.2106755477560681,1.597535264853585,517.9193359122318,571.7420599899555,471.3346352643681,1.2130278940126469,0.9615384615384616,0.5660318813995163,1903.0,1801.0,142725.0,3377.0,1145.0,579.7092234765493,0.3046291242651336,3.0883666927582536,0.4953853045749133,-0.7140125390351075,400.29556390126544,252.4000244140625,30022.16729259491,3377.0,0.0,546.864329941927,1.3661513622889243,2.152539016772425,2.995260048101037,11.941974162671276,1,1,0.0,0.0666666666666666,1,1,0.44,0.1866666666666666,13,INT,DAPI,9.0,2.11,16.0,False,8
260324,260324/9D-405-08,9D-405-08,4,81,0.2275295915765536,1.8004421662441046,538.2375624133907,659.646453091826,443.74144773808,1.4865558681847195,0.9204545454545454,0.7399190903043672,1535.9012345679012,1521.0,124408.0,2052.0,1134.0,242.90695775019867,0.1581527199035921,3.20276330114094,0.2668169259710043,-0.8296559687779319,202.87317360772028,149.7978515625,16432.72706222534,937.0463256835938,0.0,224.43398560186583,1.1062772943841062,2.641735780749313,1.5663078144297915,2.059700429077398,1,1,0.0,0.0,2,2,0.3703703703703703,0.2222222222222222,13,INT,DAPI,9.0,2.11,16.0,False,8
260324,260324/9D-405-09,9D-405-09,1,213,0.5983185556272336,2.78925672692613,872.8131789641005,966.773198857807,791.0274594227243,1.2221740058977706,0.9594594594594594,0.5749136389846768,2212.6431924882627,2173.0,471293.0,4095.0,1000.0,851.5920575400123,0.3848754559393469,3.3064798147949768,0.2865261002024168,-1.0836317219367664,391.8005008484836,193.52554321289065,83453.506680727,3219.47265625,0.0,567.8810016853887,1.4494136695986477,2.1931406412025334,2.2441497777937696,5.7852517988717125,1,4,0.1032863849765258,0.136150234741784,3,9,0.5023474178403756,0.2112676056338028,13,INT,DAPI,9.0,2.11,16.0,False,9
260324,260324/9D-405-09,9D-405-09,2,180,0.5056213146145636,2.7180699096063634,802.3571850667515,862.9734907009498,751.746700802824,1.1479578025142536,0.9183673469387756,0.4910841130827407,1956.9944444444443,1853.0,352259.0,3295.0,1029.0,637.1656555360323,0.3255837835129431,3.2739758126486533,0.2905334963736953,-1.0768170666293286,299.3557043340471,161.558837890625,53884.02678012848,2301.349365234375,0.0,404.6695373043461,1.3518016575116962,2.2901616958146347,2.362830445881231,6.880406488523672,1,4,0.0,0.0888888888888888,2,8,0.4777777777777778,0.2,13,INT,DAPI,9.0,2.11,16.0,False,9
260324,260324/9D-405-09,9D-405-09,3,173,0.4859582634906639,2.9081168378615967,786.6010921471843,1100.320675178796,579.7926512597844,1.8977830657011576,0.8963730569948186,0.849908304368999,1683.878612716763,1731.0,291311.0,2437.0,1001.0,382.94066006752007,0.2274158345949208,3.347933467950769,-0.1241236181398732,-1.125671848709092,218.67545562259036,112.5984115600586,37830.85382270813,1800.4208984375,0.0,306.39617051953104,1.401145682523863,2.185029307266037,2.175720948824724,5.6944540300003,2,3,0.0,0.0,4,10,0.4971098265895953,0.2196531791907514,13,INT,DAPI,9.0,2.11,16.0,False,9
260324,260324/9D-405-09,9D-405-09,4,150,0.4213510955121363,2.652209867570986,732.4485490623451,1096.6365819701982,491.8638791395937,2.229552989108531,0.925925925925926,0.893772594220018,2080.16,1982.5,312024.0,3626.0,1003.0,701.8739162858355,0.3374134279506555,3.3443854612054915,0.303753249750652,-1.0562465354448691,479.7847414207458,247.99549865722656,71967.71121311188,2903.90234375,0.0,647.6851868448877,1.3499495313814118,2.405792000160533,1.9719251431279867,3.7824637610799456,1,2,0.0066666666666666,0.0866666666666666,1,6,0.4866666666666667,0.2,13,INT,DAPI,9.0,2.11,16.0,False,9
260324,260324/9D-405-09,9D-405-09,5,74,0.2078665404526539,1.765628845763692,514.4549536466826,626.7774775777724,450.9878124029878,1.3897880615401306,0.9135802469135802,0.6944570379188764,1604.891891891892,1604.5,118762.0,2563.0,1014.0,379.74788202959184,0.2366189797257523,3.1715200618776747,0.2742376191222925,-0.7392883809965403,257.628280903842,162.052734375,19064.492786884308,2089.761962890625,0.0,353.6237634342498,1.3726123630279452,2.1540982913920743,2.6356466504683183,9.773372807457212,1,1,0.0,0.027027027027027,1,1,0.4729729729729729,0.2297297297297297,13,INT,DAPI,9.0,2.11,16.0,False,9
260324,260324/9D-405-10,9D-405-10,1,288,0.8089941033833017,3.6758377487334246,1014.9104807248696,1404.7208539912835,744.5344992085674,1.8867102269733476,0.9381107491856676,0.8479832046224035,1988.111111111111,1864.5,572576.0,3709.0,956.0,749.676349317682,0.3770797040104587,3.311619939584448,0.4718866717387769,-0.902791913952906,311.77960391011504,142.69719696044922,89792.52592611313,3209.38623046875,0.0,482.63280684617575,1.5479935210428877,1.9995878782423215,2.617035528674343,8.264971957115847,1,3,0.0277777777777777,0.125,2,18,0.53125,0.2083333333333333,13,INT,DAPI,9.0,2.11,16.0,False,10
260324,260324/9D-405-10,9D-405-10,2,221,0.6207906140545475,3.0269769487970626,889.052956136289,1058.1470104328512,749.4291169401885,1.4119374154464583,0.9324894514767932,0.7059650324798713,1649.212669683258,1678.0,364476.0,2589.0,957.0,404.43117744963104,0.24522681936909,3.257704298597288,-0.0291587618033026,-1.164946192952651,228.7865261626999,109.1663055419922,50561.82228195667,2232.6015625,0.0,332.9862443949877,1.4554451696958193,2.080634593753414,2.603638741189037,9.214528638941692,1,3,0.0,0.0090497737556561,2,13,0.5067873303167421,0.2398190045248869,13,INT,DAPI,9.0,2.11,16.0,False,10
260324,260324/9D-405-10,9D-405-10,3,152,0.4269691101189648,2.2903027594801983,737.3153703699986,778.3898956546108,699.8911865430739,1.1121584477999509,0.9743589743589745,0.4376355339166867,2149.6973684210525,1992.5,326754.0,4095.0,969.0,931.6604918348792,0.4333914650131342,3.253569872555907,0.5115387817471242,-0.9807790796176664,512.0677563704943,204.21981048583984,77834.29896831512,3998.0,0.0,686.5228892367427,1.3406875959204616,2.2011334603026453,1.9075543050795096,4.469477169738251,1,4,0.0657894736842105,0.1710526315789473,1,5,0.5394736842105263,0.2631578947368421,13,INT,DAPI,9.0,2.11,16.0,False,10
260324,260324/9D-405-10,9D-405-10,4,109,0.3061817960721524,2.096489232299517,624.3739029116301,776.3532801168195,507.15093055863065,1.5308130841082366,0.923728813559322,0.7571443391173744,1799.651376146789,1699.0,196162.0,3080.0,970.0,604.8985586236262,0.3361198544569042,3.235161332484845,0.4122441983783393,-1.146837088701552,410.7697132924281,236.4516448974609,44773.89874887466,2566.04638671875,0.0,492.6859981576263,1.199421433018071,2.4087468046187968,1.8715838918655847,4.104359791220565,1,2,0.0,0.1192660550458715,1,2,0.4587155963302752,0.2660550458715596,13,INT,DAPI,9.0,2.11,16.0,False,10
260324,260324/11S-488-01,11S-488-01,1,120,0.3370808764097091,2.246396064789947,655.1218982897973,693.8229819625477,642.8795388205821,1.0792425953319744,0.9090909090909092,0.3761082411336814,2118.925,2065.0,254271.0,3468.0,1053.0,719.6600523624933,0.3396345091791796,3.355879636240262,0.2230093166968379,-1.2425750945348195,352.71068456967674,157.56847381591797,42325.282148361206,2436.942626953125,0.0,475.7592634495328,1.34886547037831,2.28476927846469,2.120337592041344,5.062883436518739,1,2,0.0166666666666666,0.0916666666666666,2,4,0.5083333333333333,0.25,20,INT,SYBR,11.0,1.28,17.1,False,1
260324,260324/11S-488-01,11S-488-01,2,179,0.5028123073111493,2.719630085965304,800.125310965779,965.1215789469952,687.6460418890211,1.4035150646628105,0.927461139896373,0.7016753538470176,1998.1564245810057,1995.0,357670.0,3177.0,1040.0,622.9537542131584,0.3117642575674654,3.334754728905878,0.0879604041690746,-1.287769083105431,249.3141283176465,95.85974884033205,44627.22896885872,1689.4744873046875,0.0,373.8122679602301,1.4993625531079529,2.253923754657346,2.117500728465035,4.2000198812983935,1,4,0.0,0.0335195530726257,1,6,0.5418994413407822,0.217877094972067,20,INT,SYBR,11.0,1.28,17.1,False,1
260324,260324/11S-488-01,11S-488-01,3,119,0.3342718691062948,2.140395926989768,652.386513072328,668.8442839786301,643.3613585206031,1.0396090394931776,0.9153846153846154,0.2734012982431235,2038.90756302521,1866.0,242630.0,3618.0,1025.0,730.472739796896,0.3582667272630368,3.2349952477924777,0.41399707745073,-1.0227042613206314,431.1532750757051,189.51026916503903,51307.23973400891,3340.0,0.0,610.9962894891793,1.417120835697922,2.1915530513415877,2.3797643439599687,6.468216084723547,1,2,0.0,0.1176470588235294,1,4,0.5126050420168067,0.2184873949579832,20,INT,SYBR,11.0,1.28,17.1,False,1
260324,260324/11S-488-02,11S-488-02,1,281,0.789331052259402,3.622837679833335,1002.5006282412436,1322.5930403505624,766.6564021226603,1.7251444541370382,0.939799331103679,0.8148573039497435,945.4839857651244,884.0,265681.0,1788.0,439.0,375.3319586804647,0.3969733642571753,3.3024686361571582,0.5112885948133271,-0.8756969882369794,195.38681463324517,83.9131088256836,54903.694911941886,1430.2235107421875,0.0,277.3824431278046,1.4196579418548332,2.2793820479613496,2.033744285061099,4.264841326243747,1,3,0.0640569395017793,0.1565836298932384,2,14,0.5266903914590747,0.2348754448398576,20,INT,SYBR,11.0,1.28,17.1,False,2
260324,260324/11S-488-02,11S-488-02,2,106,0.2977547741619096,2.259256037925234,615.7216522882974,734.826332301668,527.4584236015451,1.3931455057333082,0.8688524590163934,0.6962492364533732,642.5094339622641,611.0,68106.0,1011.0,445.0,147.5331920867152,0.2296202737085104,3.186953633891572,0.4440189670289526,-0.9205461771205288,122.52941860342924,77.81292724609375,12988.1183719635,1011.0,0.0,158.3230621347549,1.2921228545707302,2.180585230734318,2.551867403916368,9.810281448954695,1,4,0.0,0.0094339622641509,1,5,0.4528301886792453,0.2452830188679245,20,INT,SYBR,11.0,1.28,17.1,False,2
260324,260324/11S-488-03,11S-488-03,1,182,0.511239329221392,2.590116424461059,806.8024112436423,942.284280052423,692.2259666379225,1.3612379850889018,0.9680851063829788,0.6784729330708192,2994.3571428571427,3008.5,544973.0,4095.0,1503.0,917.3818613200744,0.3063702215710752,3.0002279654670634,-0.0892200227378973,-1.5328497031579702,685.8948632812762,351.5213317871094,124832.86511719228,4073.0,0.0,831.175961629014,1.2118124892388351,2.5592800868039234,1.596475373485563,2.171873929511112,6,3,0.0,0.0,4,5,0.4945054945054945,0.2472527472527472,20,INT,SYBR,11.0,1.28,17.1,False,3
260324,260324/11S-488-04,11S-488-04,1,188,0.5280933730418775,2.895256864726309,819.9935157484457,895.5267716024599,759.2837161280117,1.179436293154321,0.9215686274509804,0.5302158989002782,1024.659574468085,909.5,192636.0,1968.0,513.0,386.5791851334311,0.3772757262665599,3.2488691958136915,0.6517347681498942,-0.6152929739917283,219.28796115581025,97.64873886108398,41226.13669729233,1903.0,0.0,346.5800884717701,1.5804793233747805,2.0747013481716485,2.642763200055152,7.590334458297303,1,4,0.0,0.1382978723404255,2,9,0.5212765957446809,0.202127659574468,20,INT,SYBR,11.0,1.28,17.1,False,4
260324,260324/11S-488-05,11S-488-05,1,161,0.452250175849693,2.5280229813511306,758.829893984983,836.4598652610053,694.2051364909814,1.2049174246809566,0.9470588235294116,0.557863984586464,1601.1304347826087,1416.0,257782.0,3229.0,701.0,697.9634314421027,0.4359191582894792,3.2947640031223235,0.6166836105712198,-0.7757166783857876,338.8734100285617,122.76321411132812,54558.61901459843,3229.0,0.0,544.6415030422745,1.6072122713799522,2.005654080923005,2.7965765059124013,9.31124218398312,1,4,0.0807453416149068,0.1801242236024844,1,6,0.5527950310559007,0.1987577639751552,20,INT,SYBR,11.0,1.28,17.1,False,5
260324,260324/11S-488-05,11S-488-05,2,127,0.3567439275336087,2.215349343234983,673.9588087412508,733.4014141888957,622.2838564671133,1.17856410152214,0.9202898550724636,0.5292112153002215,1135.2125984251968,1112.0,144172.0,1749.0,702.0,292.6426020565575,0.257786605312979,3.324910892187768,0.3359598848101795,-1.0804203706114284,142.67487584136603,91.04739379882812,18119.709231853485,978.090087890625,0.0,171.0015172005524,1.198539800312716,2.3470791989824336,1.8993875845448795,4.606731011462369,1,4,0.0,0.0157480314960629,1,4,0.4330708661417323,0.2440944881889764,20,INT,SYBR,11.0,1.28,17.1,False,5
260324,260324/11S-488-06,11S-488-06,1,233,0.6544987016955184,3.123883712387403,912.8710911057252,1043.222489061422,804.2851724636504,1.2970803451042985,0.9433198380566802,0.6368808262430026,1188.4291845493565,1106.0,276904.0,2416.0,474.0,532.9374804891359,0.4484385669906128,3.2954508395038173,0.4528746120747503,-0.9614347073288148,278.34515781157006,97.86907958984376,64854.42177009583,2416.0,0.0,416.94572143632064,1.497944942583044,2.0581502957705946,2.1395546260466123,5.048580437036026,1,4,0.1459227467811159,0.1716738197424892,2,15,0.5836909871244635,0.2403433476394849,20,INT,SYBR,11.0,1.28,17.1,False,6
260324,260324/11S-488-06,11S-488-06,2,267,0.7500049500116026,3.87153457537683,977.2082485846562,1324.9943839743205,740.4606435185417,1.789419053628799,0.898989898989899,0.8292751019854931,787.2771535580524,770.0,210203.0,1272.0,469.0,204.8548494990926,0.2602067754325948,3.324164276524789,0.2904897097746727,-0.979692846548176,107.708613275198,46.99821472167969,28758.199744477868,935.92333984375,0.0,156.45428699929343,1.4525698757215368,2.128316083017173,2.2633147352305443,6.11523184262057,3,4,0.0,0.0224719101123595,6,19,0.5243445692883895,0.2247191011235955,20,INT,SYBR,11.0,1.28,17.1,False,6
260324,260324/11S-488-06,11S-488-06,3,83,0.2331476061833821,1.906442304044284,544.84195135197,566.2342235685273,541.5514678218055,1.0455778577168284,0.8829787234042553,0.2920307498453893,681.0240963855422,649.0,56525.0,1056.0,469.0,152.05823466473774,0.2232787877430027,3.1638210159222657,0.6440527199761865,-0.4836392497196828,113.73146383733636,74.44949340820312,9439.711498498917,584.0299682617188,0.0,132.8328995996314,1.167952078675561,2.531254381177383,1.5504821933829265,2.136576542621082,1,2,0.0,0.0240963855421686,1,3,0.4578313253012048,0.253012048192771,20,INT,SYBR,11.0,1.28,17.1,False,6
260324,260324/11S-488-07,11S-488-07,1,352,0.9887705708018132,4.0543714288849495,1122.0257534545397,1256.2888323552436,1010.759953020794,1.2429151240120395,0.9287598944591028,0.5938711454034914,739.4488636363636,724.0,260286.0,1339.0,398.0,226.90387964289107,0.3068554038031152,3.278134889692562,0.3371669874207647,-0.86825740433747,102.3523292104629,33.59925651550293,36028.01988208294,1298.0,0.0,176.14312781281555,1.720948894583724,1.7701811668348173,3.0319260777850734,12.034555907783323,1,5,0.0,0.0568181818181818,4,24,0.5710227272727273,0.2045454545454545,20,INT,SYBR,11.0,1.28,17.1,False,7
260324,260324/11S-488-07,11S-488-07,2,316,0.8876463078789005,4.028651482614375,1063.1022438738332,1326.8045760700425,860.8577748982179,1.5412587476797952,0.9080459770114944,0.760941645066201,807.0917721518987,745.0,255041.0,1629.0,398.0,308.1378084744757,0.3817878203031447,3.2492792145068314,0.5812094922650908,-0.6770281996951244,122.15775558333608,44.28584098815918,38601.8507643342,1422.798095703125,0.0,202.13130152255903,1.6546743230286756,1.880436315259092,2.874635237699158,10.675464456925488,1,5,0.0094936708860759,0.1329113924050632,3,23,0.5537974683544303,0.1962025316455696,20,INT,SYBR,11.0,1.28,17.1,False,7
260324,260324/11S-488-08,11S-488-08,1,211,0.5927005410204051,2.939163559416561,868.7058000342264,947.340156499118,804.7524179323885,1.1771821188597027,0.9094827586206896,0.5276107895891158,1507.4976303317535,1472.0,318082.0,2701.0,849.0,456.05132725340906,0.302522085658633,3.2601145218749306,0.3937466334852957,-0.8451346288107597,135.93971624419586,74.9692153930664,28683.28012752533,1651.146240234375,0.0,208.7804729240761,1.535831313264127,1.885573375363777,3.3826896054237228,16.463012538600104,1,4,0.0,0.0663507109004739,1,11,0.4928909952606635,0.2037914691943128,20,INT,SYBR,11.0,1.28,17.1,False,8
260324,260324/11S-488-08,11S-488-08,2,113,0.3174178252858093,2.0343957891895887,635.7270855939122,750.8260494258163,541.7076924035125,1.386035420864088,0.9495798319327732,0.6924328957171936,1919.6637168141592,1751.0,216922.0,3886.0,852.0,800.3793142118334,0.416937251666208,3.2034721343968817,0.5735005178327135,-0.6784914895377163,411.5205806504309,157.29493713378906,46501.82561349869,3886.0,0.0,633.3904147441417,1.5391463866595283,1.984854971483996,3.099207485088728,12.131216554423602,1,3,0.0707964601769911,0.1504424778761062,1,3,0.5398230088495575,0.2123893805309734,20,INT,SYBR,11.0,1.28,17.1,False,8
260324,260324/11S-488-09,11S-488-09,1,355,0.997197592712056,4.487465354295505,1126.796968826105,1638.1852781930122,784.9875364852043,2.086893360788906,0.917312661498708,0.8777160174955082,1080.6760563380285,1056.0,383640.0,1879.0,559.0,343.8881196433823,0.3182157295209069,3.3298887783651336,0.2547915950319644,-1.0289990897860342,91.39101823240938,37.60049057006836,32443.81147250533,885.8262939453125,0.0,139.04126331271843,1.5213887097650387,2.0404404797543165,2.475436201012877,7.744267809201149,2,5,0.0,0.0619718309859154,4,22,0.5380281690140845,0.2225352112676056,20,INT,SYBR,11.0,1.28,17.1,False,9
260324,260324/11S-488-09,11S-488-09,2,183,0.5140483365248063,3.145837059732529,809.0158650908596,1067.3516812456185,624.8981277343804,1.7080410932184895,0.8970588235294118,0.8106969555352618,823.5245901639345,804.0,150705.0,1403.0,560.0,190.28742919773435,0.2310646597205493,3.140181304275428,0.5514419691620552,-0.4112961406371997,65.56991487004555,38.00926971435547,11999.294421218336,706.6201171875,0.0,96.64498434647822,1.4739226753309205,1.976143284941128,3.025589181420046,13.240377214175346,1,3,0.0,0.0218579234972677,1,9,0.4754098360655737,0.2076502732240437,20,INT,SYBR,11.0,1.28,17.1,False,9
260324,260324/11S-488-09,11S-488-09,3,168,0.4719132269735926,2.590116424461059,775.1506835876227,1002.49335047301,601.5465503859888,1.66652663842848,0.9491525423728814,0.7999621867167814,1409.75,1253.5,236838.0,2937.0,563.0,681.752442031247,0.483598114581484,3.238105693446442,0.6715433277817382,-0.6607017696254496,283.1592872338813,78.61714553833008,47570.76025529206,2903.0,0.0,470.37035390887695,1.6611510733192545,1.8773066603185795,2.6464838338674683,8.298347123659283,1,3,0.1666666666666666,0.1904761904761904,2,6,0.5833333333333334,0.1964285714285714,20,INT,SYBR,11.0,1.28,17.1,False,9
260324,260324/11S-488-10,11S-488-10,1,177,0.4971942927043208,2.714303310680915,795.6427809562347,1029.7038698307726,622.5840245495939,1.6539195180533397,0.921875,0.796510769103548,1589.9265536723165,1544.0,281417.0,2592.0,827.0,496.6097908294946,0.3123476299470911,3.357257052854843,0.2456805434830483,-1.0368098401946433,265.94883881450374,173.43218994140625,47072.94447016716,2168.218017578125,0.0,354.8180369629268,1.334159000447482,2.217709881740967,2.3833967319595963,7.230015942326542,1,4,0.0,0.0677966101694915,2,7,0.4463276836158192,0.2259887005649717,20,INT,SYBR,11.0,1.28,17.1,False,10
260324,260324/11S-488-10,11S-488-10,2,194,0.544947416862363,2.952023532551848,832.9757505176474,1082.4738659557806,652.0182833335253,1.6601894358260894,0.9107981220657276,0.7982389613532789,1589.1443298969073,1467.0,308294.0,2975.0,820.0,608.2413362329121,0.3827476993687355,3.2919896226598566,0.6173910190293226,-0.7528619079810133,276.00898487912013,123.3603630065918,53545.7430665493,2970.0,0.0,434.34349547726765,1.5736570882556271,1.9080644914866955,3.0223671517785964,11.39578390325484,1,3,0.0,0.1546391752577319,1,10,0.5257731958762887,0.1804123711340206,20,INT,SYBR,11.0,1.28,17.1,False,10
260324,260324/11S-488-11,11S-488-11,1,310,0.870792264058415,3.7636511381139264,1052.9611321642587,1207.489882224952,930.6756035666848,1.29743368967384,0.9171597633136096,0.6371349092116314,614.7354838709678,596.0,190568.0,1058.0,312.0,192.86843705464364,0.3137421575864758,3.366889013283934,0.3090552267194294,-0.891248892720971,88.65865355730057,22.295466423034668,27484.182602763176,691.8832397460938,0.0,141.476304341417,1.5957416300032137,2.105772973355968,2.1315656068719404,4.303714167384345,1,5,0.0,0.0774193548387096,4,21,0.5806451612903226,0.2193548387096774,20,INT,SYBR,11.0,1.28,17.1,False,11
260324,260324/11S-488-11,11S-488-11,2,243,0.6825887747296608,3.5296975151684435,932.2548046420172,981.7249896128466,896.5440072191257,1.0950103750711946,0.9033457249070632,0.4074369116280846,653.4074074074074,607.0,158778.0,1235.0,313.0,257.8309288638349,0.3945944382339612,3.2904445998528717,0.4836387846563473,-0.9573535606004682,118.61361935550784,39.83087158203125,28823.109503388405,1054.974365234375,0.0,198.271892069716,1.6715777930648668,2.006855955972896,2.476967904776938,6.256368181049945,1,4,0.0329218106995884,0.1440329218106996,1,15,0.5802469135802469,0.2139917695473251,20,INT,SYBR,11.0,1.28,17.1,False,11
260324,260324/11S-488-11,11S-488-11,3,201,0.5646104679862627,3.1000470655795533,847.8704943631051,942.3530585257264,813.5814441135435,1.1582774722111429,0.8516949152542372,0.5046038758637961,529.8258706467661,523.0,106495.0,830.0,315.0,133.89236172150817,0.2527101244755448,3.273910672233691,0.1285902382167516,-1.044302479807255,76.16603316122027,24.067344665527344,15309.372665405272,819.0,0.0,126.73106756413048,1.6638790587384202,1.9095702969208312,2.873210784119638,10.491864524673186,3,3,0.0,0.0199004975124378,4,16,0.5621890547263682,0.2189054726368159,20,INT,SYBR,11.0,1.28,17.1,False,11
260324,260324/11S-488-12,11S-488-12,1,257,0.7219148769774603,3.1859771554973317,958.7338365262397,1026.258653468445,898.60528268861,1.1420572227195218,0.9518518518518518,0.4830135667949837,2008.9727626459144,1921.0,516306.0,3472.0,1028.0,686.7235411076852,0.3418281989066078,3.301097237852743,0.3133574328502903,-1.0720231507770552,402.7959339669706,192.91212463378903,103518.55502951144,3413.0,0.0,548.8467754337406,1.3625926409643108,2.200779922469809,2.223729249824466,6.0104765518199486,1,4,0.0,0.0933852140077821,2,13,0.5019455252918288,0.2334630350194552,20,INT,SYBR,11.0,1.28,17.1,False,12
260324,260324/11S-488-13,11S-488-13,1,392,1.101130862938383,4.063464803094788,1184.062227512348,1267.785309214324,1110.1575749600338,1.1419868114307692,0.944578313253012,0.4829156846356695,2076.094387755102,2050.5,813829.0,3592.0,1054.0,668.2933784360854,0.3218993232570299,3.326037019292869,0.1404828365830439,-1.19900497410199,339.74985344236603,139.5066375732422,133181.94254940748,3592.0,0.0,504.7542072100118,1.4856642382500294,1.9737547543881395,2.357273010041117,7.019019393401496,1,4,0.0,0.0612244897959183,5,27,0.5331632653061225,0.2346938775510204,20,INT,SYBR,11.0,1.28,17.1,False,13
260324,260324/11S-488-14,11S-488-14,1,119,0.3342718691062948,2.2482793642526717,652.386513072328,753.232960150152,587.64653907427,1.28177894374522,0.9153846153846154,0.6255728896306809,1665.126050420168,1614.0,198150.0,2692.0,880.0,549.677232790142,0.3301114847440167,3.3205036128814256,0.2364103021386455,-1.241251669997884,381.9041296934881,194.86720275878903,45446.591433525085,2299.247314453125,0.0,477.84487779175936,1.2512168385695963,2.488312964371404,1.6869785551530192,2.633448036916186,1,3,0.0,0.0840336134453781,1,4,0.4873949579831932,0.226890756302521,20,INT,SYBR,11.0,1.28,17.1,False,14
260324,260324/11S-488-14,11S-488-14,2,119,0.3342718691062948,2.153255900125055,652.386513072328,715.7253864953268,604.782047318924,1.1834435060832722,0.9224806201550388,0.5347793389187885,1722.5210084033613,1623.0,204980.0,2883.0,879.0,587.4084688704015,0.3410167225855097,3.3013208236641907,0.2978771906556036,-1.105901531323089,423.7911205271713,172.77662658691406,50431.14334273338,2806.0,0.0,623.0640300625327,1.4702149240113327,2.258051565343374,1.947375842460052,3.2203481373780125,1,3,0.0,0.0924369747899159,1,6,0.5546218487394958,0.226890756302521,20,INT,SYBR,11.0,1.28,17.1,False,14
260324,260324/11S-488-15,11S-488-15,1,250,0.7022518258535605,3.3449773621976,945.5870108240828,1284.558171214737,710.5055876052701,1.807949428722,0.9433962264150944,0.833106363315436,2169.912,2051.0,542478.0,3898.0,1098.0,732.7489257643681,0.3376860101996616,3.326639308863937,0.3959192535473783,-0.9510571065096496,429.35405574798585,150.68831634521484,107338.51393699646,3256.772705078125,0.0,595.4937654524606,1.386952696685349,2.207349899517734,1.8441789580676928,3.5548868374670537,1,3,0.0,0.1,3,14,0.556,0.244,20,INT,SYBR,11.0,1.28,17.1,False,15
260324,260324/11S-488-16,11S-488-16,1,291,0.8174211252935445,3.5387908893782813,1020.1827784400484,1057.2596259649424,1000.0452784637127,1.0572117570407646,0.926751592356688,0.3245040769431532,730.5257731958762,698.0,212583.0,1427.0,390.0,244.50754559050569,0.3347007793042584,3.20876290329197,0.6204318670201177,-0.300103308211757,89.32486335385296,32.858829498291016,25993.53523597121,1178.198486328125,0.0,141.7281998323888,1.586660135946074,1.781343929449594,3.201999015327884,15.876260076852688,1,4,0.0,0.0893470790378006,3,18,0.5532646048109966,0.2439862542955326,20,INT,SYBR,11.0,1.28,17.1,False,16
260324,260324/11S-488-16,11S-488-16,2,175,0.4915762780974924,2.7089765353965247,791.1348535663543,896.7902378720597,703.0287336324187,1.2756096514555122,0.9308510638297872,0.6208380096631414,802.44,742.0,140427.0,1587.0,388.0,312.8026729168215,0.3898144072040544,3.2491395797953566,0.6101397764840645,-0.6732071926431575,130.70080839293342,51.85781097412109,22872.64146876335,1587.0,0.0,221.08163050870047,1.691509281595642,1.810691334007689,3.3938021576690423,15.087162018382486,1,3,0.0342857142857142,0.1314285714285714,1,8,0.5657142857142857,0.1942857142857142,20,INT,SYBR,11.0,1.28,17.1,False,16
260324,260324/11S-488-17,11S-488-17,1,157,0.441014146636036,2.5333497566355208,749.3441474280244,824.5938753748648,688.146476622686,1.1982824927359086,0.923529411764706,0.5509659010060414,868.8089171974523,799.0,136403.0,1515.0,420.0,322.9648931813893,0.3717329401074618,3.340598066745142,0.3375081132178621,-1.186601372104453,216.76857383254983,102.63294219970705,34032.66609171033,1359.0614013671875,0.0,289.59463714732624,1.3359622754681837,2.413760620041668,1.7756633112916338,2.9909988858137844,1,4,0.0318471337579617,0.1464968152866242,2,7,0.5095541401273885,0.2484076433121019,20,INT,SYBR,11.0,1.28,17.1,False,17
260324,260324/11S-488-17,11S-488-17,2,100,0.2809007303414242,2.109349205434804,598.0417360148784,723.2796411786528,501.5703313508338,1.442030351417935,0.8928571428571429,0.7204886980216868,750.54,724.5,75054.0,1261.0,418.0,222.0134867138217,0.2958050026831637,3.305940722233445,0.4238453424643628,-0.8293345149431297,188.3700860452652,113.22343063354492,18837.00860452652,1261.0,0.0,251.6612700945972,1.3359938160994584,2.2657301653956026,2.311949777598816,5.704016581066529,1,2,0.0,0.06,1,4,0.46,0.22,20,INT,SYBR,11.0,1.28,17.1,False,17
260324,260324/11S-488-18,11S-488-18,1,344,0.9662985123744992,3.768977913398317,1109.2021808371874,1277.164283941007,967.2164980751476,1.320453369522423,0.945054945054945,0.6530490091634943,1745.6162790697674,1582.5,600492.0,3581.0,624.0,858.5723952401044,0.4918448604853951,3.3247984438175795,0.4701866836713774,-0.9955402432182484,318.5856553025024,78.6306037902832,109593.46542406082,3061.37158203125,0.0,554.1043490558069,1.7392633341563215,1.915815711881824,2.562359863496809,6.868885613896023,1,4,0.1831395348837209,0.2093023255813953,3,18,0.6075581395348837,0.1947674418604651,20,INT,SYBR,11.0,1.28,17.1,False,18
260324,260324/11S-488-18,11S-488-18,2,297,0.8342751691140299,3.6758377487334246,1030.6464653345483,1244.083190790073,861.8137938999879,1.4435637948659323,0.9252336448598132,0.7211969889190368,1388.909090909091,1331.0,412506.0,2581.0,624.0,531.9512860795345,0.3829993550775546,3.346411491994293,0.3661805438794423,-1.0077148990703066,200.67752709653644,85.77310180664062,59601.22554767132,2346.43310546875,0.0,328.6762612021967,1.6378329250792798,1.8938087374204653,3.133905452555609,12.958492867695163,1,5,0.0774410774410774,0.138047138047138,3,18,0.5353535353535354,0.2222222222222222,20,INT,SYBR,11.0,1.28,17.1,False,18
260324,260324/11S-488-18,11S-488-18,3,270,0.7584319719218454,3.942721392696597,982.682847434696,1306.1055327012652,753.6151177047342,1.7331201325674526,0.9,0.8167483512147695,898.4481481481481,881.5,242581.0,1358.0,624.0,169.4564322517801,0.1886101413877452,3.257263754040507,0.281067836501796,-0.9422075841494912,89.32898533278042,36.815338134765625,24118.826039850712,900.9683837890624,0.0,130.93404823816155,1.4657509849729995,2.005296010487145,2.3801631427159102,7.629508450520467,1,7,0.0,0.0037037037037037,3,18,0.5259259259259259,0.2333333333333333,20,INT,SYBR,11.0,1.28,17.1,False,18
260324,260324/11S-488-18,11S-488-18,4,132,0.3707889640506799,2.153255900125055,687.0976435563656,775.7700789648408,609.9737713378693,1.2718089128050976,0.9565217391304348,0.6178682543944202,1185.5833333333333,1170.0,156497.0,2023.0,624.0,361.7808801143104,0.3051501062326369,3.2749931670456625,0.2912509193401428,-0.8883942877661366,213.2718961103396,95.29557800292967,28151.890286564827,1450.104736328125,0.0,293.146075304061,1.3745180712999203,2.277021297033591,1.961087889564162,4.069908564548949,1,2,0.0,0.053030303030303,1,7,0.5151515151515151,0.25,20,INT,SYBR,11.0,1.28,17.1,False,18
260324,260324/11S-488-18,11S-488-18,5,242,0.6797797674262466,3.672071149807976,930.3346073311308,1435.3615116619735,614.3464289853279,2.3364040937499357,0.8864468864468864,0.903774873112064,1013.309917355372,1009.0,245221.0,1501.0,626.0,243.5783697804249,0.2403789458768328,3.3755813241268,0.1324159257429946,-1.1380574814128863,120.74885110618656,61.60834884643555,29221.221967697144,1032.8060302734375,0.0,162.42314466969574,1.345132008973409,2.15990082599635,2.1571481424765984,6.135997566027687,3,5,0.0,0.0,4,17,0.4958677685950413,0.2272727272727272,20,INT,SYBR,11.0,1.28,17.1,False,18
260324,260324/11S-488-18,11S-488-18,6,93,0.2612376792175245,1.8844889566991585,576.7305642625431,659.7941588812295,509.4519443100565,1.2951057823025474,0.9207920792079208,0.6354552480255621,930.6451612903226,921.0,86550.0,1337.0,634.0,192.0380762268192,0.206349405997622,3.2939740431841678,0.3030790608434904,-0.9783974958851868,137.71064864980278,76.62012481689453,12807.090324431658,976.8048095703124,0.0,173.28279419161345,1.2583107834476213,2.3324213997941845,2.041927720796816,5.711398735224247,1,2,0.0,0.0,1,2,0.4838709677419355,0.2473118279569892,20,INT,SYBR,11.0,1.28,17.1,False,18
260324,260324/11S-488-18,11S-488-18,7,39,0.1095512848331554,1.160674740517581,373.47694443716193,415.0059587186279,344.6290397794583,1.2042106462769546,0.9069767441860463,0.557138634316783,822.6410256410256,796.0,32083.0,1099.0,631.0,127.52202847464748,0.1550154010071144,3.094825497977896,0.52263165430153,-0.6112160206590116,154.32396816596005,101.05692291259766,6018.634758472443,568.4603271484375,0.0,152.3552583800493,0.9872430069722312,2.7346615574298787,1.1939765176253905,0.8687255816904087,1,0,0.0,0.0,1,1,0.3846153846153846,0.2307692307692307,20,INT,SYBR,11.0,1.28,17.1,False,18
260324,260324/11S-488-19,11S-488-19,1,405,1.137647957882768,4.478371980085666,1203.5357776001274,1523.952817690978,956.1129494551152,1.593904588949948,0.9353348729792148,0.7787050985456123,553.1012345679012,552.0,224006.0,961.0,283.0,163.1761094538409,0.295020331280437,3.308612650811069,0.1308634386641211,-1.0380992022479747,81.32220878085973,26.17965507507324,32935.49455624819,923.1250610351562,0.0,128.46351120440497,1.579685465142464,1.8740034692786416,2.909903856286205,12.108891279353262,3,7,0.0,0.0320987654320987,8,28,0.562962962962963,0.237037037037037,20,INT,SYBR,11.0,1.28,17.1,False,19
260324,260324/11S-488-19,11S-488-19,2,144,0.4044970516916508,2.5280229813511306,717.6500832178542,743.992371151431,699.3013465207655,1.063908106073321,0.8888888888888888,0.3413650339212386,569.1944444444445,519.5,81964.0,998.0,285.0,193.33706491053564,0.3396678706153571,3.293965591542964,0.3966530272800048,-0.9573215674713214,113.9215109779713,38.70039939880371,16404.697580827866,792.4295043945312,0.0,165.33613872364432,1.4513162378579665,2.248072258617649,2.114014272172445,4.593345646515292,1,4,0.0,0.0972222222222222,1,8,0.5416666666666666,0.2222222222222222,20,INT,SYBR,11.0,1.28,17.1,False,19
260324,260324/11S-488-20,11S-488-20,1,333,0.9353994320369426,3.882511249049393,1091.3237590157407,1262.3254978968887,947.256558420661,1.3326120433534234,0.9353932584269664,0.6609772442249335,1700.0,1518.0,566100.0,3667.0,573.0,832.8016440385147,0.4898833200226557,3.3092827072510373,0.5004082202539367,-0.931697152437724,284.4857390055785,83.41796112060547,94733.75108885764,3658.0,0.0,504.94237403756216,1.7749303560965517,1.7392820431428535,3.4364363307409294,15.352502416878965,1,4,0.1921921921921922,0.2012012012012012,2,20,0.5765765765765766,0.2132132132132132,20,INT,SYBR,11.0,1.28,17.1,False,20
260324,260324/11S-488-20,11S-488-20,2,363,1.01966965113937,4.45641863274054,1139.42253900691,1578.992357476404,836.282884604131,1.888107943550522,0.8962962962962963,0.8482283203043541,944.5041322314048,911.0,342855.0,1607.0,574.0,261.10172835877256,0.2764431826697421,3.2804193503706087,0.4157220015397588,-0.989682029475611,83.29366467675558,37.443092346191406,30235.60027766228,763.9583129882812,0.0,125.09329535291182,1.5018344532969157,2.097803380846394,2.489962682094107,7.691170189628432,4,5,0.0,0.0385674931129476,3,24,0.5344352617079889,0.2231404958677686,20,INT,SYBR,11.0,1.28,17.1,False,20
260324,260324/11S-488-20,11S-488-20,3,305,0.8567472275413439,3.732604416558963,1044.4349907714952,1282.6490740727277,859.4515539306346,1.4924041596139217,0.9242424242424242,0.7423071424931219,1342.4327868852458,1258.0,409442.0,2782.0,567.0,549.8037235666923,0.4095577290259454,3.2661817428386857,0.4377022343654488,-0.8461265733313592,169.34725426142333,61.7005500793457,51650.91254973412,2554.478759765625,0.0,283.15476563013834,1.6720363543245231,1.6535075887149602,3.552080792685699,19.67977386219264,1,4,0.0950819672131147,0.140983606557377,1,20,0.5540983606557377,0.2262295081967213,20,INT,SYBR,11.0,1.28,17.1,False,20
260324,260324/11S-488-20,11S-488-20,4,171,0.4803402488838354,2.820303448481094,782.0410473925454,1006.10377259093,631.5171203601874,1.5931535981433034,0.9395604395604396,0.7784667304452596,1062.7543859649122,1055.0,181731.0,1738.0,575.0,320.0167797458212,0.301120168471727,3.3841245251918126,0.2382041538850064,-1.05826927793644,115.26318178957666,56.57604598999024,19710.00408601761,692.3319702148438,0.0,156.82835619749147,1.3606110274119951,2.4396142270376213,1.7825143234310756,2.748614013559525,1,2,0.0,0.0584795321637426,1,9,0.5146198830409356,0.2573099415204678,20,INT,SYBR,11.0,1.28,17.1,False,20
260324,260324/11S-488-20,11S-488-20,5,130,0.3651709494438515,2.23353609165466,681.8724905877906,795.9939400478811,602.8160001216136,1.3204592112473712,0.9558823529411764,0.6530528944401491,1076.0153846153846,1078.0,139882.0,1658.0,569.0,328.0706103003958,0.3048939773455588,3.303158496126692,0.0810552033811752,-1.34367786454785,128.00981916647692,50.70888710021973,16641.276491642,892.031005859375,0.0,176.8368313848679,1.3814317724712306,2.298901457635898,1.7536454088669915,3.0753092472816146,1,3,0.0,0.0153846153846153,2,5,0.5615384615384615,0.2461538461538461,20,INT,SYBR,11.0,1.28,17.1,False,20
260324,260324/11S-488-20,11S-488-20,6,124,0.348316905623366,2.1313025527799296,665.9510930537281,727.7658640978766,611.1137395057856,1.190884473791129,0.9465648854961832,0.5430319819708623,965.741935483871,943.0,119752.0,1550.0,572.0,269.16851405546134,0.278716812603357,3.2655337711291565,0.3007816728365823,-1.0177916615891145,116.3737529337166,58.41119384765625,14430.345363780856,815.8882446289062,0.0,152.65985283140395,1.3118065627595166,2.2733380519453896,2.096033766095353,5.435230601673084,1,3,0.0,0.032258064516129,2,4,0.5,0.282258064516129,20,INT,SYBR,11.0,1.28,17.1,False,20
260324,260324/11S-488-20,11S-488-20,7,126,0.3539349202301945,2.312256106825324,671.3001837477544,771.4876835304128,589.4559907604593,1.3088130337518733,0.9130434782608696,0.6451557649980866,1017.531746031746,975.0,128209.0,1798.0,571.0,320.160851735697,0.3146445828194418,3.1857625744067533,0.5327341943883177,-0.6487958482826217,146.43710704833742,60.15739059448242,18451.075488090515,1081.68603515625,0.0,213.7125990558582,1.4594156041700128,2.2468911164668666,2.301941179700462,5.483428108259592,1,3,0.0,0.0793650793650793,1,6,0.5555555555555556,0.2063492063492063,20,INT,SYBR,11.0,1.28,17.1,False,20
260324,260324/11S-488-20,11S-488-20,8,117,0.3286538544994663,2.184302621680019,646.8810432207431,797.9444260264146,534.8848164347362,1.4918060889166695,0.9212598425196852,0.7420645699619085,819.8461538461538,813.0,95922.0,1141.0,572.0,151.50882615604618,0.184801533123344,3.300654908586472,0.2272619833107878,-1.0591141171066043,73.96408305820236,40.75542068481445,8653.797717809677,511.0796203613281,0.0,94.40156861246751,1.2763163512509563,2.272459715714405,1.8101142421240133,4.12605562334962,1,3,0.0,0.0,1,4,0.4871794871794871,0.2735042735042735,20,INT,SYBR,11.0,1.28,17.1,False,20
260324,260324/11S-488-20,11S-488-20,9,73,0.2050575331492397,1.9045590045815592,510.9670832367321,561.4902537841288,489.2413978628851,1.147675270810775,0.8588235294117647,0.4907035188456674,789.4246575342465,796.0,57628.0,1044.0,570.0,141.51854195438483,0.1792679524305909,3.1838420157140748,0.1765827041085202,-1.1399898822214922,78.85163414968203,50.180267333984375,5756.169292926788,405.8727722167969,0.0,96.03440232092848,1.2179126451409852,2.483738737340351,1.7103209379945614,2.708088410354871,1,1,0.0,0.0,1,2,0.4383561643835616,0.2191780821917808,20,INT,SYBR,11.0,1.28,17.1,False,20
260324,260324/11S-488-20,11S-488-20,10,63,0.1769674601150972,1.6724886810988002,474.6809121398126,588.7238735988248,391.9165594801208,1.5021663651563226,0.875,0.746214816073137,775.5079365079365,757.0,48857.0,1108.0,578.0,134.67162847697756,0.1736560286970052,3.042755122305532,0.4710739565847293,-0.6163090061725383,99.23242367638484,82.16664123535156,6251.642691612244,500.9163513183594,0.0,89.5549227595542,0.9024764229442714,2.659572449865988,1.7121447039921187,5.221130146370268,1,1,0.0,0.0,1,1,0.2857142857142857,0.238095238095238,20,INT,SYBR,11.0,1.28,17.1,False,20
260324,260324/11S-488-20,11S-488-20,11,46,0.1292143359570551,1.257581504107922,405.6116397333997,451.2401529950584,367.64440863665953,1.2273820637403354,0.92,0.5798233336297915,769.0,739.0,35374.0,1156.0,571.0,140.8553237269441,0.1831668709062992,2.933817348105816,0.6752816103239213,-0.1898221901250232,123.2661134056423,97.14464569091795,5670.241216659546,713.9005737304688,0.0,139.76746861012862,1.133867733382523,2.422995985714594,2.198267312736684,6.553872291936255,1,1,0.0,0.0217391304347826,1,1,0.391304347826087,0.1956521739130435,20,INT,SYBR,11.0,1.28,17.1,False,20
260324,260324/11S-488-20,11S-488-20,12,35,0.0983152556194984,1.1406046926351798,353.806262388742,407.44627466971474,327.262902624137,1.2450121031214736,0.813953488372093,0.5957026596140492,730.0285714285715,732.0,25551.0,927.0,572.0,95.58719016881786,0.1309362316898996,3.0351972967827754,0.4061370405614219,-0.5062738670881917,120.20223475864957,93.85299682617188,4207.078216552734,318.9526672363281,0.0,94.18148364230235,0.7835252300542208,2.716352257982745,0.784250338444112,-0.2518314386410996,1,0,0.0,0.0,1,1,0.2857142857142857,0.2285714285714285,20,INT,SYBR,11.0,1.28,17.1,False,20
260324,260324/9S-488-01,9S-488-01,1,145,0.4073060589950651,2.259256037925234,720.1376126288294,781.592338910246,668.0997158866163,1.1698737783072048,0.9602649006622516,0.518968982933111,1237.6137931034482,1187.0,179454.0,2150.0,624.0,443.1661994827501,0.3580811735876535,3.3237518812639024,0.3795461306026553,-1.0795630609593785,310.2720945424047,137.16160583496094,44989.45370864868,2150.0,0.0,421.41562661548926,1.3582131104539104,2.286172699043437,1.7682845703907173,2.8590978287809854,1,4,0.0,0.1310344827586207,1,7,0.5586206896551724,0.2413793103448276,13,INT,SYBR,9.0,2.11,16.0,False,1
260324,260324/9S-488-02,9S-488-02,1,141,0.3960700297814081,2.259256037925234,710.1352155766692,802.8957502293352,629.1180438721666,1.2762243239560926,0.9463087248322148,0.6213144753810963,2255.496453900709,2151.0,318025.0,3921.0,1130.0,801.3172782016361,0.3552731270385368,3.274372426209458,0.4129127603909764,-1.0185418161094797,651.624213582235,356.40240478515625,91879.01411509514,3768.822021484375,0.0,852.5254927814682,1.3083084928578692,2.5175556410395563,2.0199655499419005,3.794674042486936,1,4,0.0,0.1276595744680851,1,5,0.4680851063829787,0.2127659574468085,13,INT,SYBR,9.0,2.11,16.0,False,2
260324,260324/9S-488-03,9S-488-03,1,201,0.5646104679862627,2.970210280971524,847.8704943631051,1176.3683290731078,619.9443865951716,1.8975384800786737,0.943661971830986,0.849866191592629,1706.3830845771145,1599.0,342983.0,3081.0,864.0,601.4945199355002,0.3524967666241054,3.260060805343074,0.4103309171916809,-0.9724863277816684,284.72540471209817,136.13914489746094,57229.80634713173,2218.303955078125,0.0,389.9819130242858,1.3696772629706802,2.2479598078229697,2.118740676315308,4.854019216792286,1,4,0.0,0.1293532338308457,1,8,0.5074626865671642,0.2288557213930348,13,INT,SYBR,9.0,2.11,16.0,False,3
260324,260324/9S-488-03,9S-488-03,2,80,0.2247205842731393,1.7345821242087285,534.904790044501,656.8229484356677,436.93496079101175,1.503251072531661,0.9302325581395348,0.7466430684844849,1766.275,1675.0,141302.0,3081.0,874.0,626.1864480500349,0.3545237565215127,3.19953780260096,0.5281115984718966,-0.8202071831688729,561.169193392992,281.3154754638672,44893.53547143936,3081.0,0.0,704.1204272654932,1.2547382065080523,2.5309315101029943,1.8115079827998983,2.774060845127945,1,2,0.0375,0.1125,1,1,0.5,0.225,13,INT,SYBR,9.0,2.11,16.0,False,3
260324,260324/9S-488-04,9S-488-04,1,182,0.511239329221392,2.5643964781904844,806.8024112436423,965.844838200758,675.3542698182533,1.4301306460395655,0.9732620320855616,0.7148901136287844,3353.7417582417584,3872.0,610381.0,4095.0,1632.0,864.019665671161,0.2576285617542998,2.476065139345613,-0.6541817202692028,-1.2066331831392456,710.2071047978742,325.1033477783203,129257.6930732131,3283.051513671875,0.0,850.2737617755325,1.197219453355823,2.6923817360472238,1.2317563266183298,0.476021624285138,10,1,0.0219780219780219,0.0,4,2,0.5384615384615384,0.2802197802197802,13,INT,SYBR,9.0,2.11,16.0,False,4
260324,260324/9S-488-04,9S-488-04,2,157,0.441014146636036,2.4712563135255925,749.3441474280244,847.2309925786643,671.4527473013447,1.2617879604838838,0.923529411764706,0.6098378836479482,3091.292993630573,3076.0,485333.0,4095.0,1637.0,839.8045274786706,0.2716677226031432,3.0269781388924937,-0.1642417897129185,-1.4274818409885044,571.302529064713,378.0809326171875,89694.49706315994,2452.62109375,0.0,585.5240635420639,1.0248931761261992,2.838379063427068,1.2925775328867215,1.143462602924043,5,3,0.0,0.0,4,3,0.4012738853503185,0.2420382165605095,13,INT,SYBR,9.0,2.11,16.0,False,4
260324,260324/9S-488-04,9S-488-04,3,138,0.3876430078711654,2.215349343234984,702.5399681595715,811.9918000983241,608.1979091028693,1.3350782499335847,0.9583333333333334,0.6625476498318402,3335.3478260869565,3847.0,460278.0,4095.0,1645.0,876.7696236893913,0.2628720209724036,2.4766974268184003,-0.6472337015153933,-1.2066636048740536,864.8628927300806,352.91139221191406,119351.07919675112,3955.0,0.0,990.1659976690736,1.1448820454574635,2.745100880358226,1.2590642948422104,0.6078325417951511,7,1,0.0144927536231884,0.0,3,2,0.5289855072463768,0.2536231884057971,13,INT,SYBR,9.0,2.11,16.0,False,4
260324,260324/9S-488-05,9S-488-05,1,205,0.5758464971999196,3.089070391906991,856.2654564632185,1195.8650340411957,651.257951543892,1.8362386688811112,0.9192825112107624,0.8387014253905825,2015.2146341463413,1946.0,413119.0,3124.0,1166.0,546.4092257105975,0.2711419500692839,3.335190466251636,0.1331697907520277,-1.237340451286437,342.3021858401415,172.3402557373047,70171.948097229,2753.022216796875,0.0,431.2256762174646,1.2597806676550154,2.285965874002956,2.0613787374209838,5.608082899792489,2,4,0.0,0.0146341463414634,2,11,0.4975609756097561,0.2292682926829268,13,INT,SYBR,9.0,2.11,16.0,False,5
260324,260324/9S-488-05,9S-488-05,2,120,0.3370808764097091,2.003349067634625,655.1218982897973,688.5297209331283,624.6291827607034,1.1023015573656048,0.975609756097561,0.4207152045385447,2669.133333333333,2556.0,320296.0,4095.0,1164.0,984.4509021335116,0.3688279224717804,3.1828763626406884,0.1415014990988472,-1.4050630282207923,831.8440631071727,510.2884368896485,99821.28757286072,4039.0,0.0,915.4745905265574,1.1005363037718885,2.6843700319233257,1.400255628562982,1.5768585495054062,3,2,0.075,0.175,2,1,0.4583333333333333,0.2583333333333333,13,INT,SYBR,9.0,2.11,16.0,False,5
260324,260324/9S-488-05,9S-488-05,3,135,0.3792159859609227,2.246396064789947,694.8617051767791,844.254639439672,576.6600836519839,1.4640420992779903,0.9507042253521126,0.7303805307458232,2498.303703703704,2319.0,337271.0,4095.0,1169.0,925.0535867824176,0.3702726715775337,3.227765822176621,0.3249523871993776,-1.1831015223264834,680.9175847177153,401.1565551757813,91923.87393689156,3193.029541015625,0.0,789.3013328786374,1.1591730784950345,2.6857216704584577,1.4160944999913765,1.249290517205175,1,2,0.037037037037037,0.1407407407407407,1,4,0.4740740740740741,0.237037037037037,13,INT,SYBR,9.0,2.11,16.0,False,5
260324,260324/9S-488-06,9S-488-06,1,161,0.452250175849693,2.3834429241450903,758.829893984983,812.9827826197218,709.521266201956,1.1458187673099525,0.9526627218934912,0.4881882245128074,3292.6211180124224,3729.0,530112.0,4095.0,1631.0,889.9349972336419,0.2702816283249886,2.45651750574316,-0.5489578318230548,-1.3134367272098797,810.9816509774013,426.4149475097656,130568.0458073616,3967.831298828125,0.0,970.0132951022656,1.1960977094034102,2.6099541560097657,1.3163174336352248,0.7487920588665613,9,0,0.0124223602484472,0.0,4,2,0.4906832298136646,0.2670807453416149,13,INT,SYBR,9.0,2.11,16.0,False,6
260324,260324/9S-488-06,9S-488-06,2,79,0.2219115769697251,1.703535402653764,531.5511219369166,598.7727813656079,474.6331030773525,1.2615487151725782,0.9186046511627908,0.6096425113417929,3051.3291139240505,3083.0,241055.0,4095.0,1594.0,903.7592815641271,0.2961854483149739,3.003133902678816,-0.189911858819368,-1.5101444514221751,1198.7170321307606,756.8853759765625,94698.64553833008,3936.036865234375,0.0,1094.850312174423,0.9133517609475266,2.958701080616847,0.9157297899258592,-0.3689735153378795,3,0,0.0,0.0,2,1,0.4177215189873418,0.2784810126582278,13,INT,SYBR,9.0,2.11,16.0,False,6
260324,260324/9S-488-07,9S-488-07,1,247,0.6938248039433178,3.176883781287493,939.8963652971286,1244.547806284,713.0057558710207,1.7454947537746563,0.9573643410852714,0.8196228491923264,3368.016194331984,4023.0,831900.0,4095.0,1539.0,901.8000290638744,0.267754065607377,2.309968268042473,-0.7629788166008521,-1.0233841341690886,809.6510337938664,316.1619873046875,199983.805347085,4064.0,0.0,1083.472553812243,1.3381969621347884,2.5513880533209705,1.4850540761020197,1.13446652677022,15,2,0.0526315789473684,0.0,4,10,0.5668016194331984,0.2469635627530364,13,INT,SYBR,9.0,2.11,16.0,False,7
260324,260324/9S-488-07,9S-488-07,2,133,0.3735979713540942,2.171442648544732,689.6953754817175,774.8777435752562,614.4649424639025,1.2610609491700615,0.9568345323741008,0.6092436534141108,2861.9548872180453,2734.0,380640.0,4095.0,1516.0,879.2405285474096,0.3072167672782825,3.21611912028618,0.1038774472322652,-1.465698743393385,727.0581437447913,458.34759521484375,96698.73311805724,3612.864501953125,0.0,786.1179843324,1.081231248278734,2.694837800736135,1.4645352928392086,1.8520366802196973,3,1,0.0,0.0,2,2,0.4736842105263157,0.2406015037593984,13,INT,SYBR,9.0,2.11,16.0,False,7
260324,260324/9S-488-07,9S-488-07,3,81,0.2275295915765536,1.628581986408549,538.2375624133907,588.9268308614407,491.2461363541972,1.1988426722949612,0.9759036144578314,0.5515560856359043,2548.7283950617284,2503.0,206447.0,3955.0,1502.0,654.507238545642,0.256797562193672,3.3021113204269943,0.3034195407827654,-0.8766412612862928,709.9489707593565,451.844970703125,57505.86663150787,3617.353515625,0.0,847.1675478838583,1.1932794930003685,2.5505169578282008,1.941285882384036,3.4830403443999,1,0,0.0,0.0246913580246913,1,1,0.3703703703703703,0.2098765432098765,13,INT,SYBR,9.0,2.11,16.0,False,7
260324,260324/9S-488-07,9S-488-07,4,84,0.2359566134867963,1.716395375789051,548.1143048061958,583.0199523100468,515.7137513086086,1.1305107743019276,0.9230769230769232,0.4664341553897397,2477.178571428572,2346.5,208083.0,3825.0,1501.0,667.6986760095624,0.2695399854135284,3.2022626523134803,0.3166364187798657,-1.0684228121042318,672.1358242829641,450.5124053955078,56459.40923976898,3164.91845703125,0.0,740.4975509256074,1.1017082026769986,2.633686627890044,1.4544498807861697,1.8376807394428143,1,1,0.0,0.0119047619047619,1,1,0.4166666666666667,0.2261904761904762,13,INT,SYBR,9.0,2.11,16.0,False,7
260324,260324/9S-488-08,9S-488-08,1,171,0.4803402488838354,2.5023030350805566,782.0410473925454,867.4903051659727,707.4391478321961,1.2262401760267592,0.95,0.5787557675109617,3180.3216374269005,3423.0,543835.0,4095.0,1589.0,912.4086007729004,0.2868919262867707,2.7192485883117383,-0.3946032909631087,-1.4346261682624564,766.8468107201203,387.3931579589844,131130.80463314056,3837.0,0.0,876.7635000592932,1.143335915077946,2.5574578724735826,1.190601401390263,0.5230848673995618,8,2,0.0116959064327485,0.0,4,3,0.4970760233918128,0.2807017543859649,13,INT,SYBR,9.0,2.11,16.0,False,8
260324,260324/9S-488-08,9S-488-08,2,95,0.266855693824353,1.7784888188989791,582.8989810549554,647.7379564991635,525.0120123982706,1.2337583544808377,0.9693877551020408,0.5856950573857346,2928.2736842105264,2932.0,278186.0,4095.0,1592.0,895.0427713791025,0.3056554365820521,3.064776201200071,-0.0304551423889856,-1.5063098504261945,968.09670825632,683.5632934570312,91969.1872843504,3943.236328125,0.0,931.9775110543102,0.9626905071632094,2.8380890317396803,0.9492919602316114,0.1130300614131165,3,0,0.0,0.0,2,1,0.4210526315789473,0.2526315789473684,13,INT,SYBR,9.0,2.11,16.0,False,8
260324,260324/9S-488-09,9S-488-09,1,235,0.6601167163023469,3.1329770865972417,916.7806211612844,1190.6111044491522,709.5128123878238,1.6780685051228603,0.9437751004016064,0.8030414102638159,3539.5702127659574,4095.0,831799.0,4095.0,1739.0,772.5107959622051,0.2182498861517244,2.026289957666835,-0.9921697334729304,-0.6027360181585797,699.3759857687544,301.2191162109375,164353.3566556573,4090.0,0.0,911.79331305192,1.303724079187072,2.398308523318995,1.3825053662713045,0.9421795598753322,14,2,0.0085106382978723,0.0,4,8,0.5617021276595745,0.2680851063829787,13,INT,SYBR,9.0,2.11,16.0,False,9
260324,260324/9S-488-09,9S-488-09,2,161,0.452250175849693,2.4712563135255925,758.829893984983,865.2272605068616,667.3333172166656,1.2965443777265284,0.936046511627907,0.6364948323613263,3327.428571428572,3792.0,535716.0,4095.0,1725.0,862.7504615638125,0.2592844423384289,2.3841843484243244,-0.5592090943268849,-1.329039984832303,719.0764092984407,339.8321838378906,115771.30189704896,3649.079833984375,0.0,884.0808263370811,1.2294671538447843,2.570296594674946,1.3157679534534412,0.6930098021553093,10,2,0.0,0.0,3,4,0.5217391304347826,0.2546583850931677,13,INT,SYBR,9.0,2.11,16.0,False,9
260324,260324/9S-488-10,9S-488-10,1,110,0.3089908033755666,2.122209178570091,627.2314643074426,784.8284940036467,507.1166322179986,1.5476291727427818,0.9401709401709402,0.7632107639009188,1611.209090909091,1546.5,177233.0,2524.0,974.0,446.1663633330152,0.2769140056684233,3.2886952440682413,0.3161244880756705,-1.1218174856157035,291.3443967775865,192.8934555053711,32047.883645534515,1681.579833984375,0.0,343.5802915781918,1.1792926013966982,2.5348531422786524,1.8917773349637876,3.926717096555501,1,1,0.0,0.0363636363636363,1,3,0.4363636363636363,0.2,13,INT,SYBR,9.0,2.11,16.0,False,10
260324,260324/9S-488-10,9S-488-10,2,89,0.2500016500038675,1.7474420973440152,564.191445374674,656.6615542684842,484.4601318093564,1.3554501416163842,0.956989247311828,0.6750605928021642,2343.505617977528,2142.0,208572.0,4095.0,991.0,981.6735029760924,0.4188910388972261,3.2489579961409905,0.3442059875092163,-1.1493690412812505,952.3730421494902,561.8233032226562,84761.20075130463,4036.095458984375,0.0,1073.7912880021204,1.127490217046244,2.790261253196941,1.300737180251353,0.7846804232862508,1,1,0.1123595505617977,0.1797752808988764,1,2,0.4382022471910112,0.2584269662921348,13,INT,SYBR,9.0,2.11,16.0,False,10
260324,260324/9S-488-11,9S-488-11,1,192,0.5393294022555345,2.9209768109968834,828.670937459571,1000.0097526084736,693.2104307833488,1.442577474603826,0.9142857142857144,0.7207417509529194,1967.5989583333333,1793.0,377779.0,3959.0,967.0,751.5409932275996,0.3819584219866618,3.185927963199584,0.5286659881048716,-0.7649572628188439,296.7134659041961,138.60565948486328,56968.98545360565,3959.0,0.0,454.54951153734135,1.531947699617071,1.788573233959923,3.7542047944360335,22.76281649034233,1,4,0.03125,0.1458333333333333,1,9,0.515625,0.21875,13,INT,SYBR,9.0,2.11,16.0,False,11
260324,260324/9S-488-11,9S-488-11,2,129,0.3623619421404372,2.109349205434804,679.2448411583556,709.7560626504514,650.5305877444897,1.0910417988357894,0.9626865671641792,0.3999082678736085,2066.6279069767443,1887.0,266595.0,3704.0,996.0,815.4302456158445,0.3945704221176088,3.272804767233018,0.447999981610646,-1.0306030946936238,430.17572171558703,185.74978637695312,55492.66810131073,2303.337158203125,0.0,542.0667034733273,1.2601052921152942,2.4717609787188337,1.507820283499424,1.4167004713594746,1,4,0.0310077519379844,0.1472868217054263,1,2,0.5271317829457365,0.2635658914728682,13,INT,SYBR,9.0,2.11,16.0,False,11
260324,260324/9S-488-11,9S-488-11,3,169,0.4747222342770069,2.520489783500233,777.4542568193422,913.5150710222008,666.5612095001502,1.3704893984263495,0.949438202247191,0.6838033449397297,1791.5207100591715,1727.0,302767.0,2976.0,967.0,578.4452178938423,0.3228794479717385,3.328780561873282,0.3111317263801448,-1.106972366004216,247.0109843086209,113.71581268310548,41744.85634815693,1621.7451171875,0.0,332.5138755047541,1.3461501577974526,2.381661920588764,1.801339670668152,3.1370898330366863,1,4,0.0,0.0769230769230769,3,7,0.514792899408284,0.2130177514792899,13,INT,SYBR,9.0,2.11,16.0,False,11
260324,260324/9S-488-11,9S-488-11,4,142,0.3988790370848223,2.3652561757254134,712.6489764128476,884.5603202707823,578.1712075842688,1.529928001718863,0.9466666666666668,0.7568181204055168,1950.2323943661968,1807.5,276933.0,3508.0,980.0,712.5878586168354,0.3653861256101318,3.2863606690173577,0.4513846404146731,-0.9783571342771924,351.6732416203324,179.1240692138672,49937.6003100872,2365.239990234375,0.0,452.89880058468617,1.2878398097562316,2.371699006900678,1.9897672868414988,4.175440422539399,1,3,0.0,0.1338028169014084,1,4,0.4859154929577465,0.2112676056338028,13,INT,SYBR,9.0,2.11,16.0,False,11
260324,260324/9S-488-12,9S-488-12,1,214,0.6011275629306478,2.942930158342009,874.8596370581831,1042.5512392614055,738.9979658473634,1.4107633409599123,0.9344978165938864,0.7053732117755174,2214.5934579439254,2003.5,473923.0,4095.0,952.0,935.6678908794124,0.4225009730445542,3.326298724685251,0.4293439550176324,-1.0325780687681887,510.4241062482105,209.3303680419922,109230.75873711704,3624.890380859375,0.0,707.557906841791,1.3862156943224733,2.3128125239855324,2.190954855676814,5.393721863682979,1,4,0.1074766355140186,0.1588785046728972,1,8,0.5373831775700935,0.2289719626168224,13,INT,SYBR,9.0,2.11,16.0,False,12
260324,260324/9S-488-12,9S-488-12,2,124,0.348316905623366,2.1661158732603423,665.9510930537281,698.3689189029808,637.1661504374205,1.0960546451244215,0.9323308270676692,0.4093815625575015,1882.1935483870968,1771.5,233392.0,3173.0,970.0,633.0784083962669,0.3363513858278651,3.272997171068416,0.3991234810636134,-0.9880757318627716,440.9051710098021,256.0401992797852,54672.241205215454,2467.750244140625,0.0,508.82964516253554,1.1540568780292744,2.57738281491111,1.7237941262182856,2.8679619226837367,1,4,0.0,0.0967741935483871,1,4,0.4354838709677419,0.2338709677419354,13,INT,SYBR,9.0,2.11,16.0,False,12
260324,260324/9S-488-12,9S-488-12,3,96,0.2696647011277672,1.87539558248932,585.9588392498761,611.81875227586,564.7968098641315,1.0832546175730704,0.9411764705882352,0.3844543619615894,1432.8541666666667,1379.5,137554.0,2195.0,959.0,331.7792537902484,0.2315513061333283,3.281023827124181,0.4249511365929942,-0.8808743064903526,252.45602498327693,133.71612548828125,24235.778398394585,1589.21240234375,0.0,316.195765014751,1.2524785852732023,2.4251638237502653,2.0690569382740933,4.981579338642033,1,2,0.0,0.0104166666666666,1,2,0.46875,0.21875,13,INT,SYBR,9.0,2.11,16.0,False,12
260324,260324/9S-488-12,9S-488-12,4,136,0.3820249932643369,2.4712563135255925,697.4305187625058,1001.6814363999974,490.9202236108472,2.0404159132666555,0.918918918918919,0.8716683749134818,1782.889705882353,1681.0,242473.0,3104.0,961.0,574.6239823383909,0.3222992316588698,3.259899558673449,0.4296773353857772,-0.9281287635042332,434.514667300617,239.53441619873047,59093.99475288391,2911.0,0.0,556.697009717315,1.2811926768220383,2.377866319815538,2.0406406427818986,4.727845893690869,1,2,0.0,0.088235294117647,2,4,0.4779411764705882,0.2426470588235294,13,INT,SYBR,9.0,2.11,16.0,False,12
260324,260324/9S-488-13,9S-488-13,1,278,0.7809040303491593,3.5387908893782813,997.1348414751224,1143.7214395778503,874.9566296049527,1.3071750083135507,0.9266666666666666,0.6440201751269974,1291.089928057554,1211.0,358923.0,2569.0,522.0,580.8934881639926,0.4499248855871313,3.319268873657129,0.5087095714478175,-0.9474233327032286,167.26079309308273,58.957950592041016,46498.500479877,1592.5557861328125,0.0,264.811265524032,1.5832237826151,2.02543619865316,2.3807436798269714,6.258592243221173,1,4,0.1402877697841726,0.1906474820143885,1,15,0.5719424460431655,0.2050359712230215,13,INT,SYBR,9.0,2.11,16.0,False,13
260324,260324/9S-488-13,9S-488-13,2,160,0.4494411685462787,2.4091628704156647,756.4696086592663,833.0196248659511,688.7623680965614,1.209444161660652,0.9523809523809524,0.5624576423829992,1041.1,952.5,166576.0,2222.0,531.0,394.1924983890022,0.3786307735942774,3.089513550023734,0.6256800533424889,-0.5813752483580483,130.18014706894755,48.718841552734375,20828.82353103161,2222.0,0.0,229.25302920003284,1.761044478453486,1.4843826425515605,5.3661937346170125,43.47208421184943,1,4,0.0,0.13125,1,7,0.5875,0.225,13,INT,SYBR,9.0,2.11,16.0,False,13
260324,260324/9S-488-13,9S-488-13,3,160,0.4494411685462787,2.8551167689615067,756.4696086592663,969.1766811593876,601.8225679788576,1.6104026879786857,0.903954802259887,0.7838401151671948,830.2125,776.5,132834.0,1290.0,520.0,214.71840232173275,0.2586306545875095,3.2831675620547545,0.3390961215351938,-1.0992130366693365,73.26129790730775,41.22843170166016,11721.80766516924,525.0144653320312,0.0,96.4335483643992,1.316295931398999,2.3433222972994705,2.08044378578967,4.8739919487555685,1,3,0.0,0.03125,2,9,0.46875,0.21875,13,INT,SYBR,9.0,2.11,16.0,False,13
260324,260324/9S-488-13,9S-488-13,4,114,0.3202268325892236,2.1623492743348938,638.5338413411511,694.9408328325142,592.574716801295,1.172748031815784,0.926829268292683,0.5224040363268527,796.2456140350877,781.0,90772.0,1249.0,518.0,194.5722133798429,0.2443620535550841,3.2071768181831857,0.442657186036232,-0.7903359282602413,72.45567512825916,47.92049026489258,8259.946964621544,448.2255554199219,0.0,96.64120683355942,1.3337976171291988,2.300291586698796,2.269820980876277,5.775951470033464,1,3,0.0,0.0350877192982456,1,3,0.4385964912280701,0.2280701754385964,13,INT,SYBR,9.0,2.11,16.0,False,13
260324,260324/9S-488-13,9S-488-13,5,137,0.3848340005677512,2.409162870415664,699.9899054139959,889.8825392750073,555.9416430005956,1.6006761689446851,0.9133333333333332,0.7808360592619977,973.3430656934306,920.0,133348.0,1714.0,517.0,327.328186587483,0.3362927195194916,3.258151476530222,0.3801634223349364,-1.0191136695233909,127.7241511501535,65.85847473144531,17498.20870757103,990.0150146484376,0.0,177.20063920525433,1.387369871786706,2.237228995617728,2.4662593510695783,7.727550662552268,1,2,0.0,0.1094890510948905,2,6,0.4963503649635036,0.2335766423357664,13,INT,SYBR,9.0,2.11,16.0,False,13
260324,260324/9S-488-14,9S-488-14,1,259,0.7275328915842887,3.3926506558133003,962.4570887372778,1173.991671501795,800.4733321796895,1.4666218402367197,0.925,0.731502255078781,821.6293436293437,777.0,212802.0,1520.0,397.0,286.6058283445059,0.3488261836882502,3.288057056320029,0.3800413666321708,-0.9002758141339613,121.10009969983784,42.43867111206055,31364.925822258,1087.622802734375,0.0,185.09507075099927,1.5284468898851546,2.0900774771779504,2.445408873521776,6.656513475720843,2,4,0.0115830115830115,0.1081081081081081,3,16,0.5366795366795367,0.2046332046332046,13,INT,SYBR,9.0,2.11,16.0,False,14
260324,260324/9S-488-14,9S-488-14,2,190,0.533711387648706,3.0451636972167395,824.3436445013756,1051.996284048107,656.0089901513019,1.6036308950666591,0.9004739336492891,0.7817556404075383,833.6421052631579,724.0,158392.0,1750.0,397.0,361.6804815089406,0.4338558228111187,3.2045382316357776,0.844186359524096,-0.308646602748948,153.45696612659253,55.06030464172363,29156.82356405258,1675.0,0.0,269.74351313704085,1.757779525723968,1.8553566411989848,2.844298596147389,8.92648908442035,1,4,0.0421052631578947,0.1578947368421052,1,11,0.5684210526315789,0.1631578947368421,13,INT,SYBR,9.0,2.11,16.0,False,14
260324,260324/9S-488-14,9S-488-14,3,83,0.2331476061833821,1.926512351926685,544.84195135197,672.0270808180143,456.79833707217415,1.471167966865505,0.8736842105263158,0.7334605353030287,540.8072289156627,530.0,44887.0,764.0,394.0,93.78926271575033,0.173424572936647,3.237791486130296,0.4567390011697432,-0.5606098018852128,70.345160187727,33.11520004272461,5838.648295581341,350.79949951171875,0.0,90.19744687870244,1.2822125450847868,2.360074794367004,1.3198410039677655,0.9623247870456736,1,2,0.0,0.0,1,2,0.5301204819277109,0.2771084337349397,13,INT,SYBR,9.0,2.11,16.0,False,14
260324,260324/9S-488-15,9S-488-15,1,248,0.6966338112467321,3.279117320162224,941.7970676737692,1130.4374443852184,791.525222045604,1.428176150172114,0.9219330855018588,0.7139528881048474,1290.979838709677,1205.5,320163.0,2172.0,711.0,380.6267732077776,0.2948355673688991,3.313979952666229,0.3857375915615507,-0.9885567795392468,159.49305710088342,87.22100448608398,39554.27816101909,1563.495849609375,0.0,219.90307023273093,1.378762651051554,2.06773424737379,2.691565659739428,10.871380553154951,1,4,0.0,0.0604838709677419,1,16,0.4717741935483871,0.2419354838709677,13,INT,SYBR,9.0,2.11,16.0,False,15
260324,260324/9S-488-15,9S-488-15,2,211,0.5927005410204051,2.9172102120714345,868.7058000342264,1012.7551989947634,749.9114448793674,1.3504997235475955,0.9419642857142856,0.6720931088399799,1687.5545023696682,1517.0,356074.0,3490.0,708.0,787.5713244290738,0.4666938598564752,3.2363584171623456,0.6996467702879391,-0.6331271934216094,396.6085865644482,108.2829132080078,83684.41176509857,3413.0,0.0,647.0859077525912,1.6315479030796043,2.009725504701385,2.3610162140596547,5.851055821417969,1,4,0.1137440758293838,0.1895734597156398,2,8,0.6113744075829384,0.2227488151658767,13,INT,SYBR,9.0,2.11,16.0,False,15
260324,260324/9S-488-15,9S-488-15,3,69,0.1938215039355827,1.641441959543836,496.7707755402142,567.3685156906233,441.08791506681854,1.2862934945852575,0.8961038961038961,0.6289724990755116,928.9565217391304,910.0,64098.0,1234.0,719.0,131.63054745391705,0.1416972101207569,3.1365392767819986,0.1759275290898785,-1.007392155879678,123.7871698477994,78.53223419189453,8541.314719498158,556.9061279296875,0.0,127.65865620235397,1.0312753442809517,2.733941726422722,1.2087579509760795,1.152111372697572,1,0,0.0,0.0,1,1,0.4492753623188406,0.2898550724637681,13,INT,SYBR,9.0,2.11,16.0,False,15
260324,260324/13D-BOD-405-01,13D-BOD-405-01,1,149,0.4185420882087221,2.6340231191513097,730.0029711195548,922.096367419553,586.4214982323454,1.572412283995445,0.8922155688622755,0.7717174703287323,1527.3221476510066,1448.0,227571.0,2584.0,814.0,482.3069459527567,0.3157859962251814,3.3244404871502384,0.4019196159464923,-0.9515676328838064,296.172504131426,155.85704040527344,44129.70311558247,2238.14697265625,0.0,388.28146927832336,1.3109976917574504,2.313452280130944,2.0319497126520285,4.924724678493943,1,3,0.0,0.0805369127516778,1,6,0.4966442953020134,0.2348993288590604,13,BOD,DAPI,,2.11,16.0,False,1
260324,260324/13D-BOD-405-01,13D-BOD-405-01,2,180,0.5056213146145636,3.2298838501875826,802.3571850667515,1387.3379721219335,469.21038778034864,2.9567503368475894,0.8910891089108911,0.9410709723591696,1704.4388888888889,1664.5,306799.0,2894.0,814.0,567.5179436425781,0.3329646767286205,3.335933566819328,0.2493593350198567,-1.0390365419851737,451.1939602971077,194.39156341552732,81214.91285347939,2894.0,0.0,634.7044195371993,1.4067218876760923,2.2826692198632794,1.91981447835005,3.2318520002576188,2,4,0.0444444444444444,0.0777777777777777,2,11,0.5333333333333333,0.2277777777777777,13,BOD,DAPI,,2.11,16.0,False,1
260324,260324/13D-BOD-405-01,13D-BOD-405-01,3,108,0.3033727887687381,2.250162663715396,621.5032030946782,790.0404677500444,496.03072999587306,1.5927248454074965,0.8780487804878049,0.7783304582476044,1434.925925925926,1390.0,154972.0,2251.0,809.0,426.5269809634424,0.2972466893635739,3.277568869339317,0.2092207773989884,-1.1919490675096065,313.4690416124132,164.08002471923828,33854.656494140625,1740.9912109375,0.0,395.97820644002553,1.2632131211529023,2.4482536316396404,1.6651605171856252,2.4976775993353115,1,1,0.0,0.037037037037037,1,3,0.4907407407407407,0.2685185185185185,13,BOD,DAPI,,2.11,16.0,False,1
260324,260324/13D-BOD-405-02,13D-BOD-405-02,1,171,0.4803402488838354,2.701443337545628,782.0410473925454,866.8683408417736,742.9236674744676,1.1668336584142618,0.9193548387096774,0.5152828342459248,1717.5380116959063,1680.0,293699.0,2909.0,747.0,634.6155042641914,0.3694913882211949,3.356035602482147,0.1795588521153655,-1.2335598014180842,270.8213779968128,71.05502319335938,46310.45563745499,1899.5394287109373,0.0,415.5851488155212,1.5345359804661067,2.1781487102467603,1.995500578281866,3.605841457157168,1,2,0.0701754385964912,0.1286549707602339,2,7,0.5847953216374269,0.2280701754385964,13,BOD,DAPI,,2.11,16.0,False,2
260324,260324/13D-BOD-405-02,13D-BOD-405-02,2,138,0.3876430078711654,2.4913263614079937,702.5399681595715,865.5912005125025,600.7635742817267,1.440818381086776,0.913907284768212,0.7199267983542873,1870.4782608695648,1829.0,258126.0,3255.0,745.0,715.9321647247483,0.3827535340570701,3.3659683871257857,0.0663267481951911,-1.2532011580932088,324.49556970596313,134.5602264404297,44780.38861942291,2921.068603515625,0.0,494.1163438697103,1.522721386666223,2.03184571506898,2.777338259692673,9.432212138449968,1,3,0.1231884057971014,0.1159420289855072,1,6,0.5217391304347826,0.2318840579710145,13,BOD,DAPI,,2.11,16.0,False,2
260324,260324/13D-BOD-405-02,13D-BOD-405-02,3,92,0.2584286719141103,1.9666524476914875,573.6214819673636,627.3629544443675,544.1690380308769,1.1528824879756758,0.9108910891089108,0.4976270629792036,1401.2934782608695,1450.0,128919.0,2131.0,752.0,382.38851820903096,0.2728825361291264,3.2590772545967317,-0.0833313709029181,-1.0893063476130376,188.78200441858044,72.40982055664062,17367.9444065094,1445.1766357421875,0.0,293.2865720313084,1.5535727196804907,2.1039388408339503,2.5541269524919104,7.488234010255663,1,1,0.0,0.0217391304347826,1,2,0.5434782608695652,0.2391304347826087,13,BOD,DAPI,,2.11,16.0,False,2
260324,260324/13D-BOD-405-02,13D-BOD-405-02,4,123,0.3455078983199517,2.310372807362599,663.2603705629474,850.8927774616201,544.1117209570459,1.5638199742600152,0.9044117647058824,0.7688245383097049,1240.0,1210.0,152520.0,1889.0,745.0,299.1079085942171,0.241216055317917,3.2986897415133614,0.2678075868067547,-0.8483413157066577,169.33624959113152,94.0196304321289,20828.358699709177,1014.3395385742188,0.0,225.85735835430543,1.3337803270099946,2.3890070034578663,1.8041529753340315,3.129146260488396,1,2,0.0,0.016260162601626,1,5,0.4878048780487805,0.2439024390243902,13,BOD,DAPI,,2.11,16.0,False,2
260324,260324/13D-BOD-405-02,13D-BOD-405-02,5,126,0.3539349202301945,2.372466250472528,671.3001837477544,846.4842348473597,550.345358650453,1.538096436250672,0.9264705882352942,0.759802208606713,1271.2936507936508,1209.5,160183.0,2112.0,749.0,365.58061365363056,0.287565829834361,3.289777770862118,0.4371197230161953,-0.9366820624556812,190.6957626055394,82.89645767211914,24027.666088297963,2017.0,0.0,308.5622519799684,1.6180865676509015,1.9026877033872729,3.0720170790415486,12.260553286439542,1,1,0.0,0.0555555555555555,2,6,0.5317460317460317,0.238095238095238,13,BOD,DAPI,,2.11,16.0,False,2
260324,260324/13D-BOD-405-02,13D-BOD-405-02,6,111,0.3117998106789809,2.3652561757254134,630.0760660407722,776.9584935917301,549.9325600982205,1.412825044316273,0.8604651162790697,0.7064111561860754,1268.8468468468468,1231.0,140842.0,1936.0,760.0,325.648226219593,0.2566489620310335,3.313786406003042,0.1492792220366674,-1.1356835022131249,191.08466033248212,113.64338684082033,21210.39729690552,1129.1280517578125,0.0,248.1168340501217,1.298465473986269,2.378511629135949,1.8446253755605255,3.65599711444732,1,2,0.0,0.018018018018018,1,6,0.4774774774774775,0.2522522522522522,13,BOD,DAPI,,2.11,16.0,False,2
260324,260324/13D-BOD-405-02,13D-BOD-405-02,7,140,0.3932610224779939,2.665069840706274,707.612524777484,984.6579554252872,531.3649793370474,1.8530727347778668,0.8860759493670886,0.841893170374884,1173.8857142857144,1164.5,164344.0,1828.0,746.0,258.5522249601813,0.2202533192232474,3.1922584362729984,0.2741103763165783,-0.642013432920554,147.77741335630418,92.61693572998048,20688.837869882584,845.063720703125,0.0,183.97280246301108,1.2449318084857577,2.4348156942434014,1.655787671960362,2.6128771119629555,2,3,0.0,0.0142857142857142,2,9,0.45,0.2428571428571428,13,BOD,DAPI,,2.11,16.0,False,2
260324,260324/13D-BOD-405-03,13D-BOD-405-03,1,249,0.6994428185501463,3.4108374042329768,943.6939418365826,1090.7183726916282,822.4286381502533,1.3262164303334485,0.9256505576208178,0.6568460172717564,1827.823293172691,1733.0,455128.0,3323.0,869.0,665.8577303267459,0.3642899906210115,3.33772247406648,0.3253590872971019,-1.0520659090021278,303.9828396532909,99.298095703125,75691.72707366943,2631.24755859375,0.0,505.4550249762902,1.6627748643732303,2.0390459111130865,2.5105332977485584,6.6698116080535925,1,4,0.036144578313253,0.1044176706827309,2,15,0.5662650602409639,0.1967871485943775,13,BOD,DAPI,,2.11,16.0,False,3
260324,260324/13D-BOD-405-03,13D-BOD-405-03,2,249,0.6994428185501463,3.1201171134619545,943.6939418365826,1121.283407978186,795.7344800323641,1.4091175336936277,0.9613899613899614,0.7045402702682001,1780.2449799196788,1659.0,443281.0,3102.0,868.0,611.3354830265936,0.3433996387700393,3.340878661754335,0.2667224155305701,-1.1517386707827502,262.2147453932398,112.24232482910156,65291.47160291672,2623.903076171875,0.0,397.49933645856737,1.515930524282466,2.0337118761996007,2.646045036159484,9.20554032038056,1,5,0.0200803212851405,0.1044176706827309,2,10,0.5220883534136547,0.2208835341365461,13,BOD,DAPI,,2.11,16.0,False,3
260324,260324/13D-BOD-405-03,13D-BOD-405-03,3,212,0.5955095483238193,2.9648835056871348,870.7619113128812,1013.660706395906,750.9880892419144,1.3497693517604878,0.9464285714285714,0.6716514100585249,1735.0943396226414,1659.0,367840.0,3153.0,863.0,596.5518696961317,0.343815235905774,3.3023940591845182,0.3678318103289165,-0.9259309126586728,288.48189858558044,132.5928955078125,61158.16250014305,3075.0,0.0,438.4723886183932,1.519930334513924,1.96008885832722,2.9810596307808592,11.805976270995645,1,4,0.0094339622641509,0.080188679245283,1,10,0.5188679245283019,0.2264150943396226,13,BOD,DAPI,,2.11,16.0,False,3
260324,260324/13D-BOD-405-03,13D-BOD-405-03,4,156,0.4382051393326218,2.8479066942143927,746.9538888743239,1079.2140231837109,533.7585094989241,2.0219144125624213,0.8863636363636364,0.8691316675887093,1213.929487179487,1187.0,189373.0,1879.0,864.0,230.1998602106996,0.1896319865707843,3.188113187275439,0.3388076433456194,-0.7389885018708555,155.70649235561874,86.39280700683594,24290.21280747652,1210.8170166015625,0.0,205.5837375633868,1.3203286160595875,2.1975138184084204,2.090644195436364,5.665587982510365,1,3,0.0,0.0064102564102564,3,8,0.4807692307692308,0.2564102564102564,13,BOD,DAPI,,2.11,16.0,False,3
260324,260324/13D-BOD-405-04,13D-BOD-405-04,1,210,0.5898915337169909,3.0323037240814523,866.6448106536773,1149.5599528962732,669.5012080805636,1.7170394004097784,0.9333333333333332,0.8129039191301688,2238.442857142857,2275.5,470073.0,3553.0,1045.0,736.8909270345678,0.3291980068569333,3.381550260351095,-0.0129171300656681,-1.32727509193627,426.7045335281463,211.73461151123047,89607.95204091072,3303.8623046875,0.0,590.7636719679497,1.3844794829886231,2.254975379477998,2.0965672349935613,4.962252210048067,1,3,0.0476190476190476,0.0476190476190476,2,10,0.5,0.238095238095238,13,BOD,DAPI,,2.11,16.0,False,4
260324,260324/13D-BOD-405-04,13D-BOD-405-04,2,152,0.4269691101189648,2.5643964781904844,737.3153703699986,840.6404014014483,669.9793179180516,1.2547258981273075,0.9101796407185628,0.6039966996749008,2141.618421052632,2060.5,325526.0,3560.0,1061.0,700.8105329560381,0.3272340796413122,3.3621961259817432,0.1523716874675721,-1.2184213250876197,459.78541600704193,225.9624557495117,69887.38323307037,3302.251708984375,0.0,687.229519462616,1.4946744623411254,2.213469930389499,2.225635808800581,4.952325491536455,1,4,0.0131578947368421,0.0657894736842105,3,9,0.5,0.2171052631578947,13,BOD,DAPI,,2.11,16.0,False,4
260324,260324/13D-BOD-405-04,13D-BOD-405-04,3,109,0.3061817960721524,2.3652561757254134,624.3739029116301,851.505283381535,468.87452521299,1.8160621607555496,0.8861788617886179,0.8347415460326852,1426.8165137614678,1402.0,155523.0,1930.0,1039.0,247.09445506682383,0.1731788584471994,3.3108360544818844,0.2550870497704924,-1.069410911911779,256.46826745391985,194.10479736328125,27955.041152477264,1320.1812744140625,0.0,278.6000533244843,1.0862944413758358,2.654784085572337,1.4472440246417213,2.2446533808668736,1,2,0.0,0.0,2,6,0.4403669724770642,0.2844036697247706,13,BOD,DAPI,,2.11,16.0,False,4
260324,260324/13D-BOD-405-05,13D-BOD-405-05,1,262,0.7359599134945315,3.270023945952385,968.0151162048592,1251.9774177308727,753.4947085350274,1.6615609951196797,0.9527272727272728,0.7986139074311961,2825.950381679389,2726.0,740399.0,4095.0,1311.0,942.4593822461326,0.3335017445302961,3.231587984981457,-0.000547455807092,-1.4432654280054646,460.1877259844132,211.8295440673828,120569.18420791626,2974.683349609375,0.0,592.3673022150249,1.2872296864238588,2.446484835309835,1.692638989903667,2.763125487384557,7,4,0.0458015267175572,0.0,6,14,0.5114503816793893,0.2519083969465648,13,BOD,DAPI,,2.11,16.0,False,5
260324,260324/13D-BOD-405-05,13D-BOD-405-05,2,166,0.4662952123667642,2.8513501700360577,770.522876951778,1041.1005639729146,586.4667400550347,1.7752081965896591,0.8924731182795699,0.826242762521515,2215.0,2242.5,367690.0,3277.0,1298.0,549.0294025354971,0.247868804756432,3.3685997932635576,0.0450441133745042,-1.193176289305921,340.72868755064815,164.69641876220703,56560.96213340759,2294.1875,0.0,468.14641479362814,1.3739565581017883,2.2721520356628275,1.827728175766923,3.2616093720780466,1,5,0.0,0.0,3,8,0.5,0.2409638554216867,13,BOD,DAPI,,2.11,16.0,False,5
260324,260324/13D-BOD-405-05,13D-BOD-405-05,3,122,0.3426988910165375,2.2774427863449107,660.5586877629735,802.7155770991142,565.8042408086282,1.4187160844745532,0.9242424242424242,0.7093437979351401,2218.467213114754,2234.0,270653.0,3456.0,1301.0,557.9521912103819,0.2515034650555013,3.268523703709448,0.1641199339253364,-1.0051116855258224,383.92440486345134,145.75641632080078,46838.77739334106,3403.544677734375,0.0,618.2902227353114,1.6104478248920278,2.003551393151269,2.63230668584999,7.609985118656233,1,2,0.0,0.0327868852459016,1,4,0.5491803278688525,0.2131147540983606,13,BOD,DAPI,,2.11,16.0,False,5
260324,260324/13D-BOD-405-05,13D-BOD-405-05,4,88,0.2471926427004533,1.8973489298344457,561.0128767272698,794.2244341661839,397.7607211921775,1.9967392249936504,0.9361702127659576,0.8655534693380696,2513.6477272727275,2404.5,221201.0,4095.0,1293.0,861.3014616328404,0.3426500270057095,3.2659798056802694,0.2937540864751607,-1.146511286307327,861.3070113008672,522.2096252441406,75795.01699447632,3902.0,0.0,929.0748704989444,1.078680259546157,2.686929639655025,1.127408500737286,0.6678939952987286,1,2,0.0,0.1022727272727272,1,2,0.4772727272727273,0.2727272727272727,13,BOD,DAPI,,2.11,16.0,False,5
260324,260324/13D-BOD-405-06,13D-BOD-405-06,1,111,0.3117998106789809,2.109349205434804,630.0760660407722,722.5954649012509,556.8669085307478,1.2976089148621988,0.9173553719008264,0.6372607955918966,1957.8648648648648,1875.0,217323.0,3286.0,1012.0,675.9419351943626,0.3452444279094907,3.2564169805117804,0.3071383717321101,-1.1299306840000634,415.07703662563017,230.49224853515625,46073.55106544495,1818.2967529296875,0.0,488.249132368893,1.176285579029174,2.673036095442219,1.3243758000941164,0.7703882383931937,1,4,0.0,0.09009009009009,1,2,0.4864864864864865,0.2612612612612612,13,BOD,DAPI,,2.11,16.0,False,6
260324,260324/13D-BOD-405-06,13D-BOD-405-06,2,100,0.2809007303414242,1.9283956513894096,598.0417360148784,727.3177097068822,492.1661531573687,1.4777889642368895,0.9345794392523364,0.736271170135238,2239.48,2031.0,223948.0,4036.0,1020.0,907.3855380969408,0.4051768884280908,3.2187838548539647,0.481313854589556,-1.0264926065804332,667.4987108516693,322.81520080566406,66749.87108516693,3718.22998046875,0.0,874.5947489235709,1.310256836013459,2.4118434193304674,1.5729360986995329,1.7390240929163705,1,2,0.04,0.16,1,2,0.51,0.24,13,BOD,DAPI,,2.11,16.0,False,6
260324,260324/13D-BOD-405-06,13D-BOD-405-06,3,75,0.2106755477560681,1.628581986408549,517.9193359122318,582.6984473527673,461.6658213722038,1.262165012824254,0.925925925925926,0.6101454394839909,1659.3466666666666,1598.0,124451.0,2689.0,1011.0,455.8752049876397,0.2747317448158148,3.2462208005051734,0.4144834536114262,-0.8535085669279274,334.5831326293945,186.67828369140625,25093.73494720459,1900.0546875,0.0,393.2260315155641,1.1752715339392978,2.5546942189570583,1.8112620139521587,3.4981737486903377,1,1,0.0,0.0266666666666666,1,2,0.4533333333333333,0.24,13,BOD,DAPI,,2.11,16.0,False,6
260324,260324/13D-BOD-405-06,13D-BOD-405-06,4,107,0.3005637814653239,2.065442510744553,618.619181950243,779.3031515725069,493.8190710798163,1.5781147331317782,0.8916666666666667,0.7736055284338156,1829.3457943925237,1738.0,195740.0,3295.0,1003.0,611.4497171940423,0.33424501757312,3.160277152316316,0.4788549177762829,-0.888169305663113,383.1103469567879,190.41526794433597,40992.8071243763,3295.0,0.0,525.2280238366664,1.370957553114347,2.1237162952853774,2.512003056634854,8.682122012951348,1,3,0.0,0.0841121495327102,1,5,0.5046728971962616,0.2149532710280373,13,BOD,DAPI,,2.11,16.0,False,6
260324,260324/13D-BOD-405-07,13D-BOD-405-07,1,237,0.6657347309091753,3.1859771554973317,920.6735500149792,1112.897210886853,765.2184635648443,1.4543522717712711,0.9367588932806324,0.7260979100960356,2146.105485232068,2053.0,508627.0,3567.0,1048.0,721.2568842395926,0.3360770890353509,3.406442468796738,0.2140508835451622,-1.1829353080519145,374.2590580741061,187.3549346923828,88699.39676356316,2775.58984375,0.0,538.9936371969013,1.4401619027485943,2.2390214335200445,2.1987424491995777,5.158342060953146,1,4,0.0126582278481012,0.0886075949367088,4,13,0.4978902953586498,0.2236286919831223,13,BOD,DAPI,,2.11,16.0,False,7
260324,260324/13D-BOD-405-07,13D-BOD-405-07,2,230,0.6460716797852757,3.0580236703520267,906.9751989090364,1046.6808335690837,788.413831791812,1.3275779690347564,0.931174089068826,0.6577326868125684,2060.1304347826085,2003.5,473830.0,3390.0,1027.0,696.9494543110275,0.3383035571650936,3.3548520768240517,0.2547066665288149,-1.1770706922211274,349.2441575485728,184.17808532714844,80326.15623617172,2762.11279296875,0.0,470.8593929825962,1.3482241085653932,2.234715002667876,1.905268044794253,4.146623583457324,1,4,0.0130434782608695,0.0826086956521739,2,12,0.4956521739130435,0.2478260869565217,13,BOD,DAPI,,2.11,16.0,False,7
260324,260324/13D-BOD-405-07,13D-BOD-405-07,3,198,0.55618344607602,2.8422567958262195,841.5193150909048,988.9121655399864,717.8491268952992,1.3776044693639684,0.9428571428571428,0.6878026173418287,1890.1161616161617,1781.5,374243.0,3280.0,1026.0,631.4666367604367,0.3340887981300023,3.2643056460089444,0.3253933249246141,-1.0824382075760957,330.39304887465755,150.07872772216797,65417.8236771822,2888.09521484375,0.0,470.1380333324692,1.422965873325099,2.1945073462657505,2.362424200454122,7.113751885412729,1,4,0.0,0.0808080808080808,2,9,0.5050505050505051,0.2323232323232323,13,BOD,DAPI,,2.11,16.0,False,7
260324,260324/13D-BOD-405-07,13D-BOD-405-07,4,124,0.348316905623366,2.3542795020528504,665.9510930537281,922.4220934934516,485.1522581142487,1.901304339134355,0.8794326241134752,0.8505125676377592,1859.1612903225807,1811.0,230536.0,3112.0,1030.0,549.7565519908408,0.2957013761272176,3.2814915451124334,0.3323710654377597,-0.8674155976479767,432.2028531028378,238.3390274047852,53593.15378475189,3112.0,0.0,570.284684516153,1.3194838498219263,2.364305910932502,2.2502959009181644,5.967756437280725,1,2,0.0,0.0564516129032258,2,5,0.4919354838709677,0.2338709677419354,13,BOD,DAPI,,2.11,16.0,False,7
260324,260324/13D-BOD-405-08,13D-BOD-405-08,1,190,0.533711387648706,2.7673033795810045,824.3436445013756,939.8206403521984,725.5180196898239,1.295378770542452,0.931372549019608,0.6356529169510765,2447.3315789473686,2321.0,464993.0,4095.0,1126.0,897.7791237727405,0.3668400030039607,3.368791504001429,0.2530514136427916,-1.2058216275848397,471.8621376473653,246.7534866333008,89653.8061529994,2801.8310546875,0.0,606.8882949712078,1.2861559480001148,2.5063640480810347,1.8118183976377835,3.075753575972484,1,4,0.0631578947368421,0.1263157894736842,1,9,0.4789473684210526,0.231578947368421,13,BOD,DAPI,,2.11,16.0,False,8
260324,260324/13D-BOD-405-08,13D-BOD-405-08,2,153,0.429778117422379,2.983070254106812,739.7367738351292,1262.6045969119327,446.74987385607983,2.826200231493921,0.8742857142857143,0.9353090055618744,1927.2875816993464,1974.0,294875.0,2869.0,1126.0,489.59768222171607,0.254034575260441,3.372593978934886,0.0342340486116225,-1.1451219798778425,384.2912907382242,173.80181884765625,58796.5674829483,2257.859375,0.0,503.6964820543954,1.3107153198470711,2.448285505292842,1.6589845172041155,2.428024300780656,1,3,0.0,0.0,2,11,0.5163398692810458,0.2679738562091503,13,BOD,DAPI,,2.11,16.0,False,8
260324,260324/13D-BOD-405-08,13D-BOD-405-08,3,38,0.1067422775297412,1.1387213931724554,368.6576851849993,408.3494949065723,342.07440117618785,1.1937446751423209,0.8837209302325582,0.546130561143735,1747.8684210526317,1648.5,66419.0,2697.0,1169.0,438.2016795367071,0.2507063313569139,2.916899603178833,0.4915517821716492,-0.8560080304323132,423.17742317601255,270.35398864746094,16080.742080688477,2697.0,0.0,555.7073551785071,1.313178172426678,2.291595572109994,2.55710493908354,7.568838932209028,1,1,0.0,0.0263157894736842,0,1,0.4210526315789473,0.2105263157894736,13,BOD,DAPI,,2.11,16.0,False,8
260324,260324/13D-BOD-405-09,13D-BOD-405-09,1,397,1.115175899455454,3.9627914405789983,1191.5897173617636,1227.032528731631,1159.9051262232172,1.057873183755113,0.9659367396593674,0.3262228541232968,2659.667506297229,2570.0,1055888.0,4095.0,1042.0,1078.509257007836,0.4055052950995853,3.162799033053928,0.0391613486137033,-1.493257440129878,367.1232609535927,136.94940185546875,145747.93459857628,3214.469482421875,0.0,540.7295149486865,1.4728827411920355,2.1272937351469183,2.1698975117419206,5.266493172279912,10,4,0.1309823677581864,0.2141057934508816,6,24,0.5541561712846348,0.2518891687657431,13,BOD,DAPI,,2.11,16.0,False,9
260324,260324/13D-BOD-405-09,13D-BOD-405-09,2,265,0.7443869354047742,3.460070874207618,973.5414129566228,1023.3519507438826,965.8525421710342,1.0595322847560165,0.9363957597173144,0.3304809137828162,2018.698113207547,2018.0,534955.0,3192.0,1054.0,593.607939461629,0.2940548344390307,3.3970485688925,0.0077132609400061,-1.266884712043977,253.04766212499368,91.1292724609375,67057.63046312332,2553.0341796875,0.0,400.0185278153565,1.580803096365957,1.9710943349838117,2.4695323037173376,7.149232954538908,1,4,0.0,0.0150943396226415,2,15,0.5622641509433962,0.2037735849056604,13,BOD,DAPI,,2.11,16.0,False,9
260324,260324/13D-BOD-405-09,13D-BOD-405-09,3,250,0.7022518258535605,3.4033042063820798,945.5870108240828,989.4187248285198,942.0935246081305,1.0502340786601572,0.929368029739777,0.3055729016828682,2019.08,2006.5,504770.0,3349.0,1049.0,574.5363222131119,0.2845535205207876,3.309760810458708,0.0679416678419413,-1.1545421328657757,251.281667886734,79.15401077270508,62820.4169716835,2860.980712890625,0.0,396.94137503185823,1.5796670659269136,1.820637330876424,2.481124866185348,8.613536013554684,1,4,0.0,0.016,2,11,0.576,0.244,13,BOD,DAPI,,2.11,16.0,False,9
260324,260324/13D-BOD-405-09,13D-BOD-405-09,4,195,0.5477564241657772,3.1129070387148405,835.119835790406,958.6672026245336,737.997440205729,1.2990115553209631,0.8986175115207373,0.6382657622722212,1608.7282051282052,1581.0,313702.0,2432.0,1042.0,373.09839913551417,0.2319213388229123,3.334157602335442,0.2668632364976319,-1.055905794776357,212.12011122581285,94.22834777832033,41363.42168903351,1409.2415771484375,0.0,282.7723800534539,1.3330767102626495,2.3709408250530943,1.8641189410426344,3.5543209405075755,1,4,0.0,0.0051282051282051,3,12,0.5128205128205128,0.2512820512820513,13,BOD,DAPI,,2.11,16.0,False,9
260324,260324/13D-BOD-405-09,13D-BOD-405-09,5,281,0.789331052259402,3.833277779074753,1002.5006282412436,1597.2361298742364,631.8296865499834,2.527953598691632,0.9493243243243245,0.9184328669977712,2458.5871886120995,2422.0,690863.0,4081.0,1065.0,898.0690319351828,0.3652784965670276,3.37588004982449,0.0876289001337244,-1.3423605679576385,514.4725861617254,211.78086853027344,144566.79671144483,3576.614501953125,0.0,730.6195064172545,1.420133017908913,2.294597338889997,1.9701263334485144,3.987568152926832,2,5,0.0854092526690391,0.099644128113879,5,18,0.5551601423487544,0.2562277580071174,13,BOD,DAPI,,2.11,16.0,False,9
260324,260324/13D-BOD-405-09,13D-BOD-405-09,6,139,0.3904520151745796,2.7381399574887646,705.080808164432,1029.3917674518466,496.2089441784429,2.074512721966705,0.8633540372670807,0.876148709539296,1310.1007194244603,1284.0,182104.0,1849.0,1034.0,189.9046020980782,0.1449542003011074,3.201265208620437,0.4025677252327656,-0.7032571659352662,164.24745194002878,118.40581512451172,22830.395819664,1306.0670166015625,0.0,201.5870154097145,1.2273372465060792,2.2249194798732503,2.2192440627524346,7.9340693504630835,2,3,0.0,0.0,3,8,0.460431654676259,0.2877697841726618,13,BOD,DAPI,,2.11,16.0,False,9
260324,260324/13D-BOD-405-09,13D-BOD-405-09,7,84,0.2359566134867963,1.8534422351441944,548.1143048061958,715.0875453854154,424.26782758236646,1.6854625755156742,0.9032258064516128,0.8049748515544325,1512.654761904762,1517.5,127063.0,2174.0,1056.0,305.248525806713,0.2017965589334731,3.238888564994008,0.218970039806844,-1.16436841711731,252.18717543284097,145.69002532958984,21183.722736358643,1234.2598876953125,0.0,286.23862081981804,1.1350244925362796,2.5505238190910813,1.376722758379516,1.735399419760351,2,1,0.0,0.0,2,3,0.4880952380952381,0.2738095238095238,13,BOD,DAPI,,2.11,16.0,False,9
260324,260324/13D-BOD-405-09,13D-BOD-405-09,8,139,0.3904520151745796,3.271907245415109,705.080808164432,801.174671095278,665.1650355462834,1.2044750224089773,0.8176470588235294,0.5574102174176591,1248.294964028777,1227.0,173513.0,1701.0,1038.0,149.10775469668604,0.119449135815987,3.1445632662151577,0.6148379682514636,-0.3195364131391343,137.5266406724779,82.07402801513672,19116.203053474423,838.0701293945312,0.0,163.54303904326136,1.1891735175349911,2.444172175509786,1.664192782192694,3.458080264897922,1,3,0.0,0.0,1,9,0.4532374100719424,0.2805755395683453,13,BOD,DAPI,,2.11,16.0,False,9
260324,260324/13D-BOD-405-09,13D-BOD-405-09,9,41,0.1151692994399839,1.3215582466805742,382.9335534873286,426.7770017047576,374.64314606031866,1.1391560373989738,0.8541666666666666,0.4789487484884842,1262.7073170731708,1272.0,51771.0,1607.0,1055.0,145.13825200518968,0.1149421168649007,2.97183183718571,0.5519167161707854,-0.2085084475440872,174.34147546349502,136.15199279785156,7148.000494003296,1097.195556640625,0.0,208.6912913252002,1.1970260706489066,2.3529680075712034,2.655481291706872,9.416601364491138,1,1,0.0,0.0,1,1,0.3902439024390244,0.2195121951219512,13,BOD,DAPI,,2.11,16.0,False,9
260324,260324/13D-BOD-405-09,13D-BOD-405-09,10,47,0.1320233432604693,1.500628501263244,409.9967578742229,498.7717341938981,370.1151510771045,1.347612311310085,0.8245614035087719,0.6703410170722592,1224.7446808510638,1200.0,57563.0,1541.0,1053.0,128.35742692644837,0.1048034165269891,3.1750747867666447,0.6517319840934445,-0.4523587158632387,162.83765295211305,94.55209350585938,7653.369688749313,724.8002319335938,0.0,195.05352158674583,1.197840413753119,2.498252558835436,1.5244772009094287,1.539350802374588,1,1,0.0,0.0,1,2,0.4680851063829787,0.2340425531914893,13,BOD,DAPI,,2.11,16.0,False,9
260324,260324/13D-BOD-405-10,13D-BOD-405-10,1,632,1.775292615757801,6.066813870729412,1503.4536114756447,1966.4658445405937,1172.325064192337,1.677406637974914,0.9253294289897512,0.8028668650165766,1946.7927215189875,1904.0,1230373.0,3555.0,945.0,698.6014326652216,0.3588473620962262,3.345428305069551,0.3380682642360382,-1.004377261210787,256.3511506860392,71.61611557006836,162013.92723357675,3434.320068359375,0.0,426.3620431409121,1.6631953552769116,1.7514257471031072,2.8834435151752644,12.09878223277637,1,9,0.0221518987341772,0.1139240506329113,7,49,0.5759493670886076,0.2262658227848101,13,BOD,DAPI,,2.11,16.0,False,10
260324,260324/13D-BOD-405-10,13D-BOD-405-10,2,287,0.8061850960798875,3.3979774310976896,1013.146951189722,1084.4648931575953,949.517816564173,1.1421216898085471,0.9471947194719472,0.4831031523713883,2619.979094076655,2598.0,751934.0,4095.0,937.0,1088.5660932720411,0.4154865570237225,3.2224077964621527,0.0409234575792969,-1.4735458302455653,487.6675815009074,207.660400390625,139960.59589076042,3446.34423828125,0.0,679.9587450884912,1.394307866427709,2.3363621196541104,1.9921154090764268,3.990398040046786,6,4,0.1463414634146341,0.1986062717770035,4,13,0.5261324041811847,0.229965156794425,13,BOD,DAPI,,2.11,16.0,False,10
260324,260324/13D-BOD-405-10,13D-BOD-405-10,3,445,1.2500082500193377,4.754348998258677,1261.5704241816306,1697.891928755667,945.1132855452604,1.7964956738240212,0.9232365145228216,0.8307543247865538,1772.752808988764,1744.0,788875.0,2994.0,933.0,533.7866024519367,0.3011060536727769,3.3530532676456417,0.2129736603246635,-1.0642051654382734,221.0738858133387,60.61698532104492,98377.87918693572,2772.01123046875,0.0,348.33784739723893,1.575662571432585,1.813243292198781,2.5844500674268502,9.50167617632208,2,6,0.0,0.049438202247191,3,33,0.5595505617977528,0.2404494382022471,13,BOD,DAPI,,2.11,16.0,False,10
260324,260324/13D-BOD-405-10,13D-BOD-405-10,4,251,0.7050608331569748,3.514954242570432,947.476297444628,990.2292614180687,919.7299187804716,1.0766522227863118,0.8964285714285715,0.3705687741738049,1380.601593625498,1343.0,346531.0,2063.0,944.0,302.2349163108892,0.2189153755191691,3.3367636107405447,0.3803877134624328,-0.9348465428273264,146.700507584796,67.21951293945312,36821.8274037838,721.2987670898438,0.0,184.6754332157897,1.2588602197510692,2.513871284051425,1.2022466124558615,0.4194022659402838,1,6,0.0,0.0,3,17,0.5258964143426295,0.2828685258964143,13,BOD,DAPI,,2.11,16.0,False,10
260324,260324/13D-BOD-405-10,13D-BOD-405-10,5,343,0.9634895050710852,4.319371773385397,1107.588794992896,1486.0519529611852,840.8133911030591,1.7673980560795313,0.8955613577023499,0.8245401162127142,1513.723032069971,1442.0,519207.0,2358.0,918.0,403.9161683043652,0.2668362439805266,3.359553237994072,0.3177989903694146,-1.1336896453618108,176.866412026194,76.40536499023438,60665.17932498455,1308.327880859375,0.0,242.20971713837247,1.3694500519550374,2.269263550217965,1.9220024010028944,4.150613676986763,2,8,0.0,0.0233236151603498,5,20,0.5306122448979592,0.2478134110787172,13,BOD,DAPI,,2.11,16.0,False,10
260324,260324/13D-BOD-405-10,13D-BOD-405-10,6,236,0.6629257236057612,3.630370877684233,918.7291475277292,1259.5917098565487,677.0367632256864,1.860448026271612,0.900763358778626,0.8432606016002113,1876.3474576271187,1742.0,442818.0,3514.0,918.0,734.1878115232189,0.391285637710029,3.2715585140229853,0.5098412083224596,-0.8732987190513937,344.8098462799848,120.88385772705078,81375.12372207642,3142.6513671875,0.0,533.6106841440946,1.547550598977977,2.079408694046847,2.359509249849064,6.226950169388802,1,4,0.0211864406779661,0.1567796610169491,2,15,0.5677966101694916,0.2033898305084746,13,BOD,DAPI,,2.11,16.0,False,10
260324,260324/13D-BOD-405-10,13D-BOD-405-10,7,115,0.3230358398926378,2.140395926989768,641.3283135165975,855.3788547009148,484.06752486759626,1.767065152604238,0.934959349593496,0.8244669609787181,1594.6782608695653,1577.0,183388.0,2490.0,941.0,449.84232223540494,0.2820897062897876,3.2903923295550284,0.304651837016281,-1.140261758523588,291.82485875150434,136.31158447265625,33559.858756423,2059.013671875,0.0,383.7195695764589,1.3148967884987657,2.3042849886010104,1.9575469717408427,4.395458773395535,1,2,0.0,0.0260869565217391,2,3,0.5304347826086957,0.2434782608695652,13,BOD,DAPI,,2.11,16.0,False,10
260324,260324/13D-BOD-405-10,13D-BOD-405-10,8,53,0.1488773870809548,1.438535058153316,435.3809556564406,499.9527111324188,386.20243953627175,1.2945353523212628,0.8548387096774194,0.635041600889877,1109.0377358490566,1106.0,58779.0,1404.0,919.0,128.72047268046651,0.1160650070954716,3.1066161402745154,0.3193511900411239,-0.8173504721335769,156.2851347653371,122.79551696777344,8283.112142562866,583.328857421875,0.0,156.44372546573487,1.001014752302808,2.61580867368826,0.969842453816566,0.1132136818320184,1,1,0.0,0.0,1,1,0.3962264150943396,0.2264150943396226,13,BOD,DAPI,,2.11,16.0,False,10
260324,260324/13D-BOD-405-10,13D-BOD-405-10,9,46,0.1292143359570551,1.3726750161179393,405.6116397333997,465.7019745300096,371.9430320153672,1.2520787713285315,0.8363636363636363,0.6017668681380779,1199.7608695652175,1151.0,55189.0,1511.0,932.0,158.9380291228291,0.1324747565574686,3.2031547984472057,0.3619365182159934,-0.9314211457277044,202.41177351578423,167.55953979492188,9310.941581726074,560.8005981445312,0.0,164.95580653246586,0.8149516387672107,2.946697122297261,0.5913856845870648,-0.6279924191058295,1,1,0.0,0.0,1,1,0.3260869565217391,0.2608695652173913,13,BOD,DAPI,,2.11,16.0,False,10
260324,260324/13D-BOD-405-10,13D-BOD-405-10,10,59,0.1657314309014403,1.6395586600811118,459.3645737638645,684.0917961194165,323.23076157180765,2.116419219485214,0.8805970149253731,0.8813327171483513,1178.1864406779662,1156.0,69513.0,1725.0,922.0,178.07926117673202,0.1511469280483821,2.8806919204694594,1.083137445802697,1.3696263912494295,219.91808315859004,143.28817749023438,12975.166906356812,1440.001708984375,0.0,281.3952441926702,1.2795457297149455,2.3100975666731616,2.4476239990473294,6.984329738306908,1,1,0.0,0.0,1,2,0.423728813559322,0.2033898305084746,13,BOD,DAPI,,2.11,16.0,False,10
260324,260324/20D-BOD-405-01,20D-BOD-405-01,1,399,1.120793914062283,4.376138441210935,1194.5874320796288,1725.2216502690046,837.6191831562797,2.05967304111649,0.9410377358490566,0.8742289182359668,2950.1002506265663,2974.0,1177090.0,4095.0,1331.0,947.6020754737444,0.3212101267651785,3.1373126952835046,-0.2088162986088207,-1.4041899112397802,653.3372800631033,358.5680847167969,260681.57474517825,3962.0546875,0.0,796.0312795283062,1.2184078634720197,2.5258850552844394,1.5275625496832284,1.982163682982184,10,6,0.06265664160401,0.0,5,23,0.4837092731829573,0.2456140350877192,20,BOD,DAPI,,1.28,17.1,False,1
260324,260324/20D-BOD-405-01,20D-BOD-405-01,2,76,0.2134845550594824,1.7126287768636024,521.3606982616968,648.2162913109199,424.7151485240605,1.5262377467899473,0.9047619047619048,0.7554503348519266,1745.8026315789473,1700.5,132681.0,2274.0,1331.0,265.19658216685684,0.1519052482622313,3.2352586016329234,0.2816187695905502,-1.0417828006865744,456.9196310090391,332.3170318603516,34725.89195668697,1949.428466796875,0.0,476.86241759979066,1.0436461583992591,2.7516183269661547,1.3666850469388696,1.632811673836848,2,0,0.0,0.0,2,1,0.4210526315789473,0.2631578947368421,20,BOD,DAPI,,1.28,17.1,False,1
260324,260324/20D-BOD-405-01,20D-BOD-405-01,3,50,0.1404503651707121,1.3544882676982624,422.87936696869576,465.30645237311177,394.67836792786426,1.178950989424777,0.9433962264150944,0.5296573845572866,1868.74,1869.0,93437.0,2410.0,1366.0,292.53562908766224,0.1565416425439934,3.154701618235616,-0.0123622082831113,-1.213899917425328,574.1997087860108,405.2672729492188,28709.985439300537,2253.0,0.0,596.7568931703704,1.039284562564566,2.5716559264024395,0.9693777188491705,0.1184014522035488,1,0,0.0,0.0,1,1,0.44,0.26,20,BOD,DAPI,,1.28,17.1,False,1
260324,260324/20D-BOD-405-01,20D-BOD-405-01,4,47,0.1320233432604693,1.418465010270915,409.9967578742229,501.7933472468038,368.114375926472,1.3631452072032992,0.8392857142857143,0.679584150590697,1679.659574468085,1670.0,78944.0,2179.0,1326.0,216.1501366900316,0.1286868720160048,2.8801185397198594,0.0881086164877876,-0.7896483241049741,368.3731182585372,327.7549743652344,17313.536558151245,1464.8468017578125,0.0,404.4792856983376,1.0980152070012337,2.408950462118754,1.2772577219913224,1.1009837471816972,1,1,0.0,0.0,1,1,0.4468085106382978,0.1914893617021276,20,BOD,DAPI,,1.28,17.1,False,1
260324,260324/20D-BOD-405-02,20D-BOD-405-02,1,220,0.6179816067511332,2.930070185206722,887.0392435707212,1055.1819242437766,748.5088147361196,1.409712088181316,0.9401709401709402,0.7048416239590073,2572.759090909091,2469.5,566007.0,4095.0,1133.0,969.7158323854871,0.3769166867632506,3.321433755322018,0.1755472062077499,-1.3482264958462604,561.1436036323959,272.8562927246094,123451.5927991271,3936.0,0.0,758.5667587554485,1.3518228735836828,2.3589656781053594,1.8707706334320011,3.3190827912330256,3,4,0.0681818181818181,0.1454545454545454,4,11,0.509090909090909,0.2227272727272727,20,BOD,DAPI,,1.28,17.1,False,2
260324,260324/20D-BOD-405-02,20D-BOD-405-02,2,170,0.4775312415804211,2.7271632838162025,779.7510247679527,1000.1164671300028,619.670412966921,1.6139490383953354,0.9239130434782608,0.7849191094802068,1892.541176470588,1858.5,321732.0,2938.0,1130.0,498.6360462085442,0.2634743446578286,3.333283528671792,0.2655869931327375,-0.9923229737387858,330.4266055135166,193.93814086914065,56172.52293729782,2145.180419921875,0.0,448.9678494229346,1.3587521159962068,2.3735829790579737,2.1223854777293,4.406911275495788,1,2,0.0,0.0235294117647058,3,8,0.4588235294117647,0.2,20,BOD,DAPI,,1.28,17.1,False,2
260324,260324/20D-BOD-405-02,20D-BOD-405-02,3,117,0.3286538544994663,2.2062559690251446,646.8810432207431,755.8355487344609,558.5575094891257,1.3531919916818806,0.9285714285714286,0.6737126249399973,1783.4786324786326,1718.0,208667.0,2755.0,1124.0,440.9086737536667,0.2472183662446817,3.3120487204448543,0.4389192560143161,-0.8460435992755517,328.3095697011703,158.0750274658203,38412.219655036926,2245.01123046875,0.0,425.0110687221108,1.2945436500951188,2.330442849428616,2.1914153855780247,5.48244557280259,1,2,0.0,0.017094017094017,1,3,0.5042735042735043,0.2136752136752136,20,BOD,DAPI,,1.28,17.1,False,2
260324,260324/20D-BOD-405-03,20D-BOD-405-03,1,184,0.5168573438282206,2.7528832300867765,811.2232794667995,937.3244466354192,708.4808382882976,1.3230060659085885,0.9435897435897436,0.6547397008651851,2383.418478260869,2354.5,438549.0,3844.0,1355.0,675.8533677793248,0.2835647092374986,3.3678798115576125,0.2856978014374692,-1.0729973786877425,422.693310663752,242.2939987182617,77775.56916213036,2485.92724609375,0.0,495.5731475982942,1.1724177674354477,2.5585042696803963,1.5135318228179866,2.3044520873819314,1,4,0.0,0.0380434782608695,1,10,0.4619565217391304,0.2717391304347826,20,BOD,DAPI,,1.28,17.1,False,3
260324,260324/20D-BOD-405-03,20D-BOD-405-03,2,159,0.4466321612428645,2.4273496188353416,754.1019358448476,913.012817836528,623.2474937040652,1.4649281819174893,0.9520958083832336,0.7307666801962623,2765.9182389937105,2651.0,439781.0,4095.0,1333.0,887.8549100917866,0.3209982484568321,3.255735144303179,0.0989554245644834,-1.3173225118695888,658.0471134545668,421.5359497070313,104629.49103927612,3813.0,0.0,751.2788631511739,1.141679444815381,2.5859852096072107,1.6944166348051166,3.1354153549881563,3,3,0.0314465408805031,0.0,3,5,0.4276729559748428,0.2389937106918239,20,BOD,DAPI,,1.28,17.1,False,3
260324,260324/20D-BOD-405-05,20D-BOD-405-05,1,274,0.7696680011355024,3.5387908893782813,989.9352177607328,1337.3005579205603,741.60290161573,1.8032569114912895,0.9225589225589226,0.8321489717900182,2897.324817518248,2880.5,793867.0,4095.0,1489.0,832.5133051577126,0.2873386166866909,3.3884664935683704,-0.0781616293332547,-1.3518538209790578,560.1177376656636,307.7393035888672,153472.26012039185,3348.047607421875,0.0,671.9833917276442,1.1997181066398463,2.480341429899384,1.480938796051133,2.0990851894082,5,4,0.0,0.0,5,15,0.4890510948905109,0.2664233576642336,20,BOD,DAPI,,1.28,17.1,False,5
260324,260324/20D-BOD-405-06,20D-BOD-405-06,1,219,0.6151725994477191,2.9209768109968834,885.0209491612956,1082.9560402016043,727.0164801853462,1.4895893968256604,0.948051948051948,0.7411622522228851,2105.8584474885843,2093.0,461183.0,3458.0,1147.0,625.8964602500497,0.2972167768429472,3.3220303264404394,0.184044815457469,-1.069709594288636,364.5893610122541,159.3074188232422,79845.07006168365,2474.6015625,0.0,489.86455991311817,1.3436062932638713,2.368267495084798,1.7801437148206962,2.9780405520195075,1,3,0.0,0.045662100456621,2,11,0.5342465753424658,0.2557077625570776,20,BOD,DAPI,,1.28,17.1,False,6
260324,260324/20D-BOD-405-06,20D-BOD-405-06,2,114,0.3202268325892236,2.0343957891895887,638.5338413411511,736.937580990469,555.7631665081893,1.325992122904766,0.9661016949152542,0.656699565212158,2200.736842105264,2085.5,250884.0,3961.0,1100.0,785.8499828986432,0.3570849398544559,3.2305124505611515,0.4089120587617186,-0.9415165520902944,610.0340970420001,288.4682922363281,69543.88706278801,3854.0,0.0,794.710914438963,1.3027319592338265,2.428942060536502,1.8459027927143223,3.337840645246437,1,3,0.0087719298245614,0.0964912280701754,1,2,0.5263157894736842,0.2368421052631578,20,BOD,DAPI,,1.28,17.1,False,6
260324,260324/20D-BOD-405-07,20D-BOD-405-07,1,294,0.8258481472037872,3.7856044854590527,1025.427968687283,1344.7539347698162,792.0106207565635,1.6978988659081966,0.9216300940438872,0.808159831902865,1769.078231292517,1746.5,520109.0,2967.0,881.0,576.4716771373688,0.3258599122076073,3.3627337386903022,0.182441070096803,-1.1590591813529765,293.8829378051823,118.77486038208008,86401.58371472359,2657.0,0.0,437.9497330568037,1.490218303680919,2.109863212848341,2.26269512827238,5.893428715631004,2,5,0.010204081632653,0.0748299319727891,4,22,0.5340136054421769,0.227891156462585,20,BOD,DAPI,,1.28,17.1,False,7
260324,260324/20D-BOD-405-07,20D-BOD-405-07,2,183,0.5140483365248063,2.867976742096794,809.0158650908596,858.9693846147939,769.2401923276605,1.1166465210503624,0.9014778325123152,0.4449839498312674,1741.174863387978,1634.0,318635.0,3153.0,883.0,629.235059785753,0.3613853341308795,3.296072578341461,0.4324981095242189,-1.0000537436452517,356.0090655804983,176.06564331054688,65149.65900123119,2673.0712890625,0.0,542.7736635928056,1.52460629817888,2.2193200379158817,2.553184829442981,7.010132174605415,1,4,0.0,0.1256830601092896,2,9,0.5027322404371585,0.1967213114754098,20,BOD,DAPI,,1.28,17.1,False,7
260324,260324/20D-BOD-405-07,20D-BOD-405-07,3,293,0.8230391399003729,3.891604623259232,1023.6825581135838,1443.874711424,744.5946353786753,1.9391419744646627,0.9272151898734176,0.8567740441811326,1696.4368600682594,1702.0,497056.0,2629.0,891.0,487.84255292553314,0.2875689419445318,3.404320163092913,0.0133642001093824,-1.244691861888081,266.02483445589047,115.57572174072266,77945.2764955759,2302.476806640625,0.0,372.73522726654335,1.401129439771709,2.1612099979611203,2.232253786469657,6.487071054871617,3,6,0.0,0.0238907849829351,5,18,0.5255972696245734,0.2320819112627986,20,BOD,DAPI,,1.28,17.1,False,7
260324,260324/20D-BOD-405-08,20D-BOD-405-08,1,227,0.637644657875033,3.251837197532708,901.0407282113364,1296.6854141972722,629.5697315183863,2.059637478234455,0.926530612244898,0.8742242624893999,2639.863436123348,2612.0,599249.0,4095.0,1321.0,845.0228429821244,0.3201009686406523,3.4010652993919392,0.0750618258112118,-1.3362706808532114,548.4594910811747,275.5814208984375,124500.30447542667,3895.0,0.0,703.2493953218815,1.2822266853939757,2.3304230478893087,1.7067464072737009,3.3411384814557525,1,4,0.0,0.039647577092511,4,13,0.4977973568281938,0.2422907488986784,20,BOD,DAPI,,1.28,17.1,False,8
260324,260324/20D-BOD-405-09,20D-BOD-405-09,1,157,0.441014146636036,2.520489783500233,749.3441474280244,799.3146387543869,731.3622837844506,1.0929120307083862,0.9289940828402368,0.4034839433686635,2254.796178343949,2296.0,354003.0,3603.0,1100.0,680.5634424622516,0.3018292513525973,3.3264434274273955,-0.051688638941468,-1.2701438945212102,336.34917775233083,141.109130859375,52806.820907115936,3154.061767578125,0.0,495.350244167093,1.4727261932890523,2.033644679270033,2.3531816503355034,7.427948773621598,1,3,0.0318471337579617,0.0127388535031847,1,7,0.535031847133758,0.2229299363057325,20,BOD,DAPI,,1.28,17.1,False,9
260324,260324/20D-BOD-405-09,20D-BOD-405-09,2,191,0.5365203949521202,2.8513501700360577,826.5101229930382,940.603897582203,757.4837665139034,1.2417479280263075,0.9138755980861244,0.5928452229823685,2220.9685863874347,2211.0,424205.0,3679.0,1058.0,758.4899812387571,0.3415131514635673,3.3625323062810955,0.0966853964558384,-1.2489205171377131,357.31860403615144,128.87367248535156,68247.85337090492,2807.041748046875,0.0,529.5010438853996,1.481873705719022,2.1767771031046035,2.0745700896785677,4.301601400567032,1,3,0.0471204188481675,0.0837696335078534,2,10,0.5287958115183246,0.2198952879581152,20,BOD,DAPI,,1.28,17.1,False,9
260324,260324/20D-BOD-405-09,20D-BOD-405-09,3,206,0.5786555045033339,2.9209768109968834,858.3513680960267,1119.1083086563167,659.0670203318685,1.6980189785445454,0.9493087557603688,0.8081901919012426,2162.868932038835,2109.5,445551.0,3763.0,1047.0,757.4386539150927,0.3502009033904291,3.3452344478516016,0.2567747044894011,-1.101056551200037,381.1743154901903,155.80459594726562,78521.9089909792,2731.750732421875,0.0,546.0247143197391,1.432480343324159,2.3062874253992485,2.143219484487211,4.8890750642255405,2,4,0.0388349514563106,0.0922330097087378,1,11,0.5436893203883495,0.233009708737864,20,BOD,DAPI,,1.28,17.1,False,9
260324,260324/20D-BOD-405-09,20D-BOD-405-09,4,164,0.4606771977599357,2.866093442634069,765.8671069746572,1027.920422511963,580.2980427783973,1.7713663440779557,0.8913043478260869,0.8254084743871242,1533.9878048780488,1476.5,251574.0,2555.0,1039.0,331.98540118329424,0.2164198438394279,3.133582996599757,0.4046982228717883,-0.6884088850713952,201.702644472442,103.16376495361328,33079.23369348049,2555.0,0.0,299.7192307346948,1.485945965253046,1.8703442283956089,3.926870754184771,24.4125970930471,1,3,0.0,0.0060975609756097,3,8,0.5,0.2378048780487804,20,BOD,DAPI,,1.28,17.1,False,9
260324,260324/20D-BOD-405-09,20D-BOD-405-09,5,82,0.2303385988799678,1.8095355404539435,541.5498248295032,714.2773129039027,413.5554600883115,1.7271620903067617,0.9010989010989012,0.8153385811486555,1687.2560975609756,1647.5,138355.0,2622.0,1051.0,440.2149253693203,0.2609058138866269,3.118532186811144,0.3525906485199381,-1.0724629755738226,353.52751406809176,205.8788070678711,28989.256153583527,2420.007080078125,0.0,443.4559884654461,1.2543747539266026,2.323571246192224,2.134954895821186,5.503708461322226,1,1,0.0,0.0121951219512195,2,1,0.4268292682926829,0.1951219512195122,20,BOD,DAPI,,1.28,17.1,False,9
260324,260324/20D-BOD-405-10,20D-BOD-405-10,1,214,0.6011275629306478,2.952023532551848,874.8596370581831,1072.9568671709244,715.9147986778364,1.4987214528215915,0.9469026548672568,0.7448469159265484,2110.280373831776,2046.0,451600.0,3456.0,1035.0,687.2922620078173,0.3256876529443598,3.3697929848008443,0.1162233883513736,-1.2786252423478417,471.8279158823958,232.9974670410156,100971.1739988327,3001.36181640625,0.0,601.7079487039834,1.2752699203451974,2.4860533736718278,1.6881491944911218,2.539708746758344,1,4,0.0093457943925233,0.0514018691588785,2,10,0.5046728971962616,0.2289719626168224,20,BOD,DAPI,,1.28,17.1,False,10
260324,260324/20D-BOD-405-10,20D-BOD-405-10,2,143,0.4016880443882366,2.458396340390305,715.1539014522932,828.5950322135006,637.7514014198019,1.299244549473087,0.9166666666666666,0.6384322303504485,1947.020979020979,1993.0,278424.0,3115.0,1035.0,557.9230658828377,0.2865521593729196,3.3273544064838285,0.0163798721537523,-1.108980081669928,388.58379744816494,180.53836059570312,55567.48303508759,2875.55908203125,0.0,575.2088327299955,1.480269729482803,2.172918600993688,2.0445900424537204,4.132409014249541,1,3,0.0,0.0279720279720279,1,5,0.5314685314685315,0.2167832167832167,20,BOD,DAPI,,1.28,17.1,False,10
260324,260324/20D-BOD-405-10,20D-BOD-405-10,3,109,0.3061817960721524,2.1403959269897683,624.3739029116301,767.777326708366,530.2214732407127,1.4480313707698638,0.9478260869565216,0.7232438189321372,1774.633027522936,1665.0,193435.0,2917.0,1020.0,499.8726626842906,0.281676636764741,3.264824700069504,0.372412166487877,-0.8896649981873352,372.3799104253087,159.88485717773438,40589.41023635864,2418.0,0.0,520.9564613711619,1.398991854249491,2.310448475844718,1.9345933494517744,3.605740417992229,1,2,0.0,0.0458715596330275,2,4,0.5137614678899083,0.2293577981651376,20,BOD,DAPI,,1.28,17.1,False,10
260324,260324/20S-BOD-488-01,20S-BOD-488-01,1,167,0.4691042196701784,2.5973264992081724,772.8402442201116,966.4598371871972,621.8746463838298,1.554107154564209,0.943502824858757,0.7654828689671025,798.2694610778443,757.0,133311.0,1496.0,367.0,303.282333711138,0.3799247603705624,3.282741019871968,0.4395763545095512,-0.8858658921939373,171.81650789653114,61.69526290893555,28693.3568187207,1442.39404296875,0.0,264.2498215316286,1.5379769078461385,2.072881404854149,2.4204407592032537,7.146907733306698,1,3,0.0718562874251497,0.1377245508982036,2,9,0.5748502994011976,0.2335329341317365,20,BOD,SYBR,,1.28,17.1,False,1
260324,260324/20S-BOD-488-01,20S-BOD-488-01,2,131,0.3679799567472657,2.279326085807635,684.4900529595396,779.6831585763847,611.0480597492138,1.2759768174313195,0.9225352112676056,0.6211227465195058,750.6412213740458,731.0,98334.0,1321.0,363.0,267.11611041188377,0.3558505752227792,3.297101251300512,0.4372674814141775,-0.9153811031931184,168.33895340539118,73.03361511230469,22052.402896106243,1211.0,0.0,236.84899421381945,1.4069767538796767,2.2781347419187106,2.220218201771916,5.593381143889559,1,3,0.0076335877862595,0.1145038167938931,1,5,0.5190839694656488,0.2137404580152671,20,BOD,SYBR,,1.28,17.1,False,1
260324,260324/20S-BOD-488-01,20S-BOD-488-01,3,85,0.2387656207902105,2.056349136534714,551.3672372505789,790.1726359697979,409.2702165923056,1.930686876140142,0.8585858585858586,0.8554106642303844,479.6352941176471,465.0,40769.0,679.0,361.0,79.77107828011344,0.1663161140525802,3.096105960345774,0.5641361184976375,-0.4261831854276359,95.08045499465044,51.79472351074219,8081.838674545288,522.4232788085938,0.0,110.8125171453878,1.1654605265784903,2.5544417398709194,1.5352652898944958,2.471747963245255,2,1,0.0,0.0,2,3,0.4823529411764706,0.2823529411764706,20,BOD,SYBR,,1.28,17.1,False,1
260324,260324/20S-BOD-488-02,20S-BOD-488-02,1,407,1.1432659724895966,4.942512627051185,1206.503811151816,1696.4025487949743,872.5830515296344,1.944115859024752,0.875268817204301,0.8575667850704306,437.4029484029484,416.0,178023.0,855.0,229.0,144.8828634767292,0.3312343092467197,3.22854882030004,0.5314701036784689,-0.5237965002919918,49.86820314090507,12.628244400024414,20296.35867834836,760.0,0.0,92.53251966056769,1.8555414840015887,1.6236980875759994,3.758652164133446,19.523191481482485,3,7,0.0,0.085995085995086,5,34,0.5773955773955773,0.2039312039312039,20,BOD,SYBR,,1.28,17.1,False,2
260324,260324/20S-BOD-488-02,20S-BOD-488-02,2,312,0.8764102786652436,4.434465285395415,1056.3523201133946,1705.4667130935138,670.5239065124825,2.5434838288823407,0.8838526912181303,0.919469417315462,450.7339743589744,444.5,140629.0,816.0,230.0,153.15237268824117,0.3397843992258442,3.2867120717785423,0.2343799747253184,-1.1740454334502988,54.349030231818176,17.739418983459473,16956.89743232727,652.0582275390625,0.0,89.27364343746723,1.6425986453977746,1.8184184609378813,3.087922648995179,13.533406129064105,4,6,0.0,0.0897435897435897,5,20,0.5608974358974359,0.2211538461538461,20,BOD,SYBR,,1.28,17.1,False,2
260324,260324/20S-BOD-488-03,20S-BOD-488-03,1,369,1.0365236949598553,4.9920692201296095,1148.800660461986,1914.102680847304,696.7428746018019,2.747215293649382,0.9088669950738916,0.93139700840222,663.1490514905149,639.0,244702.0,1259.0,334.0,215.7081160045657,0.3252784807875896,3.226754862614486,0.2255261897078149,-1.036947962253201,93.4052088380183,30.33513641357422,34466.52206122875,1259.0,0.0,153.19881926568797,1.6401528476999898,1.758258885935579,2.9867247974894364,12.792907107945604,3,6,0.0,0.065040650406504,3,26,0.5528455284552846,0.2222222222222222,20,BOD,SYBR,,1.28,17.1,False,3
260324,260324/20S-BOD-488-03,20S-BOD-488-03,2,188,0.5280933730418775,3.355954035870163,819.9935157484457,1318.445104503563,523.4909599213217,2.518563271277348,0.8584474885844748,0.9177962156314148,609.4574468085107,595.5,114578.0,959.0,340.0,172.54832167608137,0.2831179150893129,3.3533543256546365,0.2371881222792592,-1.0445388493214347,99.69695777874044,42.46406936645508,18743.0280624032,751.6397094726562,0.0,138.51638342083103,1.3893742247205112,2.2422584187000862,2.0179475054310623,4.776872890695415,3,5,0.0,0.0425531914893617,3,10,0.526595744680851,0.2446808510638297,20,BOD,SYBR,,1.28,17.1,False,3
260324,260324/20S-BOD-488-03,20S-BOD-488-03,3,57,0.1601134162946118,1.491535127053406,451.511609229423,529.2605227427384,388.2786274536489,1.3630946576010532,0.890625,0.6795547820964453,585.859649122807,557.0,33394.0,953.0,342.0,161.76773899157433,0.2761202947391668,3.1749868398985823,0.3501718395617429,-0.7875348933928263,139.6858096101828,80.700439453125,7962.091147780418,687.7367553710938,0.0,152.98368604395304,1.0951984777185333,2.53922890251797,1.5139787686123978,2.251769869758162,1,1,0.0,0.0526315789473684,1,1,0.4385964912280701,0.2807017543859649,20,BOD,SYBR,,1.28,17.1,False,3
260324,260324/20S-BOD-488-04,20S-BOD-488-04,1,183,0.5140483365248063,3.0087902003773856,809.0158650908596,1035.696866988625,638.0916069278419,1.623116266918311,0.915,0.7876688750525428,755.6448087431694,689.0,138283.0,1441.0,348.0,301.92919911437485,0.3995649750000405,3.303926452517804,0.4823968445294261,-0.9110769921402272,133.53474516295344,42.99423599243164,24436.85836482048,1441.0,0.0,223.7081189017181,1.675280232337475,1.8431520219424984,2.911476574232795,10.86264449017166,1,4,0.0710382513661202,0.1420765027322404,2,9,0.6010928961748634,0.1912568306010929,20,BOD,SYBR,,1.28,17.1,False,4
260324,260324/20S-BOD-488-04,20S-BOD-488-04,2,102,0.2865187449482527,2.193395995889857,603.9925466228896,768.0835014302494,493.2743758900728,1.5571121042813267,0.8793103448275862,0.7665249588086215,607.8235294117648,599.5,61998.0,900.0,348.0,153.79756604729928,0.2530299644637653,3.31641049219932,0.0707015093255944,-0.9896497993091672,96.66193022071292,49.57048225402832,9859.516882512718,490.7564392089844,0.0,117.95280163022431,1.220261186186712,2.4655315411271217,1.41266968303887,1.5890709412270532,1,2,0.0,0.0,2,2,0.5,0.2549019607843137,20,BOD,SYBR,,1.28,17.1,False,4
260324,260324/20S-BOD-488-04,20S-BOD-488-04,3,54,0.151686394384369,1.487768528127957,439.4691294374071,461.428211354898,445.2581925962588,1.0363160499402682,0.8709677419354839,0.2624095703380009,537.7592592592592,538.5,29039.0,849.0,350.0,129.99679752008774,0.2417379064735265,3.0410607176433904,0.5061098631776542,-0.4961503212045377,83.78763514977915,58.96799659729004,4524.532298088074,505.1849670410156,0.0,113.17677598845424,1.3507574928703852,2.2627258919164523,2.2208655923023195,5.315909373169362,1,1,0.0,0.0555555555555555,1,1,0.4444444444444444,0.1851851851851851,20,BOD,SYBR,,1.28,17.1,False,4
260324,260324/20S-BOD-488-05,20S-BOD-488-05,1,134,0.3764069786575084,2.3981861967431017,692.2833597169762,790.1140726779691,623.7346302043524,1.2667471620408608,0.9178082191780822,0.6138489313895784,595.5298507462686,588.5,79801.0,1036.0,304.0,190.41713964913453,0.319744072292127,3.290854839930635,0.4122323723538941,-0.8409441695165354,117.81373165514486,48.02208709716797,15787.040041789412,1036.0,0.0,166.38404682519308,1.4122636172175536,2.092490170294683,2.2736716705537905,7.109227999527043,1,3,0.0,0.0970149253731343,2,6,0.5373134328358209,0.2462686567164179,20,BOD,SYBR,,1.28,17.1,False,5
260324,260324/20S-BOD-488-05,20S-BOD-488-05,2,115,0.3230358398926378,2.173325948007456,641.3283135165975,729.1510099299664,580.7297729332765,1.2555771098957291,0.8984375,0.6047089927054039,598.2,611.0,68793.0,938.0,312.0,169.537978977542,0.2834135389126412,3.3210681174687875,0.0085811861566501,-1.0106391988721026,105.6678229617036,64.68403625488281,12151.799640595911,671.9896850585938,0.0,133.03699363233474,1.2590113991517584,2.403994130055913,1.945057582439023,4.186823895850803,1,3,0.0,0.0260869565217391,2,5,0.4695652173913043,0.2347826086956521,20,BOD,SYBR,,1.28,17.1,False,5
260324,260324/20S-BOD-488-07,20S-BOD-488-07,1,204,0.5730374898965054,3.005023601451937,854.1744510063543,915.0440273014348,821.988486964094,1.1132078390550568,0.8908296943231441,0.4393727322998229,971.6960784313726,802.5,198226.0,2277.0,361.0,509.5757491506798,0.5244188594167197,3.204606120192765,0.7096496011366744,-0.6104748867472392,53.42797676477508,17.893086433410645,10899.307260014117,532.5086669921875,0.0,87.65476543319774,1.6406154741571326,1.934396049752887,2.650085750133948,8.14895294342682,1,4,0.1617647058823529,0.2009803921568627,1,8,0.5784313725490197,0.2205882352941176,20,BOD,SYBR,,1.28,17.1,False,7
260324,260324/20S-BOD-488-07,20S-BOD-488-07,2,102,0.2865187449482527,2.321349481035162,603.9925466228896,771.6008895760394,507.775448844307,1.519571084683588,0.8869565217391304,0.7529476352547497,555.1764705882352,533.0,56628.0,970.0,361.0,137.28617301924984,0.2472838462944742,3.039348249437261,0.5737428039212269,-0.3692063177698133,14.270861620996511,8.537014961242676,1455.6278853416443,141.1379852294922,0.0,21.00871319937664,1.472140488592982,1.9800897627841492,3.05382809345781,13.35391236058718,1,1,0.0,0.0294117647058823,2,4,0.4705882352941176,0.2156862745098039,20,BOD,SYBR,,1.28,17.1,False,7
260324,260324/20S-BOD-488-07,20S-BOD-488-07,3,94,0.2640466865209387,2.0105591423817386,579.822975514724,676.9635277839446,520.267968461231,1.301182407570014,0.8867924528301887,0.6398116446957409,612.8404255319149,587.0,57607.0,962.0,361.0,168.05409415797595,0.2742216197831815,3.273123962455379,0.2525643019178081,-1.1573074238667589,16.865074413888,9.34340476989746,1585.3169949054718,96.88278198242188,0.0,21.9118981812615,1.2992470500585256,2.418686760497967,1.8535624471107413,3.432766526417991,1,2,0.0,0.0106382978723404,1,3,0.4680851063829787,0.2127659574468085,20,BOD,SYBR,,1.28,17.1,False,7
260324,260324/20S-BOD-488-07,20S-BOD-488-07,4,101,0.2837097376448385,2.420139544088227,601.0245063188743,782.610304591559,490.23160536830176,1.5964093216788802,0.8416666666666667,0.7794971580818817,549.3168316831683,554.0,55481.0,794.0,365.0,103.13010527417,0.1877424817990153,3.202017639576095,0.0897578761655359,-0.5683218723814432,14.971787245040485,8.361550331115723,1512.1505117490888,92.67854309082033,0.0,20.31456203477404,1.356856179044582,2.3387269140277964,1.997679038983146,3.96961155506528,1,3,0.0,0.0,2,5,0.4752475247524752,0.2178217821782178,20,BOD,SYBR,,1.28,17.1,False,7
260324,260324/20S-BOD-488-07,20S-BOD-488-07,5,92,0.2584286719141103,2.1513726006623304,573.6214819673636,702.046014057356,502.64238432320064,1.3967107350142167,0.8363636363636363,0.698133238954408,519.7282608695652,526.0,47815.0,745.0,369.0,93.4845704211786,0.179872016704976,3.2594937270133,0.1805867353984969,-0.7420192559797902,14.103908133733531,5.744352340698242,1297.559548303485,78.45182037353516,0.0,19.762055968795515,1.4011758855355063,2.284551742901817,1.6921859053515047,2.207467222265177,1,2,0.0,0.0,1,4,0.5434782608695652,0.2391304347826087,20,BOD,SYBR,,1.28,17.1,False,7
260324,260324/20S-BOD-488-08,20S-BOD-488-08,1,149,0.4185420882087221,2.4091628704156647,730.0029711195548,832.0365848315948,642.7917834146415,1.2944107350153828,0.93125,0.6349511259946836,876.3221476510067,817.0,130572.0,1703.0,416.0,343.827880975201,0.3923532937023631,3.2653739683425687,0.5313936928442146,-0.7656714263557562,172.1968736936582,59.827030181884766,25657.334180355072,1671.0,0.0,280.80916841191925,1.6307448700345428,1.9512963611459584,2.8995449648891563,9.666858930391966,1,4,0.0536912751677852,0.1275167785234899,2,8,0.5838926174496645,0.2147651006711409,20,BOD,SYBR,,1.28,17.1,False,8
260324,260324/20S-BOD-488-08,20S-BOD-488-08,2,162,0.4550591831531072,2.8369300205418297,761.1828605436523,1111.662186602956,531.8739070361147,2.0900859619110306,0.9152542372881356,0.8781152219734902,759.1481481481482,720.0,122982.0,1294.0,416.0,245.76348834096223,0.3237358728207045,3.282129202390621,0.4573877793481347,-0.9812918010448808,127.32015732924144,74.94378280639648,20625.865487337112,1064.71923828125,0.0,167.39131736009136,1.314727540959823,2.231921062539765,2.392291722885614,7.618940966759661,1,3,0.0,0.1049382716049382,2,9,0.4753086419753086,0.2037037037037037,20,BOD,SYBR,,1.28,17.1,False,8
260324,260324/20S-BOD-488-09,20S-BOD-488-09,1,310,0.870792264058415,4.1145815725321535,1052.9611321642587,1596.3847323533778,704.4779177638177,2.266053615166089,0.9011627906976744,0.8973616855434421,558.6935483870968,550.5,173195.0,1062.0,236.0,214.59370722726928,0.3840991324256096,3.3216656057690277,0.3080383901642721,-0.9640290097243116,86.35816396301793,28.92466163635254,26771.03082853556,785.0,0.0,139.67400248951046,1.6173804082880283,2.047948926980727,2.58694787826685,7.4656647862077,2,6,0.0967741935483871,0.1258064516129032,4,19,0.5741935483870968,0.2354838709677419,20,BOD,SYBR,,1.28,17.1,False,9
260324,260324/20S-BOD-488-10,20S-BOD-488-10,1,81,0.2275295915765536,1.937489025599248,538.2375624133907,667.3758813785324,458.6852054697199,1.454975816573594,0.84375,0.7263768437999558,798.925925925926,745.0,64713.0,1567.0,402.0,313.87576275406235,0.3928721707088073,3.018756686637492,0.6707148664264031,-0.5871663437607202,232.8126815277853,108.08448791503906,18857.82720375061,1469.103759765625,0.0,316.8923816738949,1.3611474237329075,2.403970795166497,2.1363730677686257,4.605858489119373,1,2,0.0,0.1358024691358024,1,3,0.5185185185185185,0.2098765432098765,20,BOD,SYBR,,1.28,17.1,False,10
260324,260324/20S-BOD-488-11,20S-BOD-488-11,1,188,0.5280933730418775,3.03983692193235,819.9935157484457,948.7604875767096,717.1231745365027,1.323009102571425,0.9215686274509804,0.6547417036774078,721.7074468085107,679.5,135681.0,1353.0,332.0,275.7002645629441,0.3820111123726497,3.301107811611809,0.4486825933609814,-0.9480811679020328,119.1573444569404,42.74688911437988,22401.5807579048,832.893310546875,0.0,164.1722572585802,1.3777770728845566,2.322546370095181,1.9136749740375665,3.696490391968448,1,4,0.0531914893617021,0.1489361702127659,1,9,0.5372340425531915,0.2446808510638297,20,BOD,SYBR,,1.28,17.1,False,11
260324,260324/20S-BOD-488-11,20S-BOD-488-11,2,178,0.5000033000077351,2.7801633527162912,797.8871938237432,987.2653098381616,650.6335426535571,1.5173907355155385,0.9175257731958762,0.7521201268203939,711.5337078651686,688.0,126653.0,1255.0,331.0,258.8653239031976,0.3638131560623843,3.333656257250986,0.2854985255692064,-1.1149719199514465,116.30428861500172,53.36294174194336,20702.163373470303,1255.0,0.0,178.84428012730908,1.5377273035849215,1.9516808744714884,2.834609368272134,10.976289756818304,2,4,0.0393258426966292,0.1292134831460674,2,11,0.5449438202247191,0.2134831460674157,20,BOD,SYBR,,1.28,17.1,False,11
260324,260324/20S-BOD-488-11,20S-BOD-488-11,3,71,0.1994395185424111,1.7784888188989791,503.91892382717646,703.4280833895334,370.94257407176656,1.8963260961612909,0.8554216867469879,0.8496571716975497,478.5352112676056,478.0,33976.0,646.0,333.0,76.77943009238784,0.1604467723263343,3.2571896578058284,0.1607112249543753,-0.6556099919635829,69.54170251071034,54.260623931884766,4937.460878260434,285.7419738769531,0.0,68.81639200908485,0.989570135969654,2.7035492377461074,1.1927819172289038,1.2546345004582813,2,0,0.0,0.0,2,2,0.3943661971830985,0.2676056338028169,20,BOD,SYBR,,1.28,17.1,False,11
260324,260324/20S-BOD-488-11,20S-BOD-488-11,4,34,0.0955062483160842,1.2136748094176708,348.7152593812529,505.5255141087125,253.65392905863888,1.9929733238701253,0.85,0.865005219493477,390.6764705882353,377.5,13283.0,541.0,334.0,42.82998141930366,0.1096303070282559,2.649334648220397,1.4001637888032985,3.110825306179722,57.82021639627569,44.95444107055664,1965.8873574733732,298.2414245605469,0.0,57.7300072373914,0.998439833599618,2.478809678111713,2.3596129694207284,8.28165719465062,0,0,0.0,0.0,0,0,0.3235294117647059,0.2647058823529412,20,BOD,SYBR,,1.28,17.1,False,11
260324,260324/20S-BOD-488-12,20S-BOD-488-12,1,117,0.3286538544994663,2.173325948007456,646.8810432207431,804.9555602182263,531.7485323004287,1.513789905043763,0.9285714285714286,0.7507436502897158,919.974358974359,890.0,107637.0,1500.0,455.0,308.0326466558951,0.3348274260592522,3.3261937545960363,0.1974910591529454,-1.2310531894274024,232.61332615827905,106.45372009277344,27215.759160518646,1391.287353515625,0.0,328.3470157320111,1.4115572016221942,2.308957405851139,1.7488708169369604,2.328476872880966,1,2,0.0085470085470085,0.0854700854700854,1,5,0.5128205128205128,0.2051282051282051,20,BOD,SYBR,,1.28,17.1,False,12
260324,260324/20S-BOD-488-12,20S-BOD-488-12,2,178,0.5000033000077351,2.8532334694987824,797.8871938237432,1072.4676573337645,619.2673918205807,1.731832923062238,0.9175257731958762,0.8164452137490625,893.5674157303371,884.5,159055.0,1483.0,462.0,259.1516111783499,0.2900190927021865,3.309566248478154,0.0600444440997138,-1.1317583763916077,174.1790100255709,56.74355125427246,31003.86378455162,1483.0,0.0,261.02614924923563,1.498608524706363,2.1240145140337456,2.068430942053664,4.639577908941884,1,3,0.0,0.0280898876404494,3,11,0.5449438202247191,0.2303370786516854,20,BOD,SYBR,,1.28,17.1,False,12
260324,260324/20S-BOD-488-13,20S-BOD-488-13,1,202,0.567419475289677,3.0232103498716136,849.9770081547459,1011.6602432247836,723.671158354598,1.3979557310601998,0.90990990990991,0.6987865600822669,509.7277227722772,493.5,102965.0,942.0,257.0,172.8274097357895,0.3390582893859999,3.2626333910014664,0.3372382297810747,-0.975327182061883,64.87656100197594,26.37853145599365,13105.06532239914,631.0531616210938,0.0,96.82972302102796,1.492522438390019,2.0305025239413665,2.488109008469283,8.07484294456793,1,3,0.0,0.0792079207920792,2,12,0.5198019801980198,0.2425742574257425,20,BOD,SYBR,,1.28,17.1,False,13
260324,260324/20S-BOD-488-13,20S-BOD-488-13,2,258,0.7247238842808745,3.889721323796508,960.597266538105,1435.2772611184494,662.7888693385559,2.1655120167464714,0.8686868686868687,0.8869921228754524,505.7093023255814,488.0,130473.0,1010.0,256.0,172.90976479475955,0.341915333571298,3.1984737465533226,0.5213849218977392,-0.5005876644222003,66.00979821164479,25.153525352478027,17030.527938604355,848.6321411132812,0.0,110.92525166970655,1.68043615758453,1.7864004042605228,3.543023697378392,17.505334037793336,1,7,0.0,0.0930232558139534,3,16,0.5581395348837209,0.2480620155038759,20,BOD,SYBR,,1.28,17.1,False,13
260324,260324/20S-BOD-488-13,20S-BOD-488-13,3,96,0.2696647011277672,2.118442579644642,585.9588392498761,735.9208486989007,478.4991573862155,1.5379773137299593,0.8648648648648649,0.7597591157389691,530.7395833333334,490.5,50951.0,1099.0,259.0,218.84097782307916,0.4123321204886184,3.0925952209406384,0.6154174335207322,-0.5638837055833656,117.64478533280392,52.34282684326172,11293.899391949177,1099.0,0.0,180.60802669893343,1.535197894135414,2.0263925434896364,2.9118761156788637,10.357902508294622,1,3,0.0833333333333333,0.1458333333333333,1,2,0.5104166666666666,0.1770833333333333,20,BOD,SYBR,,1.28,17.1,False,13
260324,260324/20S-BOD-488-14,20S-BOD-488-14,1,205,0.5758464971999196,3.2681406464896603,856.2654564632185,1179.6014416042412,627.3123393832238,1.8804052902323432,0.9276018099547512,0.8468698223750647,658.6682926829268,598.0,135027.0,1550.0,265.0,322.2505985322971,0.4892456523445008,3.155753002748876,0.6611437511500392,-0.5407266203293979,94.89991520497856,25.570940017700195,19454.482617020607,1524.0,0.0,191.6712494823304,2.0197199235460968,1.5278490994226188,4.238369514132281,23.083379451077864,1,4,0.1804878048780487,0.1804878048780487,1,10,0.5658536585365853,0.1804878048780487,20,BOD,SYBR,,1.28,17.1,False,14
260324,260324/20S-BOD-488-14,20S-BOD-488-14,2,64,0.1797764674185115,1.4786751539181189,478.4333888119028,521.8471934844083,449.4837509095825,1.160992343835322,0.9552238805970148,0.5080422958150682,489.09375,492.5,31302.0,776.0,289.0,135.45393626324173,0.2769488186329139,3.136731465964764,0.1894621274833356,-1.064536120823468,50.92534492909908,17.6755313873291,3259.2220754623413,344.6712951660156,0.0,74.93019523041357,1.4713733472936763,2.209559669959386,2.1929759841006717,4.913386415570627,1,1,0.0,0.015625,1,1,0.53125,0.21875,20,BOD,SYBR,,1.28,17.1,False,14
260324,260324/20S-BOD-488-14,20S-BOD-488-14,3,93,0.2612376792175245,1.9465823998090863,576.7305642625431,651.9668529326863,530.6350973861843,1.2286538454470144,0.8857142857142857,0.5810065388499019,506.5376344086022,520.0,47108.0,810.0,268.0,144.09436515095305,0.2844692187959292,3.2029955614144003,0.0248605412746415,-1.117744633148397,52.57360417804411,21.8692626953125,4889.345188558102,384.6522216796875,0.0,75.12045880580105,1.4288626389661336,2.162928230020686,2.1878030086442366,5.561684690817499,1,3,0.0,0.032258064516129,2,3,0.5053763440860215,0.2043010752688172,20,BOD,SYBR,,1.28,17.1,False,14
260324,260324/20S-BOD-488-14,20S-BOD-488-14,4,52,0.1460683797775405,1.4056050371356277,431.2540288138287,469.51487913497306,416.7307156226752,1.1266625221839677,0.8813559322033898,0.4606589429361207,414.86538461538464,418.5,21573.0,613.0,266.0,97.91052915522934,0.2360055400765737,3.069627613720753,0.0726872998199014,-1.4013653224675675,39.89395868778229,25.867974281311035,2074.485851764679,240.64437866210935,0.0,47.17405079342047,1.1824860792235128,2.403828596464388,1.983503577572676,5.342197191024674,1,1,0.0,0.0,1,1,0.4423076923076923,0.25,20,BOD,SYBR,,1.28,17.1,False,14
260324,260324/20S-BOD-488-14,20S-BOD-488-14,5,111,0.3117998106789809,2.3304428552450003,630.0760660407722,862.4588090927915,480.6255400934306,1.7944506422299882,0.902439024390244,0.8303289202166868,416.23423423423424,417.0,46202.0,605.0,265.0,86.14194997000907,0.2069554661415308,3.2515859076726006,0.0910188173317524,-0.7792951144225824,35.022752120956646,20.05932235717773,3887.525485426188,219.3990478515625,0.0,45.99178127229528,1.3131972357128117,2.3860554377324714,1.861312750644331,3.642041108479525,1,2,0.0,0.0,1,6,0.4954954954954955,0.2432432432432432,20,BOD,SYBR,,1.28,17.1,False,14
260324,260324/20S-BOD-488-14,20S-BOD-488-14,6,76,0.2134845550594824,1.8314888877990687,521.3606982616968,643.9486113901467,430.5171768409669,1.495755909474482,0.8837209302325582,0.7436597505438962,436.7894736842105,439.5,33196.0,729.0,266.0,118.6417931747464,0.2716223726135898,3.0547375944070514,0.397742865717154,-0.861746194103739,56.027787239928,29.30399227142334,4258.111830234528,412.2633972167969,0.0,79.491288323265,1.418783290206682,2.2530035689950267,2.496261511253375,6.853845989505942,1,1,0.0,0.0394736842105263,1,2,0.4868421052631579,0.1842105263157894,20,BOD,SYBR,,1.28,17.1,False,14
260324,260324/20S-BOD-488-15,20S-BOD-488-15,1,110,0.3089908033755666,2.1824193222172945,627.2314643074426,729.6492084984978,566.9229905221142,1.2870340781673346,0.9166666666666666,0.6295250299455256,918.7454545454544,889.0,101062.0,1643.0,417.0,331.96215204747864,0.3613211367796268,3.260299918911563,0.2520802707526974,-1.0336229589350372,147.55856514302167,70.30902481079102,16231.442165732384,1092.2740478515625,0.0,203.1628889742356,1.3768288460742295,2.2009569918101684,2.07426413054346,5.119431412894187,1,3,0.0454545454545454,0.109090909090909,1,4,0.5,0.2272727272727272,20,BOD,SYBR,,1.28,17.1,False,15
260324,260324/20S-BOD-488-15,20S-BOD-488-15,2,106,0.2977547741619096,2.0855125586269536,615.7216522882974,681.1880489516996,581.7395708588555,1.1709501692415776,0.913793103448276,0.5202610119554392,894.1509433962265,843.5,94780.0,1577.0,421.0,327.5716945866044,0.3663494368662172,3.1961280218038564,0.2845497708999844,-1.0554564162490063,133.5767429909616,42.6899299621582,14159.134757041931,1048.1937255859375,0.0,203.42611627098495,1.522915679151944,2.077964465963578,2.216989717669183,5.164683551475626,1,2,0.0660377358490566,0.0943396226415094,1,4,0.5660377358490566,0.2264150943396226,20,BOD,SYBR,,1.28,17.1,False,15
260324,260324/20S-BOD-488-15,20S-BOD-488-15,3,216,0.6067455775374763,3.3192574159270256,878.9382588748141,1394.1624140191375,563.4298436675551,2.474420603892871,0.9230769230769232,0.914699345261528,883.6203703703703,825.0,190862.0,1653.0,417.0,313.7177584313821,0.3550368110005057,3.2519990018036737,0.3907354419137365,-0.936239392848675,139.54380307291393,59.59373283386231,30141.46146374941,1653.0,0.0,211.3456114007596,1.5145467354815323,1.887762757485821,3.123906676289062,14.455559871441334,2,5,0.0231481481481481,0.1018518518518518,2,11,0.5370370370370371,0.2175925925925926,20,BOD,SYBR,,1.28,17.1,False,15
260324,260324/20S-BOD-488-15,20S-BOD-488-15,4,102,0.2865187449482527,2.2903027594801983,603.9925466228896,876.5389438476014,444.6898224811529,1.9711243647469612,0.8717948717948718,0.8617550048652227,663.2549019607843,659.5,67652.0,996.0,417.0,155.96525928695064,0.2351513103421771,3.270241538337742,0.1212734671458443,-1.0512139762289596,79.5980885059518,33.995582580566406,8119.005027607083,451.6076049804688,0.0,102.62179494301384,1.2892494891424495,2.4235902096718256,1.411625843284512,1.335611317086122,1,3,0.0,0.0098039215686274,1,5,0.5392156862745098,0.2941176470588235,20,BOD,SYBR,,1.28,17.1,False,15
260324,260324/20S-BOD-488-15,20S-BOD-488-15,5,106,0.2977547741619096,2.2611393373879585,615.7216522882974,893.1714588041896,435.062422493371,2.0529731197775387,0.8907563025210085,0.8733470739919668,749.5849056603773,766.5,79456.0,1136.0,418.0,189.18330077943068,0.2523840853128732,3.2083743190106917,-0.1048957052963585,-1.0852710365191611,109.52123629147152,72.08739852905273,11609.25104689598,747.7647094726562,0.0,129.88359830672036,1.1859215865775838,2.377476821548115,1.9718169479621923,5.792551123844206,1,2,0.0,0.0188679245283018,1,5,0.4245283018867924,0.2735849056603773,20,BOD,SYBR,,1.28,17.1,False,15
260324,260324/20S-BOD-488-16,20S-BOD-488-16,1,266,0.7471959427081885,4.379581917032601,975.376553912249,1882.9532602483985,542.1748957893919,3.4729628296545703,0.8471337579617835,0.9576488770701744,1113.7894736842106,989.5,296268.0,2362.0,570.0,445.0921897744472,0.399619677049168,3.169969809237355,0.957682936287888,0.1444648538241795,189.2110240701446,60.41785430908203,50330.13240265846,2202.65869140625,0.0,330.3408304158376,1.745885748672726,1.7811464673505668,3.2615590432480484,12.806600444472846,2,6,0.0,0.1390977443609022,3,17,0.575187969924812,0.2180451127819548,20,BOD,SYBR,,1.28,17.1,False,16
260324,260324/20S-BOD-488-16,20S-BOD-488-16,2,160,0.4494411685462787,2.7619766042966147,756.4696086592663,888.7987666907042,667.7468456755514,1.3310415053949334,0.898876404494382,0.6599706606947454,1274.45,1169.0,203912.0,2490.0,578.0,510.2089817236135,0.4003366014544419,3.2667017030804946,0.5309566050941602,-0.7231077037584499,318.4195951625705,100.43042755126952,50947.13522601128,2355.0,0.0,485.749115145587,1.5255000713683644,2.1933364545379934,2.084234906257653,4.045258050372295,1,3,0.0625,0.13125,1,8,0.58125,0.24375,20,BOD,SYBR,,1.28,17.1,False,16
260324,260324/20S-BOD-488-16,20S-BOD-488-16,3,136,0.3820249932643369,2.4220228435509514,697.4305187625058,945.6261236327956,520.2142815001531,1.8177627129072145,0.918918918918919,0.8350811304813708,999.9264705882352,945.5,135990.0,1760.0,570.0,325.52165843294125,0.3255455956090889,3.224292685573288,0.432462112226349,-1.0029558322045722,152.08430024630883,70.46805953979492,20683.464833498,1078.0494384765625,0.0,200.96049420014015,1.321375670431949,2.296417699978462,1.8912954820164096,3.867562520299902,1,3,0.0,0.1102941176470588,2,6,0.5294117647058824,0.25,20,BOD,SYBR,,1.28,17.1,False,16
260324,260324/20S-BOD-488-17,20S-BOD-488-17,1,73,0.2050575331492397,1.7546521720911292,510.9670832367321,567.7943129678154,486.3531069086982,1.167452833964122,0.8690476190476191,0.5160380613266065,1288.5342465753424,1370.0,94063.0,1805.0,670.0,324.13603463634166,0.2515540704469657,3.288255261250856,-0.3544121179836809,-1.0742567411190207,142.09695511648098,53.235870361328125,10373.077723503113,770.0779418945312,0.0,201.6328068995856,1.4189804893025422,2.1874324418965565,1.699010304410392,2.133824236698139,1,2,0.0,0.0,1,2,0.547945205479452,0.2465753424657534,20,BOD,SYBR,,1.28,17.1,False,17
260324,260324/20S-BOD-488-17,20S-BOD-488-17,2,87,0.244383635397039,1.9155356782541224,557.8161961378049,639.2952181468805,513.8176587679955,1.2442063974207278,0.90625,0.5950007133516598,1209.2758620689656,1179.0,105207.0,1891.0,657.0,357.5937896050123,0.2957090278749139,3.188940348985749,0.1970526455500506,-1.2067926749800486,178.09917229756542,116.32379150390624,15494.627989888191,897.88232421875,0.0,206.0130835554324,1.1567324030637764,2.5860859842960755,1.6345073203405918,2.6719245898123747,1,2,0.0,0.0229885057471264,1,2,0.4367816091954023,0.2183908045977011,20,BOD,SYBR,,1.28,17.1,False,17
260324,260324/20S-BOD-488-17,20S-BOD-488-17,3,98,0.2752827157345957,1.9155356782541224,592.031113756174,707.753558156115,496.61333419826354,1.4251601989276383,0.9245283018867924,0.7124966581931637,1535.3979591836735,1348.5,150469.0,2962.0,671.0,637.8910604047103,0.4154564988114602,3.187787482240919,0.5638206393008603,-0.795281336555274,457.7103688911516,211.7401428222656,44855.616151332855,2912.0,0.0,632.9928135666821,1.382954935235943,2.3593025108514096,2.180767370924763,4.820952602941909,1,2,0.0714285714285714,0.1530612244897959,1,2,0.5204081632653061,0.2244897959183673,20,BOD,SYBR,,1.28,17.1,False,17
260324,260324/20S-BOD-488-17,20S-BOD-488-17,4,83,0.2331476061833821,1.8863722561618823,544.84195135197,646.932172609833,480.3657995004151,1.346749026018606,0.8829787234042553,0.6698140883959001,1126.0,1098.0,93458.0,1702.0,660.0,304.43358040473913,0.2703673005370685,3.225375905501665,0.2391367239396669,-1.1971337043016284,160.49373434250614,83.4727783203125,13320.979950428007,620.2943115234375,0.0,177.16610434804676,1.1038817501121911,2.7261893653790183,1.0625943738583494,-0.0561676908000339,1,1,0.0,0.0120481927710843,1,3,0.4939759036144578,0.2289156626506024,20,BOD,SYBR,,1.28,17.1,False,17
260324,260324/20S-BOD-488-18,20S-BOD-488-18,1,162,0.4550591831531072,2.4712563135255925,761.1828605436523,889.6751421168623,652.2292203359021,1.3640528734034238,0.9418604651162792,0.680110718921221,1263.5123456790122,1116.0,204689.0,2621.0,527.0,581.1923622678113,0.4599815460888735,3.2374060321915006,0.6004809040772975,-0.81279739839505,243.7268591147882,99.0162353515625,39483.75117659569,1920.2222900390625,0.0,375.34674481927726,1.540030287111278,2.155793579979586,2.440809441939366,6.272966045784472,1,4,0.1172839506172839,0.1975308641975308,1,7,0.5493827160493827,0.2160493827160493,20,BOD,SYBR,,1.28,17.1,False,18
260324,260324/20S-BOD-488-18,20S-BOD-488-18,2,121,0.3398898837131233,2.2282093163702705,657.8459096163664,720.8218521628261,605.638669813493,1.190184656446729,0.9029850746268656,0.5422677256137957,1032.4380165289256,947.0,124925.0,2035.0,507.0,393.5602430073864,0.3811950322505004,3.157262986738809,0.4822928298811673,-0.8597240413107956,181.6165860674598,92.69149780273438,21975.60691416264,2035.0,0.0,269.9709786858449,1.4864885665539749,1.9492713723842892,3.5905158776936243,18.92442533172077,1,3,0.024793388429752,0.140495867768595,1,3,0.4876033057851239,0.2231404958677686,20,BOD,SYBR,,1.28,17.1,False,18
260324,260324/20S-BOD-488-18,20S-BOD-488-18,3,83,0.2331476061833821,2.0033490676346246,544.84195135197,671.0961577835141,464.8934844935576,1.4435482108650937,0.8469387755102041,0.7211898055809052,746.144578313253,726.0,61930.0,1240.0,509.0,174.88498886411875,0.2343848550899702,2.9918179312077298,0.531514284500702,-0.6972813304152843,109.77891867993826,64.12580871582031,9111.650250434875,855.7827758789062,0.0,146.30942717634548,1.3327643315827546,2.228339057530534,2.772268617827651,10.04147646129072,1,3,0.0,0.0120481927710843,1,3,0.4337349397590361,0.2409638554216867,20,BOD,SYBR,,1.28,17.1,False,18
260324,260324/20S-BOD-488-18,20S-BOD-488-18,4,91,0.255619664610696,2.3232327804978867,570.4954560680371,827.7643819951047,414.186313802745,1.998531468592477,0.8348623853211009,0.8658131798444088,757.8461538461538,741.0,68964.0,1123.0,511.0,181.21723753409103,0.2391214055971562,3.216825537701035,0.3630406092235329,-0.980624551451486,102.20527868480472,52.85325241088867,9300.68036031723,504.3635864257813,0.0,123.20161625860824,1.2054330054571352,2.594219825406552,1.4305934204272486,1.355668335156501,1,1,0.0,0.0,2,4,0.4945054945054945,0.2637362637362637,20,BOD,SYBR,,1.28,17.1,False,18
260324,260324/20S-BOD-488-19,20S-BOD-488-19,1,255,0.7162968623706317,3.7636511381139264,954.996068546886,1352.181272013336,683.546537653457,1.978184655364112,0.901060070671378,0.8628184137811491,961.356862745098,951.0,245146.0,1664.0,513.0,307.2436677300244,0.3195937737966608,3.3160483737335484,0.2726277623246321,-1.083378463348483,137.07778998280273,58.57682418823242,34954.836445614696,1100.2891845703125,0.0,186.0037855958656,1.3569213920008554,2.230923824805524,1.995391504040937,4.759966545771902,1,4,0.0,0.0980392156862745,3,15,0.5058823529411764,0.2352941176470588,20,BOD,SYBR,,1.28,17.1,False,19
260324,260324/20S-BOD-488-19,20S-BOD-488-19,2,82,0.2303385988799678,1.8405822620089076,541.5498248295032,660.6092018692561,461.95988478493706,1.4300142147121695,0.942528735632184,0.7148344241218902,977.5853658536586,933.5,80162.0,1702.0,499.0,345.0438136866748,0.3529551747998719,3.223049719810351,0.4388864429801228,-0.8831095207240804,198.8791839524013,67.32474136352539,16308.093084096909,1465.0,0.0,335.88038261139155,1.6888664561886948,2.0567123063660744,2.386440896743125,5.236355277138372,1,2,0.0,0.1097560975609756,1,2,0.6219512195121951,0.1951219512195122,20,BOD,SYBR,,1.28,17.1,False,19
260324,260324/20S-BOD-488-19,20S-BOD-488-19,3,103,0.2893277522516669,2.2062559690251446,606.9460730214508,722.5811412154789,535.3894203132232,1.349636570690436,0.8803418803418803,0.67157100124933,1058.3009708737864,1042.0,109005.0,1817.0,503.0,367.74521857307934,0.3474864227606731,3.2937136292871925,0.1851603584530208,-1.1443073393367478,220.794645753879,69.33280944824219,22741.848512649536,1516.513916015625,0.0,313.3938689005416,1.4193907095459346,2.190667802924546,1.949926381752212,4.133481005057343,1,3,0.0485436893203883,0.0776699029126213,1,5,0.5631067961165048,0.2815533980582524,20,BOD,SYBR,,1.28,17.1,False,19
260324,260324/20S-BOD-488-20,20S-BOD-488-20,1,260,0.730341898887703,3.569837610933245,964.313323998374,1305.494777012084,736.1303961278381,1.7734558766751003,0.9059233449477352,0.8258630096440256,1359.8884615384616,1223.5,353571.0,2697.0,600.0,551.8690662427241,0.4058193608160971,3.242678986261873,0.4184618505032627,-1.0118507127157053,220.48846927331044,94.15589141845705,57327.00201106072,2695.0,0.0,381.758139150584,1.7314199713426683,1.8216612441411248,3.377965542138412,14.514084580040125,2,3,0.1,0.15,3,13,0.5615384615384615,0.2,20,BOD,SYBR,,1.28,17.1,False,20
260324,260324/20S-BOD-488-20,20S-BOD-488-20,2,131,0.3679799567472657,2.4402095919706284,684.4900529595396,925.3963048730157,514.2013414705111,1.7996769557748928,0.916083916083916,0.831412780464079,864.2977099236641,847.0,113223.0,1222.0,607.0,175.84939774427122,0.2034592892300992,3.256530119451386,0.1643090466944944,-1.282948340327517,83.67502770794712,54.75849914550781,10961.428629741073,478.0044860839844,0.0,96.7049436866561,1.1557204859756676,2.5551653933883904,1.6348487935439966,2.7288907415384447,2,2,0.0,0.0,2,7,0.4351145038167939,0.2290076335877862,20,BOD,SYBR,,1.28,17.1,False,20
260323,260323/4D-405-01,4D-405-01,1,95,0.266855693824353,1.9813957202894992,582.8989810549554,714.337973862239,484.3587400178378,1.474811776568606,0.8962264150943396,0.7350133566792689,843.9894736842106,752.0,80179.0,1893.0,361.0,370.2571129299908,0.438698733188854,3.103608760317451,0.6624004476284353,-0.3979580054220384,149.46059719888788,55.10514450073242,14198.756733894348,1893.0,0.0,265.11655151616145,1.7738223751599873,1.656016108236602,3.948992443444415,20.600971970876685,1,2,0.1263157894736842,0.1684210526315789,1,2,0.5789473684210527,0.2,19,INT,DAPI,4.0,0.54,14.1,False,1
260323,260323/4D-405-01,4D-405-01,2,51,0.1432593724741263,1.4733483786337291,427.08722550317714,504.5505397551103,373.4590674697838,1.351019653033148,0.864406779661017,0.6724069279475918,569.1372549019608,529.0,29026.0,925.0,368.0,142.8968886446228,0.2510763219484518,3.014643179015456,0.6343861938766555,-0.3229531701798773,77.03917018105003,41.44289779663086,3928.997679233551,524.4329833984375,0.0,112.72808867847016,1.463256787599704,2.17983332306433,2.808514488544595,8.583249862027055,1,1,0.0,0.0392156862745098,1,1,0.4705882352941176,0.196078431372549,19,INT,DAPI,4.0,0.54,14.1,False,1
260323,260323/4D-405-02,4D-405-02,1,357,1.0028156073188843,4.25883850663441,1129.9665868139696,1655.153184283343,775.2417367106104,2.1350155776006607,0.9345549738219896,0.8835267736090207,2339.011204481793,2331.0,835027.0,4088.0,990.0,863.9610958573343,0.3693702254191401,3.4041137612625305,0.1803189339389707,-1.0263285883846307,400.3254809125799,203.79454040527344,142916.19668579102,3363.0,0.0,571.148475586819,1.4267102715641082,2.193780001495964,2.183986833162771,5.428283650637809,2,5,0.0924369747899159,0.1064425770308123,5,22,0.4985994397759103,0.2240896358543417,19,INT,DAPI,4.0,0.54,14.1,False,2
260323,260323/4D-405-02,4D-405-02,2,146,0.4101150662984794,2.396302897280377,722.6165790396086,767.529619438371,684.4334946202717,1.12140861818021,0.9125,0.4525567356506902,1703.157534246575,1677.5,248661.0,2696.0,970.0,475.7370860168557,0.2793265311346006,3.333331877737696,0.2228177596953127,-1.0693383184363057,264.5318101252595,139.281494140625,38621.64427828789,1734.441650390625,0.0,344.4422444101846,1.3020825141864278,2.4117396142077405,1.9433627715462056,3.93730803887653,1,4,0.0,0.047945205479452,2,7,0.4726027397260274,0.2260273972602739,19,INT,DAPI,4.0,0.54,14.1,False,2
260323,260323/4D-405-02,4D-405-02,3,93,0.2612376792175245,2.1752092474701805,576.7305642625431,856.8035178583029,396.2274297416321,2.162403340972629,0.8773584905660378,0.8866461878604773,1464.1612903225807,1406.0,136167.0,2135.0,976.0,345.0364281436716,0.2356546580108356,3.1871535563463227,0.2913180962020917,-1.0984457525218587,267.3255206905706,175.6548614501953,24861.273424223065,1380.1134033203125,0.0,296.2680155082329,1.108266860353985,2.6324144100204707,1.6181554672682616,2.9912073418352563,1,2,0.0,0.0,2,5,0.4516129032258064,0.2688172043010752,19,INT,DAPI,4.0,0.54,14.1,False,2
260323,260323/4D-405-02,4D-405-02,4,58,0.162922423598026,1.5664885432986209,455.4550169326275,584.0317394800531,366.9530843656413,1.591570596796263,0.90625,0.7779629323738582,1206.6379310344828,1197.0,69985.0,1588.0,970.0,173.06136202868402,0.1434244337738611,3.019797170025131,0.3481691980522487,-1.0166941060814096,162.1068291006417,129.30692672729492,9402.19608783722,604.5038452148438,0.0,156.58216896817956,0.9659196335952496,2.6739551261488206,0.9324207497158848,0.483550127700501,1,1,0.0,0.0,1,1,0.3793103448275862,0.3103448275862069,19,INT,DAPI,4.0,0.54,14.1,False,2
260323,260323/4D-405-02,4D-405-02,5,36,0.1011242629229127,1.11676804582733,358.8250416089271,413.09501598667913,316.8664908051717,1.303687918962294,0.9,0.6415816574384355,1225.5833333333333,1199.0,44121.0,1637.0,969.0,166.7743342706802,0.1360775148737446,3.0298697940271384,0.6286471564210501,-0.1556850183857445,205.6464819357627,171.63666534423828,7403.273349687457,850.6603393554688,0.0,205.1441920328156,0.997557507922241,2.6213118839376626,1.1629469711563407,1.462852169899067,1,1,0.0,0.0,0,1,0.3888888888888889,0.2777777777777778,19,INT,DAPI,4.0,0.54,14.1,False,2
260323,260323/4D-405-03,4D-405-03,1,135,0.3792159859609227,2.22820931637027,694.8617051767791,771.303164865515,629.5106662566986,1.225242408443953,0.9574468085106383,0.5778188757653333,1377.5703703703705,1276.0,185972.0,2639.0,594.0,572.6776403113258,0.4157157068915158,3.2963076256250723,0.4428652309054009,-0.9834907863207918,309.00063290772613,132.6106719970703,41715.08544254303,2447.0,0.0,454.7045556208625,1.4715327646485648,2.156996229120585,2.4193197496979333,7.0016994609742085,1,4,0.0962962962962963,0.1629629629629629,1,6,0.5333333333333333,0.2296296296296296,19,INT,DAPI,4.0,0.54,14.1,False,3
260323,260323/4D-405-03,4D-405-03,2,100,0.2809007303414242,1.8973489298344453,598.0417360148784,658.7046067837334,546.807526754385,1.2046370515298528,0.9345794392523364,0.5575765097987934,1093.15,1026.5,109315.0,1908.0,593.0,371.5034258988004,0.3398467053000964,3.241345321578008,0.4267308441800245,-1.0487004310957138,202.55864968299863,93.83045959472656,20255.864968299866,1356.732421875,0.0,284.5209757467714,1.4046350338138736,2.205630126174364,2.0945358542856565,4.537670257345856,1,2,0.0,0.09,1,3,0.52,0.22,19,INT,DAPI,4.0,0.54,14.1,False,3
260323,260323/4D-405-03,4D-405-03,3,155,0.4353961320292075,2.780163352716292,744.555956879212,1104.9388885967012,508.5909625154958,2.172549199717712,0.9011627906976744,0.8877692536615936,1164.909677419355,1102.0,180561.0,2153.0,585.0,387.6950597071413,0.3328112618705418,3.2350847420705318,0.3387460577380737,-0.9546227936368928,214.65424056822252,109.24510192871094,33271.40728807449,1830.0771484375,0.0,321.60562667328844,1.4982495841775556,2.136408716941429,2.5154753077767333,7.360982461469137,1,2,0.0,0.064516129032258,2,7,0.4903225806451612,0.2129032258064516,19,INT,DAPI,4.0,0.54,14.1,False,3
260323,260323/4D-405-03,4D-405-03,4,125,0.3511259129267802,2.387209523070539,668.6309875556262,773.840667606187,590.9651425736319,1.309452304134452,0.8992805755395683,0.645597254620689,1140.32,1111.0,142540.0,1854.0,590.0,364.0761308191709,0.319275405867801,3.3553532308759406,0.235571828268641,-1.1561375124136577,212.93901491737367,108.78053283691406,26617.376864671707,1387.3079833984375,0.0,287.46153778162824,1.3499712013468803,2.3214751320602005,2.1280583849652954,4.856971070690604,1,4,0.0,0.08,1,5,0.488,0.208,19,INT,DAPI,4.0,0.54,14.1,False,3
260323,260323/4D-405-03,4D-405-03,5,83,0.2331476061833821,1.8572088340696435,544.84195135197,609.1503657471296,497.9325456639276,1.2233592101012554,0.8829787234042553,0.5760401482956622,1153.6144578313254,1158.0,95750.0,2062.0,595.0,381.56883569519647,0.3307594084877421,3.1139526298012283,0.4029495757760529,-0.8415781419327764,271.1161900873644,123.92594146728516,22502.643777251244,1779.2958984375,0.0,368.7749623511044,1.3602100347908783,2.344546332729292,2.253914102802657,5.742883771736594,1,2,0.0,0.0843373493975903,1,4,0.5542168674698795,0.2289156626506024,19,INT,DAPI,4.0,0.54,14.1,False,3
260323,260323/4D-405-03,4D-405-03,6,46,0.1292143359570551,1.3234415461432985,405.6116397333997,546.5601347513675,313.1435825588324,1.7453978468445273,0.9019607843137256,0.8196006147012035,798.5217391304348,755.0,36732.0,1104.0,608.0,150.10155660314115,0.1879742895498337,2.863673535128373,0.6802071538979911,-0.7001501614290326,143.2229689826136,105.8326530456543,6588.256573200226,614.8699340820312,0.0,144.98747334105764,1.012319981710882,2.608194274893425,1.556114478384468,2.139785317949374,1,1,0.0,0.0,1,1,0.3260869565217391,0.217391304347826,19,INT,DAPI,4.0,0.54,14.1,False,3
260323,260323/4D-405-04,4D-405-04,1,101,0.2837097376448385,2.07830248387984,601.0245063188743,700.1436643979459,521.9441970974844,1.341414787809546,0.8938053097345132,0.6665262418352044,1111.6930693069307,918.0,112281.0,2263.0,449.0,525.0721806108995,0.4723175803715753,3.211712459263892,0.6061874136041107,-0.8107211266702219,340.3776063163682,156.3374786376953,34378.138237953186,2203.0,0.0,482.2369787858223,1.4167705801938133,2.260060098348518,1.9990846207537016,3.717166632734398,1,4,0.1584158415841584,0.1881188118811881,1,4,0.5247524752475248,0.2079207920792079,19,INT,DAPI,4.0,0.54,14.1,False,4
260323,260323/4D-405-04,4D-405-04,2,131,0.3679799567472657,2.524256382425682,684.4900529595396,972.2691368979508,493.73850762709617,1.9691985167830424,0.8791946308724832,0.8614627198141334,950.6030534351144,926.0,124529.0,1756.0,451.0,363.548889514915,0.3824402711533367,3.292231510888985,0.4271878230782637,-0.9814687385841916,207.84152460644265,62.9769172668457,27227.239723443985,1465.2642822265625,0.0,316.05454952112666,1.5206516124224467,2.1893295696356017,2.032085798776267,3.879479669033137,1,2,0.0381679389312977,0.1297709923664122,2,6,0.6183206106870229,0.2290076335877862,19,INT,DAPI,4.0,0.54,14.1,False,4
260323,260323/4D-405-04,4D-405-04,3,102,0.2865187449482527,2.418256244625503,603.9925466228896,783.8191377016256,483.0804695292485,1.6225436281152918,0.8717948717948718,0.7874987512904833,748.7843137254902,674.5,76376.0,1344.0,448.0,228.41336626852296,0.3050456080364164,3.156214343148012,0.6941354414662503,-0.4755932025109084,124.0799869269717,65.63935470581055,12656.158666551111,953.353515625,0.0,184.5127390977232,1.487046732252798,2.1473912414425027,2.4536004308072883,6.534674471942839,1,3,0.0,0.0784313725490196,1,5,0.4901960784313725,0.1862745098039215,19,INT,DAPI,4.0,0.54,14.1,False,4
260323,260323/4D-405-04,4D-405-04,4,60,0.1685404382048545,1.5116051749358068,463.2411367845194,541.6055592207772,409.7894415374509,1.3216679209419786,0.8695652173913043,0.6538551929614117,653.5333333333333,612.5,39212.0,1071.0,455.0,153.54946938372206,0.2349527737178242,2.8983677676213087,0.7356528981263606,-0.2198616098531731,117.33414646585784,54.449445724487305,7040.048787951469,772.7662963867188,0.0,166.09997067876722,1.4156149397404905,2.266999893371655,2.2732299804129283,5.077948993609212,1,1,0.0,0.0333333333333333,1,1,0.5166666666666667,0.1833333333333333,19,INT,DAPI,4.0,0.54,14.1,False,4
260323,260323/4D-405-05,4D-405-05,1,370,1.0393327022632697,4.337558521805074,1150.3562477154856,1717.3934085619396,789.7914191408398,2.174489829770719,0.9203980099502488,0.8879821166385058,1735.5189189189189,1657.0,642142.0,3252.0,752.0,647.7484463714335,0.3732304150132375,3.3447798413657304,0.3579186331867287,-0.8735086359267017,263.0119787280624,102.07071304321288,97314.43212938309,3203.0,0.0,425.34156403301387,1.6171946467608986,1.8635898023464337,2.96529484108188,11.557930594353666,3,7,0.0756756756756756,0.127027027027027,6,26,0.5243243243243243,0.2216216216216216,19,INT,DAPI,4.0,0.54,14.1,False,5
260323,260323/4D-405-05,4D-405-05,2,114,0.3202268325892236,2.0343957891895887,638.5338413411511,695.0826626341185,588.5722302233002,1.1809640804331,0.9344262295081968,0.5319658558898592,1330.7456140350878,1298.5,151705.0,2234.0,744.0,427.089508170644,0.3209400081174214,3.2753110421483984,0.2945954274255675,-1.165276455762126,206.7452404279458,89.29762649536133,23568.95740878582,1810.587890625,0.0,311.0279102836056,1.5044017924659507,2.095039729688097,2.720006649666284,8.65736364290427,1,3,0.0,0.0614035087719298,2,2,0.5087719298245614,0.2105263157894736,19,INT,DAPI,4.0,0.54,14.1,False,5
260323,260323/4D-405-05,4D-405-05,3,135,0.3792159859609227,2.833163421616381,694.8617051767791,807.4774963009777,616.2138094402809,1.3103852655207864,0.8881578947368421,0.6462398726452826,1102.3111111111111,1110.0,148812.0,1719.0,745.0,235.31368288570437,0.2134730209228428,3.1918739090899493,0.4317408362015913,-0.4991839677085714,136.0780277216876,77.78074645996094,18370.533742427822,1013.251953125,0.0,186.69499424907505,1.3719701657560128,2.261693506058652,2.3214596187017675,6.369438416249304,1,2,0.0,0.0222222222222222,2,6,0.4666666666666667,0.2148148148148148,19,INT,DAPI,4.0,0.54,14.1,False,5
260323,260323/4D-405-05,4D-405-05,4,85,0.2387656207902105,1.7345821242087285,551.3672372505789,620.758262781397,493.30951893966784,1.258354519725609,0.934065934065934,0.6070173130979493,1440.9176470588236,1308.0,122478.0,2476.0,760.0,493.7938458353586,0.3426940095037923,3.231523294498668,0.4247821323939282,-0.9753633125157832,336.2802123476477,190.3676605224609,28583.818049550056,1685.982177734375,0.0,407.0690563417589,1.2105055290048687,2.5891723862769687,1.6400491730977411,2.1496385680575,1,2,0.0,0.1058823529411764,1,2,0.4705882352941176,0.2352941176470588,19,INT,DAPI,4.0,0.54,14.1,False,5
260323,260323/4D-405-05,4D-405-05,5,53,0.1488773870809548,1.3855349892532267,435.3809556564406,461.86108636684736,414.49407500468345,1.114276691076051,0.8833333333333333,0.441130101124743,1113.8867924528302,1051.0,59036.0,1718.0,761.0,254.9678456633426,0.2288992448702005,3.0903322493810186,0.7518246901582235,-0.3054257077552531,205.11633559892763,128.28932189941406,10871.165786743164,1120.3038330078125,0.0,247.3588046973068,1.205943953586308,2.488825340290288,1.9696016117869748,3.868089678457801,1,0,0.0,0.0188679245283018,1,1,0.4339622641509434,0.1698113207547169,19,INT,DAPI,4.0,0.54,14.1,False,5
260323,260323/4D-405-06,4D-405-06,1,242,0.6797797674262466,3.9446046921593214,930.3346073311308,1290.8542980194093,685.4426008694094,1.883242005066655,0.8864468864468864,0.8473723198961015,846.5495867768595,817.5,204865.0,1627.0,460.0,266.02058935820014,0.3142410007794617,3.184612209529213,0.4033799836509997,-0.6666542168021938,120.96380379235696,50.13244819641113,29273.240517750382,1296.54931640625,0.0,183.4210342507765,1.516329914406725,1.9517539621127915,2.720508728131564,10.021640787370735,1,6,0.0,0.0702479338842975,5,17,0.5165289256198347,0.2024793388429752,19,INT,DAPI,4.0,0.54,14.1,False,6
260323,260323/4D-405-06,4D-405-06,2,98,0.2752827157345957,2.016209040769912,592.031113756174,722.756106591598,490.8075816226265,1.4725854564066467,0.8990825688073395,0.7340663637866653,955.6836734693876,856.0,93657.0,1873.0,463.0,374.5007837779302,0.391866884592045,3.177711687432403,0.5739403312354899,-0.6740783733695719,224.479916059241,92.05253982543944,21999.03177380562,1768.7332763671875,0.0,361.9163273173008,1.6122436860756395,2.0547053921265976,2.5768447932582537,7.107816693970346,1,3,0.0306122448979591,0.1326530612244898,1,5,0.5714285714285714,0.1836734693877551,19,INT,DAPI,4.0,0.54,14.1,False,6
260323,260323/4D-405-06,4D-405-06,3,90,0.2528106573072818,1.8095355404539435,567.3522064944498,666.7075837677501,484.11570021506026,1.3771657962581598,0.9473684210526316,0.6875585059145269,1030.4444444444443,943.0,92740.0,1904.0,463.0,403.1742342598746,0.391262465854957,3.278503381361437,0.4490991366486326,-1.0101745436326457,273.7642057312859,92.59080123901369,24638.77851581573,1540.2601318359375,0.0,359.18490412034095,1.3120228890437926,2.3731397591769228,1.476478872662112,1.4255051647297723,1,2,0.0666666666666666,0.1555555555555555,1,1,0.5777777777777777,0.2666666666666666,19,INT,DAPI,4.0,0.54,14.1,False,6
260323,260323/4D-405-06,4D-405-06,4,90,0.2528106573072818,1.9412556245246968,567.3522064944498,667.0091432898463,488.6419472986929,1.365026369465826,0.9183673469387756,0.6806738590489387,990.7555555555556,899.0,89168.0,1860.0,468.0,377.8271202996915,0.3813525124144562,3.1846156054371666,0.5936576290855279,-0.7335682779522665,261.2424884054396,141.91962432861328,23511.823956489563,1860.0,0.0,342.74205683820634,1.31196904045058,2.3059170823193944,2.288047852063364,6.09713630223359,1,3,0.0333333333333333,0.1444444444444444,1,2,0.4555555555555555,0.2,19,INT,DAPI,4.0,0.54,14.1,False,6
260323,260323/4D-405-07,4D-405-07,1,418,1.1741650528271532,4.699465629895863,1222.6992178396054,1496.3689622131865,1017.1950435071168,1.4710737844867574,0.9227373068432672,0.7334202023731698,1507.3995215311004,1425.0,630093.0,3044.0,685.0,579.9298483166697,0.3847220594362545,3.280773326809669,0.572666937274451,-0.5726485496869627,196.4371971232754,56.816118240356445,82110.74839752913,2090.104248046875,0.0,345.83203586924213,1.760522146180965,1.8752924347011448,3.024596256073896,10.502266784519264,1,4,0.0526315789473684,0.1196172248803827,4,32,0.5813397129186603,0.2105263157894736,19,INT,DAPI,4.0,0.54,14.1,False,7
260323,260323/4D-405-07,4D-405-07,2,337,0.9466354612505996,4.134651620414553,1097.8586902297009,1353.1483870598206,901.3606340953417,1.5012286268946275,0.913279132791328,0.7458436412516602,1426.379821958457,1371.0,480690.0,2532.0,687.0,513.0873039711631,0.3597129572869874,3.3591091233667663,0.3108849594940341,-1.0664949979591414,172.69059782919615,70.00767517089844,58196.7314684391,1291.8558349609375,0.0,252.5842001491611,1.4626401397891138,2.242978963880899,2.089883813883761,4.493100069786415,2,4,0.0415430267062314,0.1186943620178041,2,24,0.5311572700296736,0.2403560830860534,19,INT,DAPI,4.0,0.54,14.1,False,7
260323,260323/4D-405-07,4D-405-07,3,353,0.9915795781052276,4.65932553413106,1123.6184096904894,1555.168248788164,933.2278713781106,1.6664399944373984,0.8651960784313726,0.7999387836682708,1236.2124645892352,1240.0,436383.0,2219.0,686.0,321.2128960937277,0.2598363188325069,3.167897420645332,0.0859814743318189,-0.9144939782607744,152.37804539353922,56.6675910949707,53789.450023919344,2219.0,0.0,228.1937169014699,1.4975498360812105,1.7261638819809666,3.270641310260332,20.13228685166464,2,7,0.0,0.0113314447592068,5,24,0.5410764872521246,0.2492917847025495,19,INT,DAPI,4.0,0.54,14.1,False,7
260323,260323/4D-405-07,4D-405-07,4,112,0.3146088179823951,2.07830248387984,632.9078828530835,659.904487865975,611.8162803288494,1.0785990976102802,0.9491525423728814,0.374743487849559,1130.955357142857,1076.5,126667.0,1914.0,692.0,333.7736296157896,0.2951253800671717,3.2400078752207677,0.4946376214459154,-0.7714129257776436,172.8310668213027,73.39078903198242,19357.0794839859,1428.146728515625,0.0,259.76950698538315,1.5030255368033445,2.1559094631776734,2.4209021724537068,6.751794261719493,1,4,0.0,0.0535714285714285,1,4,0.5446428571428571,0.2053571428571428,19,INT,DAPI,4.0,0.54,14.1,False,7
260323,260323/4D-405-08,4D-405-08,1,215,0.6039365702340621,3.001257002526488,876.901319267871,1073.343859715148,719.5039253152905,1.4917831883193728,0.9388646288209608,0.7420552742917002,1539.1302325581396,1476.0,330913.0,2837.0,604.0,641.2077183724576,0.4166039395553465,3.3883056528219515,0.3051060964259078,-1.1075097133277134,281.17520883526913,132.70736694335938,60452.66989958286,1883.1077880859373,0.0,392.4598041116024,1.3957838094521735,2.3830152291375564,2.105082758912632,4.561307345623178,1,4,0.1255813953488372,0.1720930232558139,3,11,0.5162790697674419,0.227906976744186,19,INT,DAPI,4.0,0.54,14.1,False,8
260323,260323/4D-405-08,4D-405-08,2,135,0.3792159859609227,2.4273496188353416,694.8617051767791,739.6822573167543,675.3640181765221,1.0952349213301162,0.906040268456376,0.407856316732116,1189.6074074074074,1201.0,160597.0,1913.0,611.0,350.7602637575813,0.2948537993067957,3.244923661339427,0.0432636056274524,-1.2375601697383565,165.98554810241416,82.29191589355469,22408.048993825912,1369.758544921875,0.0,240.6953890106935,1.4500984679833866,2.178938081755947,2.458554796938269,7.430688089018902,1,1,0.0,0.0222222222222222,1,7,0.5037037037037037,0.2222222222222222,19,INT,DAPI,4.0,0.54,14.1,False,8
260323,260323/4D-405-08,4D-405-08,3,111,0.3117998106789809,2.158582675409445,630.0760660407722,681.6634008476766,614.2990105160358,1.1096605873987198,0.925,0.4334524055376088,1126.3243243243244,1111.0,125022.0,1764.0,618.0,302.0161092079862,0.2681431117890168,3.33072819400437,0.1211411200229193,-1.0101932851924464,161.9265493347838,85.9431381225586,17973.846976161003,901.9008178710938,0.0,207.20818620458857,1.279643066907977,2.42977542888003,1.528545243255634,1.809615853281601,1,2,0.0,0.027027027027027,1,4,0.4864864864864865,0.2432432432432432,19,INT,DAPI,4.0,0.54,14.1,False,8
260323,260323/4D-405-08,4D-405-08,4,119,0.3342718691062948,2.211582744309534,652.386513072328,721.813224164238,622.8547027584927,1.1588789824777412,0.9296875,0.5053698021154902,1145.5882352941176,1113.0,136325.0,1809.0,631.0,313.9527766434208,0.2740537716527935,3.3085573299446525,0.1626963261195311,-1.051316408923007,167.57527858269316,85.87751007080078,19941.458151340485,1358.7696533203125,0.0,222.71250388573804,1.3290295905779228,2.1410373924052317,2.153102177658848,6.656182912027463,1,1,0.0,0.0252100840336134,1,4,0.4957983193277311,0.2436974789915966,19,INT,DAPI,4.0,0.54,14.1,False,8
260323,260323/4D-405-08,4D-405-08,5,71,0.1994395185424111,1.8386989625461825,503.91892382717646,741.1323271114869,354.6619710307757,2.0896864836043427,0.9342105263157896,0.8780653810479015,1304.6338028169014,1328.0,92629.0,2138.0,617.0,404.6680205317023,0.3101774763600046,3.207210666183011,0.0540605980596909,-0.9182116136184346,231.3225367371465,33.021907806396484,16423.900108337402,1839.51220703125,0.0,381.8892681886135,1.6508952114015465,1.9159181924662343,2.442756279580146,6.614991313745215,0,0,0.028169014084507,0.0422535211267605,0,0,0.5492957746478874,0.2112676056338028,19,INT,DAPI,4.0,0.54,14.1,False,8
260323,260323/4D-405-08,4D-405-08,6,122,0.3426988910165375,2.224442717444821,660.5586877629735,737.5510237108548,621.410441176193,1.1868983442164782,0.9457364341085271,0.5386460765530754,1266.270491803279,1299.5,154485.0,2247.0,604.0,416.2939409092722,0.3287559361163298,3.191307567990249,0.1179373888143436,-1.0868992505825903,229.45879292683523,72.17220306396484,27993.9727370739,2247.0,0.0,364.7910924580931,1.5897891198896423,1.9441580670671477,2.759608902925595,9.842411571840945,1,2,0.0327868852459016,0.0491803278688524,1,4,0.5655737704918032,0.221311475409836,19,INT,DAPI,4.0,0.54,14.1,False,8
260323,260323/4D-405-08,4D-405-08,7,151,0.4241601028155505,2.652209867570986,734.8859885748886,990.6344865778944,551.2837542245549,1.7969593317171806,0.9151515151515152,0.8308505421085354,1011.58940397351,1010.0,152750.0,1495.0,604.0,246.50371928291275,0.2436796177526666,3.3044633039182534,-0.0254209032889665,-1.2373820436945988,155.72967649927202,82.65335845947266,23515.18115139008,1069.1109619140625,0.0,197.89281381822207,1.270745681020837,2.415333129632348,1.849552570134387,3.928823824513041,2,3,0.0,0.0,3,7,0.4900662251655629,0.2582781456953642,19,INT,DAPI,4.0,0.54,14.1,False,8
260323,260323/4D-405-08,4D-405-08,8,74,0.2078665404526539,1.7603020704793024,514.4549536466826,568.051785146537,475.3719252851251,1.1949628384255613,0.8809523809523809,0.5474382086437507,1034.945945945946,1015.0,76586.0,1669.0,609.0,301.3853807387902,0.2912088132905553,3.1082480182678878,0.3933948596191985,-0.8143706512533195,208.5587193128225,124.36262130737305,15433.345229148865,1042.455810546875,0.0,240.9477757422437,1.1552994597211736,2.576262467344081,1.7378474071004195,2.808902111650804,1,1,0.0,0.054054054054054,1,2,0.4054054054054054,0.2162162162162162,19,INT,DAPI,4.0,0.54,14.1,False,8
260323,260323/4D-405-08,4D-405-08,9,73,0.2050575331492397,1.716395375789051,510.9670832367321,604.8529086016538,438.9892879323992,1.377830678854278,0.9012345679012346,0.6879283727605014,896.1917808219179,872.0,65422.0,1364.0,606.0,192.3748263687215,0.2146581016312046,3.1652489975718447,0.4070248957491535,-0.7350825325331947,148.01415958265736,84.77294158935547,10805.033649533989,751.2831420898438,0.0,166.46535816559597,1.1246583342766925,2.537951448954773,1.3242576475872845,1.6495809002945894,1,2,0.0,0.0136986301369863,1,2,0.4520547945205479,0.2876712328767123,19,INT,DAPI,4.0,0.54,14.1,False,8
260323,260323/4D-405-09,4D-405-09,1,330,0.9269724101267,3.874978051198496,1086.3967642863154,1397.4084899123368,860.6371886058325,1.623690572999795,0.9243697478991596,0.7878392765527061,1299.1333333333334,1276.0,428714.0,2250.0,559.0,458.4691195009404,0.3529038226773801,3.365928157869674,0.1054105506532478,-1.167691040874047,212.7937417975429,69.95372772216797,70221.93479318917,2250.0,0.0,342.0852230639709,1.607590618851183,1.9363533065815772,2.629018457382988,8.625961700907952,3,5,0.0848484848484848,0.0787878787878787,3,20,0.5606060606060606,0.2242424242424242,19,INT,DAPI,4.0,0.54,14.1,False,9
260323,260323/4D-405-09,4D-405-09,2,100,0.2809007303414242,1.9283956513894096,598.0417360148784,661.5173297145415,545.2302973765882,1.2132805768451902,0.925925925925926,0.5662818531377535,1203.36,1136.0,120336.0,2171.0,559.0,468.4359861617307,0.3892733564035124,3.204437370133684,0.399939323693584,-1.0141945713875145,316.5029795718193,153.4766845703125,31650.29795718193,1788.05029296875,0.0,408.1869704723241,1.2896781288585002,2.463905699168036,1.7504562024365542,2.5225276269425905,1,3,0.08,0.16,1,2,0.5,0.22,19,INT,DAPI,4.0,0.54,14.1,False,9
260323,260323/4D-405-09,4D-405-09,3,96,0.2696647011277672,1.9704190466169365,585.9588392498761,625.4946260809261,573.0821656000588,1.0914571480792594,0.8571428571428571,0.4007067176335478,828.5104166666666,804.5,79537.0,1208.0,561.0,190.63605418049536,0.2300949394788281,3.200083163728319,0.3581235098925975,-1.0257533262998888,118.42129223048688,77.7783317565918,11368.44405412674,657.9739379882812,0.0,130.26278118884557,1.0999945933313349,2.5826437806351863,1.7772404743921082,4.331863292384419,2,2,0.0,0.0,2,4,0.40625,0.25,19,INT,DAPI,4.0,0.54,14.1,False,9
260323,260323/4D-405-09,4D-405-09,4,103,0.2893277522516669,2.740023256951489,606.9460730214508,693.1751025663183,572.6114425257748,1.210550560269526,0.8110236220472441,0.5635669210589648,705.7378640776699,691.0,72691.0,1048.0,559.0,95.50689957265573,0.1353291419293109,2.975258090717888,0.5513966982255742,0.1299355089333271,97.17567983052685,71.7016830444336,10009.095022544265,703.8092041015625,0.0,116.03716246762968,1.194096739739789,2.2418542865271736,2.17544216053721,7.344940324061312,1,3,0.0,0.0,2,5,0.4466019417475728,0.2621359223300971,19,INT,DAPI,4.0,0.54,14.1,False,9
260323,260323/4D-405-10,4D-405-10,1,153,0.429778117422379,2.5223730829629574,739.7367738351292,915.4477612870758,606.588118463347,1.509175226851054,0.9107142857142856,0.7489614432809673,1437.875816993464,1441.0,219995.0,2477.0,664.0,445.2254355093525,0.3096410901744627,3.283217577516086,0.1635625345213347,-0.8091175342849408,234.33217754005608,58.597267150878906,35852.82316362858,2477.0,0.0,380.46897044420456,1.623630926141879,1.8317931371160852,2.7104397712949955,9.492728902979591,2,3,0.0196078431372549,0.0522875816993464,1,9,0.5751633986928104,0.2222222222222222,19,INT,DAPI,4.0,0.54,14.1,False,10
260323,260323/4D-405-10,4D-405-10,2,118,0.3314628618028806,2.07830248387984,649.6396102905932,693.0488342139514,612.4381656033908,1.1316225427119502,0.9365079365079364,0.4680785072098702,1382.2203389830509,1360.5,163102.0,2377.0,664.0,502.0210629216449,0.3631990130394115,3.2999209915041106,0.3063438919729829,-1.0703675166598488,268.22676888562864,136.73057174682617,31650.75872850418,1719.1104736328125,0.0,350.97780766234064,1.308511484966651,2.350217422781084,1.918291101366008,3.965613074987046,1,4,0.059322033898305,0.135593220338983,1,5,0.5,0.2711864406779661,19,INT,DAPI,4.0,0.54,14.1,False,10
260323,260323/4D-405-10,4D-405-10,3,100,0.2809007303414242,2.032512489726864,598.0417360148784,665.6211559980344,554.7026272044728,1.199960345153864,0.8928571428571429,0.5527292795462886,1413.49,1329.0,141349.0,2439.0,681.0,488.0222816365432,0.3452605123747201,3.1825586591134942,0.4133556545775326,-0.8409038287020727,243.70776093959807,115.6990737915039,24370.77609395981,1319.728759765625,0.0,306.7007994617936,1.2584777697654366,2.430425455040936,1.4707761936517385,1.6688667054435218,1,1,0.03,0.12,2,3,0.52,0.27,19,INT,DAPI,4.0,0.54,14.1,False,10
260323,260323/4D-405-10,4D-405-10,4,112,0.3146088179823951,2.215349343234984,632.9078828530835,844.2062599830717,479.5002290847143,1.7605961556984449,0.9032258064516128,0.8230358509099891,1272.928571428571,1192.0,142568.0,2299.0,671.0,434.7206147286011,0.3415121826048154,3.203735022117544,0.4357695290402119,-0.952028448534772,250.17478980762615,126.15397644042967,28019.57645845413,2057.102294921875,0.0,337.654722090065,1.3496752504507237,2.1884983069888837,2.486339215888369,8.092275019096103,1,2,0.0,0.1160714285714285,1,5,0.4910714285714285,0.2142857142857142,19,INT,DAPI,4.0,0.54,14.1,False,10
260323,260323/4D-405-10,4D-405-10,5,64,0.1797764674185115,1.5134884743985313,478.4333888119028,567.911338725,405.0166323758632,1.4021926343952398,0.927536231884058,0.7009923692943988,1129.875,1086.5,72312.0,1885.0,680.0,334.79505695086084,0.2963115892916126,3.051139935567607,0.4711241728734679,-0.7445746270920632,240.1670902818441,113.61564636230467,15370.693778038025,1165.3057861328125,0.0,293.74690934429566,1.2230939259811733,2.512061638308541,1.7719371795275414,2.6157174775238747,1,1,0.0,0.046875,1,1,0.515625,0.234375,19,INT,DAPI,4.0,0.54,14.1,False,10
260323,260323/4D-405-10,4D-405-10,6,50,0.1404503651707121,1.297721599872724,422.87936696869576,468.21954867182666,383.7248794047457,1.2201959627901988,0.9090909090909092,0.5730212749493252,1006.9,1012.0,50345.0,1435.0,667.0,238.1396649027625,0.2365077613494512,2.9778813320259374,0.1512824975226717,-1.284021025566086,189.219537563324,110.84069442749023,9460.9768781662,822.605224609375,0.0,181.3202409914684,0.9582532719740317,2.65647803627816,1.473631640631747,2.43902687202638,1,0,0.0,0.0,1,1,0.36,0.28,19,INT,DAPI,4.0,0.54,14.1,False,10
260323,260323/7D-405-01,7D-405-01,1,238,0.6685437382125896,3.3797906826780126,922.6138546961786,1065.9963209546902,808.4343726859832,1.318593514787069,0.9049429657794676,0.6518082281971477,697.3865546218487,632.0,165978.0,1461.0,272.0,304.9667093748067,0.4372993820337876,3.276298187146625,0.4724626483020521,-0.8131567173486269,102.28551749947692,31.554901123046875,24343.953164875507,1443.0,0.0,189.8690823038611,1.8562655490776792,1.650217217174523,3.503240465350729,15.496078408002123,1,4,0.1428571428571428,0.1554621848739495,1,14,0.5714285714285714,0.180672268907563,12,INT,DAPI,7.0,2.41,16.0,False,1
260323,260323/7D-405-01,7D-405-01,2,205,0.5758464971999196,3.3139306406426363,856.2654564632185,994.4435433067724,749.3969475597446,1.3269917185344444,0.8836206896551724,0.6573513863425741,575.8487804878049,526.0,118049.0,1256.0,272.0,246.7890493188496,0.4285657236432681,3.1939616808309017,0.6860080595862432,-0.5108006688061608,83.39244427070385,26.14537048339844,17095.45107549429,887.0379028320312,0.0,138.76954696248768,1.6640541979081678,1.891123868627478,2.621620384288977,8.167892401168459,1,4,0.0439024390243902,0.1512195121951219,1,13,0.551219512195122,0.1951219512195122,12,INT,DAPI,7.0,2.41,16.0,False,1
260323,260323/7D-405-01,7D-405-01,3,128,0.359552934837023,2.577256451325772,676.6069871499132,900.5633715189898,522.3329925619032,1.7241173434248676,0.9014084507042254,0.8146115430539445,426.6484375,412.5,54611.0,756.0,274.0,103.77152294303733,0.2432248985865261,3.0973093627342685,0.6093483180178764,0.0239204565256501,56.237735994160175,28.671088218688965,7198.430207252502,443.0936584472656,0.0,80.92359784412162,1.4389554702651055,2.143668755839524,2.255677127279691,5.764830722136393,1,3,0.0,0.03125,2,7,0.4921875,0.21875,12,INT,DAPI,7.0,2.41,16.0,False,1
260323,260323/7D-405-01,7D-405-01,4,87,0.244383635397039,2.107465905972079,557.8161961378049,800.2070348379605,412.1867200061593,1.941370247993441,0.8285714285714286,0.8571300319621246,438.64367816091954,431.0,38162.0,698.0,274.0,103.69420349024632,0.2363973508634618,3.1959342881599926,0.4201011076214163,-0.5881421442758139,65.49749501820268,42.20713806152344,5698.282066583633,350.630615234375,0.0,82.67604734962855,1.2622780050848006,2.4223990794922714,1.7401380889082978,2.9233325705212305,1,1,0.0,0.0229885057471264,2,3,0.4827586206896552,0.2298850574712643,12,INT,DAPI,7.0,2.41,16.0,False,1
260323,260323/7D-405-02,7D-405-02,1,176,0.4943852854009066,2.7619766042966147,793.3920189336503,828.2635754748177,768.6990071801448,1.077487505172117,0.9072164948453608,0.372368389743636,963.4034090909092,900.5,169559.0,1900.0,364.0,429.2685496979021,0.4455750785675237,3.3036474207758317,0.3826679644794369,-1.031776399456238,162.9015989384868,51.58027267456055,28670.68141317368,1430.4864501953125,0.0,249.7786031490851,1.5333097082945386,2.028742058953389,2.299833035152365,6.405909999299315,1,4,0.1306818181818181,0.1818181818181818,1,7,0.5909090909090909,0.2329545454545454,12,INT,DAPI,7.0,2.41,16.0,False,2
260323,260323/7D-405-02,7D-405-02,2,125,0.3511259129267802,2.153255900125055,668.6309875556262,709.3803458529889,634.0721742299979,1.1187690844728255,0.9398496240601504,0.4483870501817819,991.912,910.0,123989.0,2162.0,376.0,468.24590341455865,0.4720639566963184,3.1371963765788458,0.5043566528924044,-0.8128528824732331,213.66574614715577,73.03240203857422,26708.21826839447,2162.0,0.0,337.07843895436326,1.5775969945234496,1.9371386851474728,2.7246549063735226,9.672463784932368,1,4,0.168,0.216,1,4,0.576,0.216,12,INT,DAPI,7.0,2.41,16.0,False,2
260323,260323/7D-405-02,7D-405-02,3,168,0.4719132269735926,3.461954173670342,775.1506835876227,1069.722892598248,601.5379744061074,1.7783131541352395,0.8527918781725888,0.8269124711406338,577.9404761904761,572.5,97094.0,970.0,361.0,149.2182303474859,0.2581896172613924,3.15098068639069,0.3487079053828091,-0.8769954009866443,67.58176662666457,38.0347785949707,11353.736793279648,566.5027465820312,0.0,89.18406179425907,1.3196467959609577,2.1225242615069653,1.9983795150929995,5.914459578178226,1,5,0.0,0.0238095238095238,3,12,0.494047619047619,0.2678571428571428,12,INT,DAPI,7.0,2.41,16.0,False,2
260323,260323/7D-405-02,7D-405-02,4,109,0.3061817960721524,2.4621629393157543,624.3739029116301,818.4200769833525,491.2508212816658,1.665992282411065,0.8650793650793651,0.7998177849249031,676.1376146788991,627.0,73699.0,1303.0,360.0,237.93605069468447,0.351904768391981,3.1421181975393164,0.5859399702241023,-0.6085985690963112,111.41063546368837,50.69894409179688,12143.75926554203,1066.8834228515625,0.0,183.5792876040142,1.6477716587825004,1.9615692002865588,2.8717801843065818,9.688652744844608,1,2,0.0,0.1009174311926605,1,4,0.5688073394495413,0.2201834862385321,12,INT,DAPI,7.0,2.41,16.0,False,2
260323,260323/7D-405-02,7D-405-02,5,80,0.2247205842731393,1.7603020704793024,534.904790044501,683.7065720011009,420.6908085917024,1.6251996906941368,0.9090909090909092,0.7882860089172065,597.15,605.0,47772.0,914.0,363.0,156.70088413473485,0.2624146096202543,3.276258390817035,0.226561824684758,-1.1182342718738456,79.71378137469291,37.49782180786133,6377.102509975433,335.6210021972656,0.0,91.02740335734086,1.1419280554446227,2.4696278538299525,1.11534887195166,0.3689312098372506,1,2,0.0,0.025,1,4,0.5125,0.2625,12,INT,DAPI,7.0,2.41,16.0,False,2
260323,260323/7D-405-02,7D-405-02,6,67,0.1882034893287542,1.8314888877990687,489.5182581584797,525.6841761005335,482.1709534940248,1.0902443879939103,0.8481012658227848,0.3983683026816889,499.910447761194,479.0,33494.0,767.0,359.0,95.07743755284244,0.1901889387962155,3.104402073351552,0.7877712693288812,-0.036714127552774,59.67616185857289,41.06445693969727,3998.302844524384,353.2250061035156,0.0,73.03721820779958,1.2238926890253297,2.430710442921451,2.2474583356694264,6.128077976613488,1,1,0.0,0.0149253731343283,1,1,0.4328358208955223,0.208955223880597,12,INT,DAPI,7.0,2.41,16.0,False,2
260323,260323/7D-405-02,7D-405-02,7,55,0.1544954016877833,1.4695817797082802,443.5196217853606,498.2594112707344,409.20907619007625,1.2176157379248709,0.8870967741935484,0.5705294208070112,541.3636363636364,534.0,29775.0,767.0,361.0,104.92243407259085,0.1938113811584381,3.1655502010965133,0.2205149123681101,-0.6690821508744098,70.92159733122045,40.24672317504883,3900.687853217125,345.7471008300781,0.0,87.14542886943582,1.228757277736516,2.528268367387781,1.5520909801871436,1.9012110946131,1,1,0.0,0.0,1,2,0.4909090909090909,0.2181818181818181,12,INT,DAPI,7.0,2.41,16.0,False,2
260323,260323/7D-405-02,7D-405-02,8,60,0.1685404382048545,1.6013018637790335,463.2411367845194,615.0160646914204,363.2607297931245,1.693043079668065,0.8955223880597015,0.8069260891091398,589.5166666666667,533.0,35371.0,1039.0,360.0,181.20692279837573,0.3073821878912822,3.003267685299694,0.5656382540758275,-0.9024661057694292,114.52547413905462,44.142372131347656,6871.528448343277,746.20751953125,0.0,154.92627251558494,1.3527669165331413,2.269116652041596,2.186194590654549,5.182217254045181,1,1,0.0,0.0333333333333333,1,1,0.5166666666666667,0.2,12,INT,DAPI,7.0,2.41,16.0,False,2
260323,260323/7D-405-03,7D-405-03,1,184,0.5168573438282206,2.864210143171345,811.2232794667995,1100.7091453539988,603.5444676127111,1.8237415872732567,0.934010152284264,0.8362664419746102,896.8967391304348,865.0,165029.0,1735.0,377.0,342.2137433089548,0.3815531135064,3.287955526943062,0.2944225498178878,-1.0111432568784808,138.57590638036314,50.07916259765625,25497.966773986816,1735.0,0.0,235.4331778815123,1.6989474146775223,1.763570639666349,3.324335190386676,14.824627067158584,1,3,0.092391304347826,0.1141304347826086,3,9,0.5652173913043478,0.1902173913043478,12,INT,DAPI,7.0,2.41,16.0,False,3
260323,260323/7D-405-03,7D-405-03,2,158,0.4438231539394502,3.1038136645050023,751.7268057378224,836.3513354903336,743.5608323940678,1.124792080289524,0.8404255319148937,0.4578038935043391,621.5316455696203,589.0,98202.0,1170.0,377.0,179.1046973776862,0.2881666583743143,3.150663379414268,0.768337747790561,-0.0775641689032147,86.12525715952432,45.01447105407715,13607.790631204844,829.2387084960938,0.0,130.31273101762312,1.5130605738134768,2.0299859810611216,2.5410172844372085,8.225906675423156,2,3,0.0,0.0632911392405063,3,8,0.4936708860759494,0.2215189873417721,12,INT,DAPI,7.0,2.41,16.0,False,3
260323,260323/7D-405-03,7D-405-03,3,116,0.3258448471960521,2.4220228435509514,644.1106619969895,986.451463371587,430.7441362917105,2.2901100218426143,0.90625,0.8996264956427569,769.7241379310345,729.5,89288.0,1449.0,377.0,283.98127881366,0.3689390325954725,3.200076893800054,0.460437638655161,-0.824609569237138,140.3952591626038,56.50106239318848,16285.85006286204,921.22900390625,0.0,205.0161701520256,1.4602784408452052,2.303784620715912,2.04746304719642,3.838585383605981,1,3,0.0258620689655172,0.1120689655172413,1,7,0.5603448275862069,0.2155172413793103,12,INT,DAPI,7.0,2.41,16.0,False,3
260323,260323/7D-405-04,7D-405-04,1,284,0.7977580741696447,3.591790958278371,1007.8378476543528,1318.603776599356,776.2241712460464,1.6987409377920375,0.9281045751633988,0.8083725166373185,1054.598591549296,1063.5,299506.0,1787.0,472.0,353.81755614564764,0.3354997427275711,3.356475835294164,0.023109137556129,-1.2024170205419364,142.52584179774138,53.73782157897949,40477.33907055855,886.8179321289062,0.0,204.668350546646,1.4360087122803395,2.3742777223825677,1.7901889462824487,2.566050158887659,1,5,0.0457746478873239,0.0598591549295774,3,19,0.5528169014084507,0.2253521126760563,12,INT,DAPI,7.0,2.41,16.0,False,4
260323,260323/7D-405-04,7D-405-04,2,97,0.2724737084311815,1.9503489987345357,589.0028017549823,624.7078001075254,562.0253327514991,1.1115296121069005,0.9150943396226416,0.4365888568101275,801.3505154639175,758.0,77731.0,1328.0,479.0,232.92989115276697,0.2906716682124042,3.1997096254633224,0.5749319932742363,-0.817296180595779,136.86026364257654,81.38329315185547,13275.445573329926,1318.0,0.0,205.38691456674243,1.5007052383234456,2.0118092656248248,3.2226402808123837,13.541079853799944,1,2,0.0,0.0618556701030927,2,4,0.4329896907216495,0.2061855670103092,12,INT,DAPI,7.0,2.41,16.0,False,4
260323,260323/7D-405-05,7D-405-05,1,215,0.6039365702340621,3.4108374042329768,876.901319267871,1270.8643609332796,615.7538090724712,2.063916361065832,0.899581589958159,0.8747825331537638,880.9720930232559,879.0,189409.0,1499.0,412.0,293.15891381684384,0.3327675372903158,3.35592899273718,0.1364449645663138,-1.092973157085155,148.38370830624604,62.99789047241211,31902.497285842896,1489.0,0.0,219.58675066277328,1.479857547498225,1.9975810407093224,2.5072118722791528,8.667717168166881,2,5,0.0372093023255813,0.0697674418604651,3,13,0.5302325581395348,0.2511627906976744,12,INT,DAPI,7.0,2.41,16.0,False,5
260323,260323/7D-405-05,7D-405-05,2,96,0.2696647011277672,2.060115735460163,585.9588392498761,718.1799662953699,487.6944846674367,1.4726021902525783,0.9411764705882352,0.734073502326815,656.9166666666666,641.0,63064.0,1127.0,407.0,184.88492390597807,0.2814434970026306,3.1738851110296187,0.5897270607673254,-0.5064044308140927,113.43206063161294,69.03865814208984,10889.477820634842,620.2189331054688,0.0,148.79254618117602,1.3117327266442014,2.4554858782935987,1.8770664785670736,3.1808618062266003,1,2,0.0,0.0625,1,3,0.4583333333333333,0.2083333333333333,12,INT,DAPI,7.0,2.41,16.0,False,5
260323,260323/7D-405-06,7D-405-06,1,224,0.6292176359647903,3.273790544877833,895.0669116636727,1185.2345101036074,684.9599198386434,1.730370603849075,0.8995983935742972,0.8160998797368997,1254.1517857142858,1207.5,280930.0,2470.0,569.0,474.05676392474976,0.3779899445382976,3.250544914344806,0.2875278376052243,-1.0587423056852767,220.1159889101982,90.11785507202148,49305.9815158844,2470.0,0.0,347.8554899377756,1.5803281336354529,1.9192530515592745,2.903811579820571,11.183901130573387,2,5,0.0803571428571428,0.1071428571428571,2,13,0.5357142857142857,0.2142857142857142,12,INT,DAPI,7.0,2.41,16.0,False,6
260323,260323/7D-405-06,7D-405-06,2,54,0.151686394384369,1.5975352648535848,439.4691294374071,476.9746216370076,430.1960479332672,1.1087378043765683,0.8307692307692308,0.4318895698039192,690.9074074074074,680.0,37309.0,943.0,570.0,92.61041722213167,0.1340417199602002,2.990998361102691,0.8710147249647013,0.2490043413656479,110.06801896625096,88.93270492553711,5943.673024177551,525.3500366210938,0.0,120.4836979162228,1.0946294759167556,2.473208477838239,1.5670177179885771,2.546530608044364,1,1,0.0,0.0,1,1,0.4074074074074074,0.1851851851851851,12,INT,DAPI,7.0,2.41,16.0,False,6
260323,260323/7D-405-07,7D-405-07,1,178,0.5000033000077351,2.608303172880736,797.8871938237432,892.4240814520614,717.4542504271354,1.243875941805011,0.936842105263158,0.594712179534783,1544.7640449438202,1415.5,274968.0,3198.0,586.0,718.1835140337557,0.4649147009761445,3.2765093557522973,0.5511638386573002,-0.7928639254100824,301.08788822474105,117.61027145385742,53593.64410400391,3198.0,0.0,466.987499375666,1.551000613571983,1.9095619232001009,2.725599953768427,10.068003328231825,1,3,0.1404494382022472,0.1685393258426966,1,7,0.5337078651685393,0.2303370786516854,12,INT,DAPI,7.0,2.41,16.0,False,7
260323,260323/7D-405-07,7D-405-07,2,144,0.4044970516916508,2.6431164933611484,717.6500832178542,831.6370867391142,634.1256186970604,1.3114705702126987,0.8888888888888888,0.6469848985491518,860.9027777777778,846.0,123970.0,1372.0,585.0,173.96612962862702,0.2020740716828449,3.1594929538884835,0.3999556304902147,-0.4804101495355493,101.5109174731705,47.95362854003906,14617.57211613655,884.2291259765625,0.0,145.74470933882142,1.4357540348046012,2.12195983561582,2.3770110608450463,7.072360545076204,1,3,0.0,0.0138888888888888,1,7,0.5208333333333334,0.2152777777777778,12,INT,DAPI,7.0,2.41,16.0,False,7
260323,260323/7D-405-07,7D-405-07,3,85,0.2387656207902105,1.716395375789051,551.3672372505789,573.9159765637955,537.1025981835226,1.0685406819940466,0.9444444444444444,0.3523831898131392,1076.4470588235297,1037.0,91498.0,1847.0,590.0,347.7202798187056,0.3230258998512533,3.16297208249358,0.4187681419238473,-0.8741722843760229,203.12959357990937,102.55592346191406,17266.015454292297,994.3635864257812,0.0,244.57825577595975,1.2040503378437808,2.569748141521309,1.6290789234017922,2.030284227582518,1,2,0.0,0.1176470588235294,1,2,0.4823529411764706,0.2117647058823529,12,INT,DAPI,7.0,2.41,16.0,False,7
260323,260323/7D-405-07,7D-405-07,4,54,0.151686394384369,1.4165817108081906,439.4691294374071,572.4717304948874,344.70226958053115,1.6607715730782084,0.9310344827586208,0.7983982364318417,869.0555555555555,816.5,46929.0,1384.0,589.0,198.1743483073529,0.2280341539047722,3.0006881415427755,0.7790447484766331,-0.1931667935196586,165.83086903889975,101.68571090698242,8954.866928100586,962.1539306640624,0.0,197.53884525397547,1.1912067180184518,2.323352983500084,2.049079431779436,4.864730983189516,1,1,0.0,0.0185185185185185,1,1,0.3888888888888889,0.2037037037037037,12,INT,DAPI,7.0,2.41,16.0,False,7
260323,260323/7D-405-08,7D-405-08,1,179,0.5028123073111493,2.696116562261238,800.125310965779,863.4574742253989,746.6606756940967,1.156425538846984,0.93717277486911,0.5022308532469913,1353.31843575419,1328.0,242244.0,2395.0,684.0,437.1873383522411,0.3230483874318916,3.2695954312032947,0.3193323668445262,-0.8327293361915458,243.74850288549612,131.04833984375,43630.98201650381,1740.174560546875,0.0,337.58570930319706,1.3849755190569606,2.254865863489239,2.2470848761413253,5.722148416082975,1,4,0.0,0.0782122905027933,1,8,0.4860335195530726,0.1955307262569832,12,INT,DAPI,7.0,2.41,16.0,False,8
260323,260323/7D-405-08,7D-405-08,2,150,0.4213510955121363,2.462162939315754,732.4485490623451,814.2326428167339,664.4786444009457,1.225370671695247,0.9202453987730062,0.5779395267660207,1446.986666666667,1382.0,217048.0,2583.0,682.0,535.6596508661031,0.3701897627709791,3.34866697176225,0.3744789521523211,-1.0264742623430243,299.5755838863055,132.23670959472656,44936.337582945824,2583.0,0.0,419.0141347068448,1.398692541198112,2.1638727900100503,2.293217326363392,6.693174122354854,1,4,0.04,0.12,2,6,0.5266666666666666,0.2466666666666666,12,INT,DAPI,7.0,2.41,16.0,False,8
260323,260323/7D-405-08,7D-405-08,3,65,0.1825854747219257,1.5865585911810225,482.156661999187,565.8941133747124,418.26661641625685,1.3529507045609814,0.9154929577464788,0.673568033036305,1145.784615384615,1053.0,74476.0,1877.0,695.0,324.06367489216586,0.2828312324505986,3.174670625220488,0.5883392710953397,-0.7185621057819596,297.5625136008629,159.58981323242188,19341.56338405609,1645.773193359375,0.0,359.96498273272687,1.20971213200453,2.508810614705752,2.0164814281517867,4.321598554985956,1,1,0.0,0.0769230769230769,1,1,0.4615384615384615,0.2307692307692307,12,INT,DAPI,7.0,2.41,16.0,False,8
260323,260323/7D-405-09,7D-405-09,1,201,0.5646104679862627,2.9648835056871348,847.8704943631051,1102.273380321037,663.3463890145507,1.6616859586113737,0.9220183486238532,0.7986480140880087,1369.004975124378,1228.0,275170.0,2951.0,630.0,556.1645664505465,0.4062545984539007,3.153211432799559,0.7168533366287295,-0.4063813671968805,224.80620269514435,96.80995178222656,45186.046741724014,2951.0,0.0,355.84700263532613,1.5829056243518504,1.7858974661544444,3.480064304655188,18.703315436580155,1,4,0.0398009950248756,0.1492537313432835,1,11,0.5422885572139303,0.2039800995024875,12,INT,DAPI,7.0,2.41,16.0,False,9
260323,260323/7D-405-09,7D-405-09,2,137,0.3848340005677512,2.312256106825324,699.9899054139959,813.7064466925975,608.9642192052016,1.3362138875000211,0.9383561643835616,0.6632666235947215,1213.7153284671533,1120.0,166279.0,2166.0,641.0,414.8790920416579,0.341825700236994,3.2800142203396963,0.5251806757288873,-0.9235864498021876,186.58694716961716,110.12694549560548,25562.41176223755,1270.7451171875,0.0,242.376833917822,1.2990020877370858,2.299726072525805,1.8585761166855208,3.4634470577061816,1,3,0.0,0.0802919708029197,1,7,0.4598540145985401,0.2116788321167883,12,INT,DAPI,7.0,2.41,16.0,False,9
260323,260323/7D-405-09,7D-405-09,3,54,0.151686394384369,1.610395237988872,439.4691294374071,698.3522086744168,285.86647746884523,2.442931451277024,0.8571428571428571,0.9123800007658144,903.5,864.5,48789.0,1268.0,636.0,177.96795874432746,0.1969761579904011,3.1446994926098424,0.3520979128427737,-0.9996264291804168,185.82004580674348,120.54753494262695,10034.282473564148,805.2535400390625,0.0,189.7623714714563,1.021215825491793,2.7306919397300966,1.2410649629779154,1.125882269220522,1,1,0.0,0.0,1,1,0.3888888888888889,0.2407407407407407,12,INT,DAPI,7.0,2.41,16.0,False,9
260323,260323/7D-405-10,7D-405-10,1,237,0.6657347309091753,3.3706973084681744,920.6735500149792,1229.819534263729,707.4195852620487,1.7384584197059918,0.9011406844106464,0.8179971510297248,1168.1308016877638,1143.0,276847.0,2179.0,461.0,457.3994237189443,0.3915652451404198,3.3480030587754674,0.2206976744123545,-1.0888352292100212,184.9044926639348,68.3819351196289,43822.36476135254,1588.3250732421875,0.0,299.0132769663744,1.6171228327579534,2.08568542635489,2.521380882266955,6.651658203633495,2,6,0.1097046413502109,0.1308016877637131,3,16,0.5527426160337553,0.2278481012658227,12,INT,DAPI,7.0,2.41,16.0,False,10
260323,260323/7D-405-10,7D-405-10,2,142,0.3988790370848223,2.2903027594801983,712.6489764128476,786.7317756685849,649.8353461239083,1.210663255486527,0.9342105263157896,0.5636796167026443,1044.7605633802816,969.0,148356.0,2224.0,468.0,440.68732469862914,0.4218070054949266,3.177314885436291,0.6419600480858111,-0.469547113645651,177.8327835986102,66.49905014038086,25252.25527100265,2224.0,0.0,317.9947938210799,1.7881674423925795,1.6801490176270852,3.595705628983002,16.16696809630729,1,3,0.0845070422535211,0.1478873239436619,1,6,0.5422535211267606,0.1971830985915492,12,INT,DAPI,7.0,2.41,16.0,False,10
260323,260323/7D-405-10,7D-405-10,3,115,0.3230358398926378,2.3523962025901257,641.3283135165975,721.3249105842481,598.0572060580257,1.206113567862039,0.8518518518518519,0.559086518900982,770.3739130434783,778.0,88593.0,1181.0,458.0,190.5732562039276,0.2473776084278856,3.3467344782581354,0.1205198362057498,-1.0220288690516124,76.04387850735499,36.597537994384766,8745.046028345823,472.6944580078125,0.0,101.90401794794272,1.3400686544162337,2.3321294830944064,1.9256625233967657,4.0587945005608415,1,4,0.0,0.008695652173913,1,8,0.5043478260869565,0.2434782608695652,12,INT,DAPI,7.0,2.41,16.0,False,10
260323,260323/7D-405-10,7D-405-10,4,87,0.244383635397039,1.9155356782541224,557.8161961378049,590.2336949503504,550.2513043808996,1.0726620550485306,0.8969072164948454,0.3617888421084001,795.4252873563219,780.0,69202.0,1347.0,466.0,225.9119313990808,0.2840140173942953,3.104255367204268,0.3051595774453531,-0.8666963641458194,88.34670846489654,41.63059997558594,7686.163636445999,775.9574584960938,0.0,131.16431729063223,1.4846542623910968,2.0766862074947268,2.614453348888777,8.98228262484886,1,2,0.0,0.0344827586206896,1,3,0.5057471264367817,0.2528735632183908,12,INT,DAPI,7.0,2.41,16.0,False,10
260323,260323/7D-405-10,7D-405-10,5,143,0.4016880443882366,2.740023256951489,715.1539014522932,1071.957345961824,488.25903678340944,2.195468522249475,0.89375,0.8902441525845052,726.3636363636364,675.0,103870.0,1263.0,457.0,184.24205394811943,0.2536498865368353,3.11254853709105,0.4190853160497622,-0.740598883390311,84.81900780517738,38.66554260253906,12129.118116140366,901.2755737304688,0.0,127.30557989679484,1.50090861931804,1.9260103741234385,2.9335757297930614,12.542745356436244,2,2,0.0,0.0279720279720279,2,8,0.5314685314685315,0.2097902097902098,12,INT,DAPI,7.0,2.41,16.0,False,10
260323,260323/7D-405-10,7D-405-10,6,67,0.1882034893287542,1.6505353337536746,489.5182581584797,582.7457702700199,419.96265560053257,1.3876133091803435,0.8701298701298701,0.6932867166225277,823.223880597015,810.0,55156.0,1368.0,467.0,244.0545034069186,0.29646188498556,3.290114626924584,0.4095890455144247,-0.8946019583512319,146.94954820533297,89.77367401123047,9845.619729757307,861.0263671875,0.0,168.55883732179308,1.1470524365700354,2.3658995003314,1.972399726346298,5.263971746204632,1,2,0.0,0.0597014925373134,1,1,0.4626865671641791,0.2835820895522388,12,INT,DAPI,7.0,2.41,16.0,False,10
260323,260323/7D-405-10,7D-405-10,7,50,0.1404503651707121,1.3726750161179395,422.87936696869576,470.1573666151614,388.74836780017387,1.209413094839883,0.925925925925926,0.5624264191183027,735.1,720.0,36755.0,1147.0,458.0,190.9483582286165,0.2597583433935744,3.2047418605894347,0.3073614432058865,-0.9773289266326132,117.63109760284424,74.63809967041016,5881.554880142212,549.0948486328125,0.0,124.67042099034498,1.0598423676302628,2.6749591651741174,1.4335797844170304,2.017985247037249,1,0,0.0,0.02,1,1,0.46,0.26,12,INT,DAPI,7.0,2.41,16.0,False,10
260323,260323/7D-405-10,7D-405-10,8,35,0.0983152556194984,1.129628018962617,353.806262388742,462.0381557931091,280.0339678663857,1.6499361106562762,0.8974358974358975,0.7954005878087724,619.6857142857143,583.0,21689.0,814.0,473.0,97.33289493781017,0.1570681600268964,2.83715524519422,0.5590813279791426,-0.889561315565357,86.2683930669512,77.84833526611328,3019.393757343292,220.4959259033203,0.0,61.60677190767535,0.7141291232799891,2.916372065829642,0.5025103771733235,-0.4877451948092672,0,0,0.0,0.0,0,0,0.2285714285714285,0.2285714285714285,12,INT,DAPI,7.0,2.41,16.0,False,10
260323,260323/7S-488-01,7S-488-01,1,141,0.3960700297814081,2.3213494810351625,710.1352155766692,777.1505669392136,654.5381250443068,1.187326661661774,0.9463087248322148,0.53912118763653,1221.5106382978724,1107.0,172233.0,2544.0,498.0,553.029805668236,0.4527425208828811,3.225370483920157,0.6557085002863432,-0.6036910615836031,298.21877124799903,131.24423217773438,42048.846745967865,2391.431640625,0.0,476.5887479791177,1.5981178716036826,2.1244794450710773,2.684017333272873,7.602251472494817,1,4,0.1205673758865248,0.1631205673758865,1,5,0.5319148936170213,0.2127659574468085,12,INT,SYBR,7.0,2.41,16.0,False,1
260323,260323/7S-488-01,7S-488-01,2,128,0.359552934837023,2.246396064789947,676.6069871499132,876.0160312975784,526.7592498748122,1.6630292330049623,0.927536231884058,0.7990140608680094,815.296875,754.5,104358.0,1355.0,493.0,238.32827751690152,0.2923208524709499,3.270391812810972,0.5525996242936498,-0.8327488298795593,111.63079078868032,53.57296371459961,14288.74122095108,586.357421875,0.0,140.23770085536205,1.2562636156616975,2.515668870056821,1.644867729462987,2.208630333597956,1,2,0.0,0.0703125,1,4,0.515625,0.21875,12,INT,SYBR,7.0,2.41,16.0,False,1
260323,260323/7S-488-01,7S-488-01,3,36,0.1011242629229127,1.0857213242723658,358.8250416089271,450.6498642316949,283.8222671105472,1.587788966734485,0.9230769230769232,0.7767519702697345,680.7777777777778,692.5,24508.0,863.0,492.0,106.43095981127487,0.1563373001960949,3.029869794027138,-0.1924734665373319,-1.0745488844790096,128.928018728892,110.63336563110352,4641.408674240112,358.8725891113281,0.0,99.18536648609977,0.769308079531303,2.875837087236039,0.925352111540476,-0.0146933473319257,1,0,0.0,0.0,0,1,0.3055555555555556,0.1944444444444444,12,INT,SYBR,7.0,2.41,16.0,False,1
260323,260323/7S-488-02,7S-488-02,1,142,0.3988790370848223,2.387209523070539,712.6489764128476,818.6250181991313,624.511013038136,1.310825591716413,0.9161290322580644,0.6465424686882182,966.8521126760564,866.0,137293.0,1954.0,371.0,458.865714487011,0.4745976230190583,3.296322388800123,0.5208748357387385,-0.893038222465703,230.06854885522748,89.3222770690918,32669.733937442303,1864.0,0.0,351.6317156832122,1.5283780309514592,2.0778748159720357,2.3775415490498792,6.00784256331583,1,4,0.1690140845070422,0.1901408450704225,2,3,0.5492957746478874,0.2183098591549295,12,INT,SYBR,7.0,2.41,16.0,False,2
260323,260323/7S-488-02,7S-488-02,2,101,0.2837097376448385,1.9594423729443735,601.0245063188743,760.610831920186,476.23481099623626,1.5971340489139447,0.9528301886792452,0.779725490733119,783.7920792079208,728.0,79163.0,1442.0,375.0,294.62736861437986,0.3758999056383963,3.2752701090979404,0.4247506510290806,-0.9735000351013549,179.98493674722047,88.15203857421875,18178.47861146927,1234.6590576171875,0.0,251.47365811889867,1.39719280215144,2.2912164752465154,2.2238133225375014,5.356641780576933,1,3,0.0495049504950495,0.1386138613861386,1,3,0.5148514851485149,0.198019801980198,12,INT,SYBR,7.0,2.41,16.0,False,2
260323,260323/7S-488-02,7S-488-02,3,77,0.2162935623628966,1.769395444689141,524.7794935704719,534.8585427953922,529.922664184323,1.0093143376282396,0.8953488372093024,0.1355418743936485,492.8311688311688,485.0,37948.0,670.0,372.0,81.66852170067578,0.165712980155793,3.237758374547925,0.3741778120199865,-0.87598973176169,54.61960253932259,39.44869613647461,4205.70939552784,207.88803100585935,0.0,55.90750114201926,1.0235794209921147,2.6388297799101528,0.780558190742602,-0.378861398157917,1,2,0.0,0.0,1,4,0.4155844155844156,0.2857142857142857,12,INT,SYBR,7.0,2.41,16.0,False,2
260323,260323/7S-488-02,7S-488-02,4,45,0.1264053286536409,1.3287683214276882,401.17859253337576,446.6044099956577,374.3883839199164,1.1928906696292925,0.8823529411764706,0.5452095551754221,615.9111111111112,602.0,27716.0,947.0,378.0,149.4886469119162,0.2427113981467826,3.0632288289469614,0.2163765174797957,-1.0680074297834468,107.3837654908498,56.8896369934082,4832.269447088242,582.7747802734375,0.0,129.3195405645434,1.2042745937751898,2.5339027027635423,1.7720960858107178,3.39643738267238,1,0,0.0,0.0222222222222222,1,1,0.4444444444444444,0.2444444444444444,12,INT,SYBR,7.0,2.41,16.0,False,2
260323,260323/7S-488-02,7S-488-02,5,41,0.1151692994399839,1.2337448573000718,382.9335534873286,418.7507990293148,366.7754346186466,1.1417089573207355,0.8913043478260869,0.4825290554289886,557.9024390243902,566.0,22874.0,815.0,402.0,111.93654561358608,0.2006382080159583,2.851034085193685,0.353172291751273,-0.8564291514290701,82.04189552911897,55.4771728515625,3363.717716693878,401.7816467285156,0.0,90.42209468139632,1.1021453624179487,2.548850604322857,1.6341597134351291,2.891124947431562,1,0,0.0,0.0,1,1,0.3902439024390244,0.2195121951219512,12,INT,SYBR,7.0,2.41,16.0,False,2
260323,260323/7S-488-03,7S-488-03,1,121,0.3398898837131233,2.356162801515575,657.8459096163664,806.9800299853612,542.2405711278175,1.4882324801091635,0.8832116788321168,0.7406073754846283,965.388429752066,898.0,116812.0,1785.0,450.0,367.7824622404941,0.3809683759468187,3.2165729518329678,0.3874035230946626,-0.9447043122564952,187.55498305628123,99.7172622680664,22694.152949810028,1130.400146484375,0.0,236.2137255857098,1.259437215351549,2.4777563307509247,1.8502403882495184,3.435967146161801,1,3,0.0743801652892562,0.1487603305785124,1,5,0.4710743801652892,0.2396694214876033,12,INT,SYBR,7.0,2.41,16.0,False,3
260323,260323/7S-488-03,7S-488-03,2,96,0.2696647011277672,2.07830248387984,585.9588392498761,753.6526157107303,460.5085098461821,1.6365660994244462,0.897196261682243,0.7916031874765129,917.0104166666666,858.5,88033.0,1744.0,454.0,340.40398583824106,0.3712105987580923,3.1385302946568734,0.4922601262854369,-0.8534063753912915,215.64417992679716,94.34083557128906,20701.841272972524,1744.0,0.0,307.5962388805244,1.4264064023658856,2.119665293403363,2.3854097417576043,6.917214663953399,1,2,0.0208333333333333,0.1041666666666666,1,4,0.5625,0.21875,12,INT,SYBR,7.0,2.41,16.0,False,3
260323,260323/7S-488-03,7S-488-03,3,92,0.2584286719141103,1.8405822620089076,573.6214819673636,673.156023250038,498.30811680785934,1.350883119388556,0.9387755102040816,0.6723245682126292,783.9673913043479,737.5,72125.0,1414.0,454.0,248.75653179726004,0.3173046922058637,3.148174055307039,0.6966921032003702,-0.2525919261173968,141.5973222035429,71.76596450805664,13026.953642725945,1128.130126953125,0.0,211.4845295918099,1.493563058260422,2.100712435999997,2.6292848450427315,7.5504324634463185,1,2,0.0,0.108695652173913,1,1,0.5,0.1956521739130435,12,INT,SYBR,7.0,2.41,16.0,False,3
260323,260323/7S-488-04,7S-488-04,1,219,0.6151725994477191,3.2681406464896603,885.0209491612956,963.6564575776432,828.2045573035384,1.1635488468152215,0.876,0.5112372327936261,385.4155251141552,330.0,84406.0,932.0,152.0,198.91018658347423,0.5160928235170588,3.138656067558508,0.810938958056567,-0.3333526550251093,79.62266132221919,21.67681312561035,17437.362829566002,932.0,0.0,147.5148863801616,1.8526746522977209,1.780619415754772,3.073207229428584,10.903280747893556,1,4,0.1872146118721461,0.1872146118721461,1,15,0.6164383561643836,0.1963470319634703,12,INT,SYBR,7.0,2.41,16.0,False,4
260323,260323/7S-488-04,7S-488-04,2,89,0.2500016500038675,1.9904890944993372,564.191445374674,656.1314265934717,501.9167148041889,1.3072515962124236,0.9270833333333334,0.6440734108746866,238.6516853932584,236.0,21240.0,360.0,152.0,56.27006735451554,0.2357832389148721,3.254712481223692,0.245286220625447,-0.992443263766364,34.53503698579381,15.10547924041748,3073.618291735649,187.55995178222656,0.0,47.736524755092695,1.3822636059353113,2.367154478112443,1.8245436499558896,2.9182356481450427,1,1,0.0,0.0112359550561797,1,1,0.5168539325842697,0.247191011235955,12,INT,SYBR,7.0,2.41,16.0,False,4
260323,260323/7S-488-04,7S-488-04,3,36,0.1011242629229127,1.3965116629257894,358.8250416089271,568.5114216784626,251.71952469851988,2.258511422025601,0.8181818181818182,0.896635466236176,208.58333333333331,204.0,7509.0,268.0,156.0,29.9221609227294,0.1434542273562735,3.0008004527068857,0.2398549324159155,-0.7759591563924055,43.6406214899487,34.70481300354004,1571.062373638153,138.8096466064453,0.0,39.35153584495494,0.9017180439104968,2.813355404500616,0.628254735478584,-0.6315520796761467,1,1,0.0,0.0,1,1,0.3888888888888889,0.2777777777777778,12,INT,SYBR,7.0,2.41,16.0,False,4
260323,260323/7S-488-05,7S-488-05,1,134,0.3764069786575084,2.387209523070539,692.2833597169762,798.4808925316404,606.7468466141153,1.3160033661278607,0.9241379310344828,0.650067489972423,733.0,710.0,98222.0,1382.0,319.0,295.1796954934044,0.4027008124057358,3.273865608069473,0.3498777332347835,-1.0947627704599725,167.13221323490143,80.6596450805664,22395.71657347679,1248.843505859375,0.0,234.52789442296225,1.403247703620949,2.226543167091364,2.3479277297240566,6.603203038952371,1,4,0.0746268656716417,0.1567164179104477,1,5,0.5149253731343284,0.2537313432835821,12,INT,SYBR,7.0,2.41,16.0,False,5
260323,260323/7S-488-05,7S-488-05,2,94,0.2640466865209387,1.7875821931088174,579.822975514724,618.4274292113115,544.8129749697046,1.1351187611596447,0.9690721649484536,0.4731812682921903,659.2659574468086,596.0,61971.0,1122.0,327.0,239.556318182868,0.3633682514271125,3.2532375255130432,0.3624818781529793,-1.1199394489941772,150.28581153141693,63.09121322631836,14126.86628395319,789.1328125,0.0,198.8573221399516,1.3231942530940848,2.521037279962471,1.815265847306945,2.636432244835799,1,1,0.0212765957446808,0.1170212765957446,1,3,0.5319148936170213,0.2340425531914893,12,INT,SYBR,7.0,2.41,16.0,False,5
260323,260323/7S-488-05,7S-488-05,3,90,0.2528106573072818,2.023419115517026,567.3522064944498,719.4441651693447,459.2866505977528,1.566438223782472,0.8910891089108911,0.7697122731133184,505.8,494.0,45522.0,828.0,318.0,133.83162320911495,0.2645939565225681,3.17336462625002,0.6090727786029828,-0.5443087562490461,78.98271876871586,48.6668701171875,7108.444689184427,530.0055541992188,0.0,103.35470253679485,1.3085736240537271,2.3687749231820123,2.239067991491991,5.262836999759124,1,2,0.0,0.0555555555555555,1,2,0.4222222222222222,0.1777777777777777,12,INT,SYBR,7.0,2.41,16.0,False,5
260323,260323/7S-488-05,7S-488-05,4,47,0.1320233432604693,1.222768183627509,409.9967578742229,479.1996745760518,350.3115103967704,1.367924433979631,0.9791666666666666,0.682340465837604,487.93617021276594,465.0,22933.0,756.0,324.0,119.16254960553728,0.2442174958121594,3.1272164765863204,0.4571613893774365,-0.8442263541645731,103.0987290270785,58.81461334228516,4845.64026427269,514.8634643554688,0.0,120.40418623575816,1.167853254564704,2.544914687576238,1.8278243866269568,3.038664089326128,1,0,0.0,0.0212765957446808,1,1,0.4680851063829787,0.2340425531914893,12,INT,SYBR,7.0,2.41,16.0,False,5
260323,260323/7S-488-06,7S-488-06,1,175,0.4915762780974924,2.6741632149161125,791.1348535663543,914.782166981098,691.4995820846957,1.322896196442031,0.9114583333333334,0.6546672237374614,1049.6514285714286,920.0,183689.0,2275.0,384.0,519.7386375505384,0.4951535561266283,3.2364950969904918,0.5286592124935808,-0.9359952078699744,224.8623637499128,67.40864562988281,39350.91365623474,2051.0,0.0,369.3128559379596,1.6423951513233292,1.9791293005140589,2.6829592603138503,8.408121183899608,1,4,0.1885714285714285,0.2228571428571428,1,8,0.5942857142857143,0.2228571428571428,12,INT,SYBR,7.0,2.41,16.0,False,6
260323,260323/7S-488-06,7S-488-06,2,126,0.3539349202301945,2.153255900125055,671.3001837477544,761.7077757739776,595.1000296933174,1.2799659515502306,0.9402985074626866,0.6241922500898904,717.4444444444445,687.0,90398.0,1221.0,386.0,224.0525850975366,0.3122925918968297,3.322554588692456,0.3320869215841889,-0.9314029960493126,106.30162100659476,51.492136001586914,13394.00424683094,728.2263793945312,0.0,141.1591803090516,1.3279118321280758,2.4063776024512284,2.048947077042912,4.69487109328248,1,4,0.0,0.0793650793650793,1,6,0.5079365079365079,0.238095238095238,12,INT,SYBR,7.0,2.41,16.0,False,6
260323,260323/7S-488-06,7S-488-06,3,88,0.2471926427004533,1.906442304044284,561.0128767272698,619.5027039902773,515.8386621494908,1.200962140776382,0.9072164948453608,0.553775953397101,649.7272727272727,625.5,57176.0,1107.0,379.0,181.3619437752798,0.2791354948269313,3.1944787478311483,0.4228816718654666,-0.7862624604676647,93.16660221056505,59.327993392944336,8198.660994529724,700.964599609375,0.0,116.42458244206584,1.2496386009541876,2.2661111489844763,2.5435041915067256,8.909688731580623,1,2,0.0,0.034090909090909,1,2,0.3977272727272727,0.1931818181818181,12,INT,SYBR,7.0,2.41,16.0,False,6
260323,260323/7S-488-06,7S-488-06,4,85,0.2387656207902105,1.8314888877990687,551.3672372505789,664.9713719282936,468.55071225235554,1.4192089661580716,0.9239130434782608,0.7095869616221563,687.9882352941177,658.0,58479.0,1275.0,384.0,205.35517977383472,0.298486470028146,3.159656906021621,0.679255469467845,-0.1117486612945737,124.5756777048111,58.17842483520508,10588.932604908943,1185.8038330078125,0.0,195.5062940079303,1.569377727739063,1.987182833129586,2.9481418335656917,11.221653219458265,1,2,0.0,0.0705882352941176,1,3,0.5058823529411764,0.2117647058823529,12,INT,SYBR,7.0,2.41,16.0,False,6
260323,260323/7S-488-06,7S-488-06,5,53,0.1488773870809548,1.3416282945629754,435.3809556564406,496.9520164356551,382.643066238147,1.2987351928817266,0.9298245614035088,0.638068136183165,662.3962264150944,628.0,35107.0,1070.0,384.0,185.46742816075044,0.279994693152926,3.016967976195909,0.4508256002912715,-0.7740234640939248,141.22282849617724,86.85736846923828,7484.809910297394,630.6363525390625,0.0,153.33471870450288,1.0857643933158687,2.459416935386709,1.6415449080206903,2.352661681177992,1,1,0.0,0.0377358490566037,1,1,0.3962264150943396,0.2075471698113207,12,INT,SYBR,7.0,2.41,16.0,False,6
260323,260323/7S-488-06,7S-488-06,6,48,0.1348323505638836,1.405605037135628,414.3354687297855,469.8078908259187,380.7856234498696,1.2337857888896084,0.8727272727272727,0.5857199981635972,481.4375,467.0,23109.0,663.0,386.0,71.13484535306347,0.1477550987471135,2.8686513844919035,0.6491635426623363,-0.3273227050732599,59.86743803819021,38.5127182006836,2873.63702583313,302.6877746582031,0.0,69.2300127735388,1.1563884315439736,2.54822143761525,1.885036923559973,4.191431909681552,1,0,0.0,0.0,1,1,0.4166666666666667,0.25,12,INT,SYBR,7.0,2.41,16.0,False,6
260323,260323/7S-488-06,7S-488-06,7,48,0.1348323505638836,1.3086982735452868,414.3354687297855,529.1654845609655,332.3189809865488,1.5923420413424547,0.9056603773584906,0.7782086768873112,567.3541666666666,576.5,27233.0,807.0,380.0,122.17958348499712,0.2153497597502978,3.1112056984390035,0.091827761406963,-1.0988459720636805,79.04239404201508,45.0174560546875,3794.034914016724,356.66668701171875,0.0,86.72096716354385,1.0971449968664564,2.6164045690804225,1.307146442275743,1.3155253245445602,1,1,0.0,0.0,0,1,0.4791666666666667,0.2916666666666667,12,INT,SYBR,7.0,2.41,16.0,False,6
260323,260323/7S-488-07,7S-488-07,1,105,0.2949457668584954,1.9723023460796607,612.8104224933467,734.5073818083356,513.6405218140197,1.4300027949786405,0.963302752293578,0.7148289610576188,1331.6285714285714,1228.0,139821.0,2455.0,659.0,479.7053233525216,0.3602395845546432,3.2735631049063274,0.4793245745325102,-0.9231041777096768,316.4870157877604,147.37461853027344,33231.136657714844,2455.0,0.0,416.9922278526278,1.3175650407480453,2.155797341982805,2.217964711685692,6.691452324969516,1,1,0.0095238095238095,0.1333333333333333,1,2,0.5047619047619047,0.2571428571428571,12,INT,SYBR,7.0,2.41,16.0,False,7
260323,260323/7S-488-08,7S-488-08,1,117,0.3286538544994663,2.3652561757254134,646.8810432207431,753.9366828563184,575.0693647339751,1.3110360751091072,0.8796992481203008,0.6466869570689037,551.974358974359,528.0,64581.0,922.0,355.0,151.02936809284873,0.2736166375073675,3.0615638433072863,0.4329659824955545,-0.9671925243368272,58.643719361378594,29.206151962280277,6861.315165281296,429.4199523925781,0.0,81.54133843944409,1.3904530498306924,2.2628409302084416,2.0802540695181646,4.868032665081207,1,2,0.0,0.0256410256410256,2,5,0.5042735042735043,0.2393162393162393,12,INT,SYBR,7.0,2.41,16.0,False,8
260323,260323/7S-488-08,7S-488-08,2,104,0.2921367595550811,1.9723023460796607,609.885296376554,702.768600202655,532.7209669742059,1.319205820252017,0.9285714285714286,0.6522175611622051,829.9615384615385,740.5,86316.0,1779.0,357.0,371.99245537492095,0.4482044506116105,3.1732853970378074,0.6851020173445492,-0.5611541628803529,183.44551234405773,69.38654327392578,19078.333283782005,1779.0,0.0,288.36687341183347,1.5719483661774865,1.966344702558328,2.8286282440178616,10.128162407623485,1,4,0.0865384615384615,0.1634615384615384,1,4,0.5961538461538461,0.2019230769230769,12,INT,SYBR,7.0,2.41,16.0,False,8
260323,260323/7S-488-08,7S-488-08,3,124,0.348316905623366,2.1896293969644085,665.9510930537281,824.931947645982,541.1487105570332,1.5244089684642057,0.9465648854961832,0.7547678926056464,729.5645161290323,693.0,90466.0,1276.0,353.0,273.7270090411718,0.3751923277375511,3.3112250236874656,0.376678813719923,-1.0821335347164942,110.0249735934119,58.38653564453125,13643.096725583076,853.3008422851562,0.0,151.83763000050664,1.38002877929887,2.191205338007317,2.0599887877448992,5.019033529542469,1,2,0.0403225806451612,0.1290322580645161,1,3,0.4919354838709677,0.2177419354838709,12,INT,SYBR,7.0,2.41,16.0,False,8
260323,260323/7S-488-09,7S-488-09,1,145,0.4073060589950651,2.3652561757254134,720.1376126288294,807.2513452626653,645.662569702704,1.250268148011685,0.9235668789808916,0.6002287024413164,1152.903448275862,1018.0,167171.0,2489.0,415.0,574.3589944467795,0.4981848179097034,3.249461923070504,0.5415177349087513,-0.9070999921124492,261.73163394681336,87.50786590576172,37951.08692228794,2489.0,0.0,402.2053869468705,1.5367091126195425,2.0344482881597874,2.663711745462031,9.19348172599128,1,4,0.1655172413793103,0.2137931034482758,1,7,0.5793103448275863,0.2482758620689655,12,INT,SYBR,7.0,2.41,16.0,False,9
260323,260323/7S-488-09,7S-488-09,2,114,0.3202268325892236,2.1604659748721686,638.5338413411511,746.1809837998928,554.1675737845345,1.346489796766808,0.9047619047619048,0.6696555821010611,743.578947368421,732.0,84768.0,1341.0,405.0,224.030493133746,0.3012867617172405,3.1738874752272146,0.4597243484098943,-0.3967550215004225,86.0965187445961,35.432098388671875,9815.003136883955,865.8306274414062,0.0,146.23737368179795,1.6985283007273348,1.9020289350646369,2.850745640275976,9.273132877722189,1,3,0.0,0.0614035087719298,1,6,0.5350877192982456,0.175438596491228,12,INT,SYBR,7.0,2.41,16.0,False,9
260323,260323/7S-488-09,7S-488-09,3,69,0.1938215039355827,1.6505353337536746,496.7707755402142,539.0449594750191,472.9757071865616,1.1396884687407365,0.8846153846153846,0.4796996452227282,629.5507246376811,645.0,43439.0,946.0,408.0,141.25618531297332,0.2243761777802242,3.131194318661304,0.2773367495636274,-0.684730560373672,64.0192613221597,35.76433181762695,4417.329031229019,393.0188903808594,0.0,84.11434093453198,1.3138911508405136,2.302774788603371,1.9215254641105344,4.02574155651527,1,1,0.0,0.0144927536231884,1,1,0.4927536231884058,0.2318840579710145,12,INT,SYBR,7.0,2.41,16.0,False,9
260323,260323/7S-488-09,7S-488-09,4,61,0.1713494455082687,1.575581917508459,467.08552748888576,516.8252558420859,433.2943499284256,1.192780971936187,0.8591549295774648,0.5450909948879875,641.4590163934427,623.0,39129.0,964.0,417.0,161.65277333124556,0.2520079524957443,3.176094866204634,0.3346109437208551,-1.1143201637297606,90.97001518186975,56.89126586914063,5549.170926094055,376.265869140625,0.0,90.92060676796092,0.9994568714338452,2.706138277512524,1.2643937381535906,0.9415929847039471,1,0,0.0,0.0163934426229508,1,1,0.3934426229508196,0.2786885245901639,12,INT,SYBR,7.0,2.41,16.0,False,9
260323,260323/7S-488-09,7S-488-09,5,46,0.1292143359570551,1.2666748783177602,405.6116397333997,471.7047799670411,351.7527162047531,1.3410124733549027,0.8846153846153846,0.6662760137473159,627.3913043478261,607.0,28860.0,937.0,415.0,151.54602942280087,0.2415494578464601,3.0168409352747045,0.2999000726846978,-1.0829495432786989,99.61728802971218,70.41849136352539,4582.39524936676,504.4736022949219,0.0,98.53554347045696,0.9891409956981304,2.5352846022960653,1.844179710009625,4.978237106454591,1,0,0.0,0.0,1,1,0.4347826086956521,0.2608695652173913,12,INT,SYBR,7.0,2.41,16.0,False,9
260323,260323/7S-488-10,7S-488-10,1,146,0.4101150662984794,2.4583963403903053,722.6165790396086,790.5905577641117,674.3822044105942,1.1723182382238022,0.9182389937106918,0.5218934250930864,964.2739726027396,911.5,140784.0,1986.0,392.0,406.65249963062286,0.4217188384054363,3.2061806442606806,0.5198149402873429,-0.6623715086908235,183.08616979563072,55.31943321228027,26730.580790162086,1986.0,0.0,325.5383619166403,1.778060911318541,1.8009313068191055,3.031468218660722,11.014264302841092,1,4,0.1232876712328767,0.136986301369863,1,4,0.6095890410958904,0.2123287671232876,12,INT,SYBR,7.0,2.41,16.0,False,10
260323,260323/7S-488-10,7S-488-10,2,162,0.4550591831531072,2.7014433375456277,761.1828605436523,890.8471161227308,671.7626201703551,1.3261337999080942,0.905027932960894,0.6567920796706972,879.104938271605,840.5,142415.0,1685.0,392.0,327.772125964538,0.3728475540234887,3.230281707022666,0.3869339583353005,-0.9148559233448644,123.2626214336466,44.356523513793945,19968.544672250748,1344.3909912109375,0.0,204.64244534878216,1.660214937574917,1.8549003082954028,2.730524359665385,9.58727374909064,1,4,0.0617283950617283,0.1419753086419753,1,8,0.5925925925925926,0.228395061728395,12,INT,SYBR,7.0,2.41,16.0,False,10
260323,260323/7S-488-10,7S-488-10,3,72,0.2022485258458254,1.641441959543836,507.4552403624349,566.9799738179174,461.64063350286,1.2281847235061574,0.935064935064935,0.5805707985123111,715.375,659.5,51507.0,1182.0,402.0,222.87882373707583,0.3115552315038628,3.178093937706343,0.3938262596541616,-1.0211359040186092,135.85690480470657,68.4148063659668,9781.697145938871,670.2866821289062,0.0,161.66801092998,1.1899874442331564,2.6268536415833705,1.7566495203501753,2.627066249287747,1,1,0.0,0.0555555555555555,1,2,0.4861111111111111,0.2083333333333333,12,INT,SYBR,7.0,2.41,16.0,False,10
260323,260323/7S-488-10,7S-488-10,4,59,0.1657314309014403,1.6376753606183874,459.3645737638645,641.6236164278625,342.33085116423143,1.8742792659375207,0.8428571428571429,0.8457758292548633,534.6949152542373,541.0,31547.0,728.0,396.0,83.76964602043658,0.1566681178941185,3.0713140033910897,0.1388213721480566,-0.8867894376513537,65.40900461350458,45.25265884399414,3859.1312721967697,282.8322448730469,0.0,69.56048830654811,1.063469605103674,2.709997671856125,1.3954792326115475,1.4564471535986243,1,1,0.0,0.0,1,1,0.4406779661016949,0.2203389830508474,12,INT,SYBR,7.0,2.41,16.0,False,10
260323,260323/7S-488-11,7S-488-11,1,164,0.4606771977599357,2.590116424461059,765.8671069746572,949.9234133867368,619.8394407153401,1.532531412151598,0.9371428571428572,0.7577756584919292,1425.2987804878048,1358.0,233749.0,2700.0,611.0,568.427042654191,0.3988125510495759,3.322364339208183,0.4218910327662381,-0.9447330682591452,284.5624456732738,149.0287094116211,46668.24109041691,2132.743408203125,0.0,381.2036074310656,1.3396131964256175,2.3089469609867947,2.2546721264406826,5.884294933137706,1,3,0.0792682926829268,0.1463414634146341,1,6,0.4756097560975609,0.1951219512195122,12,INT,SYBR,7.0,2.41,16.0,False,11
260323,260323/7S-488-11,7S-488-11,2,140,0.3932610224779939,2.3213494810351625,707.612524777484,789.6512225359443,635.4959586864339,1.2425747351220742,0.9210526315789472,0.5935724377130396,1359.0357142857142,1248.0,190265.0,2692.0,613.0,562.1269015014069,0.4136218758583921,3.2638142709693803,0.5392546185419985,-0.807339575750583,276.5612036602837,121.4872817993164,38718.56851243973,2692.0,0.0,406.5661933715028,1.470076742473654,2.021370511014331,2.6922340009064065,9.797448724140304,1,4,0.0857142857142857,0.1714285714285714,1,4,0.55,0.1928571428571428,12,INT,SYBR,7.0,2.41,16.0,False,11
260323,260323/7S-488-11,7S-488-11,3,73,0.2050575331492397,1.597535264853585,510.9670832367321,580.7419431214983,452.36279199631326,1.2837968847053878,0.935897435897436,0.6270991794801857,864.8356164383562,835.0,63133.0,1225.0,609.0,179.0749388212958,0.207062400550498,3.1673907510433112,0.3278087767577795,-1.0434319089651516,113.31078001571028,82.65902709960938,8271.68694114685,456.423828125,0.0,114.67888846813668,1.0120739478824232,2.8305907735116604,1.286532278183831,1.3604269042121793,1,1,0.0,0.0,1,2,0.3835616438356164,0.2465753424657534,12,INT,SYBR,7.0,2.41,16.0,False,11
260323,260323/7S-488-11,7S-488-11,4,51,0.1432593724741263,1.4165817108081906,427.08722550317714,487.803147893249,382.5510990234868,1.275131999720906,0.85,0.6204670271548806,815.8039215686274,801.0,41606.0,1016.0,618.0,123.14934341811866,0.1509545862213155,3.0753192913781517,0.0835233097241974,-1.232361344542945,115.35855829014496,104.95392608642578,5883.286472797394,346.2548522949219,0.0,91.18858879452888,0.7904796154367254,3.004383411490661,0.7254930759823699,-0.1751618270378472,1,0,0.0,0.0,1,1,0.3137254901960784,0.2549019607843137,12,INT,SYBR,7.0,2.41,16.0,False,11
260323,260323/7S-488-12,7S-488-12,1,166,0.4662952123667642,2.6340231191513097,770.522876951778,911.0689746462097,656.4759694304817,1.387817707077073,0.9273743016759776,0.6933970298707378,905.5060240963855,892.5,150314.0,1529.0,442.0,316.724270620131,0.3497759950699319,3.351317189299471,0.1756971063628396,-1.2414490407036685,149.8178400433207,76.8883171081543,24869.76144719124,983.90478515625,0.0,208.86518283257675,1.3941275803481226,2.3994907869364583,2.099941184213741,4.20042154279585,1,3,0.0301204819277108,0.0903614457831325,2,7,0.4939759036144578,0.1927710843373494,12,INT,SYBR,7.0,2.41,16.0,False,12
260323,260323/7S-488-12,7S-488-12,2,141,0.3960700297814081,2.321349481035162,710.1352155766692,791.9603462642455,639.129917109623,1.2391226338547523,0.94,0.5905205192127719,970.1702127659574,862.0,136794.0,1784.0,439.0,386.41774133788,0.3982989131733926,3.300441489668581,0.4905634685836529,-1.0027574894752105,200.49305539858256,79.53675842285156,28269.520811200146,1215.1427001953125,0.0,266.51654975457325,1.3293056421567082,2.3893157954021413,1.7371928969518178,2.701417184822805,1,3,0.0496453900709219,0.1560283687943262,1,6,0.5177304964539007,0.2411347517730496,12,INT,SYBR,7.0,2.41,16.0,False,12
260323,260323/7S-488-12,7S-488-12,3,95,0.266855693824353,1.8663022082794816,582.8989810549554,672.7853312092349,509.5031171346682,1.3204734349670506,0.931372549019608,0.6530623541908646,919.978947368421,850.0,87398.0,1732.0,444.0,372.0175864908199,0.4043761952976943,3.2864838819394984,0.4759455476598997,-0.9614185769066984,250.8515859829752,109.87319946289062,23830.900668382645,1732.0,0.0,341.45028812272693,1.3611645578589266,2.2955553618673585,2.1782239994426207,5.267230983589954,1,3,0.031578947368421,0.1578947368421052,1,1,0.5368421052631579,0.2421052631578947,12,INT,SYBR,7.0,2.41,16.0,False,12
260323,260323/7S-488-12,7S-488-12,4,119,0.3342718691062948,2.135069151705378,652.386513072328,754.5625099195112,567.5139043898242,1.3295929916127722,0.9444444444444444,0.6590377508984302,955.0168067226892,843.0,113647.0,1722.0,438.0,382.53569642214336,0.400553889449216,3.2061727897887,0.4529863225051748,-1.0424472156433409,235.2311578958976,108.3077392578125,27992.507789611816,1443.935546875,0.0,316.4879984323515,1.3454340031451717,2.4154329393089595,1.9090614868710012,3.1460171630080644,1,3,0.0840336134453781,0.1512605042016806,1,6,0.5294117647058824,0.1932773109243697,12,INT,SYBR,7.0,2.41,16.0,False,12
260323,260323/7S-488-12,7S-488-12,5,96,0.2696647011277672,2.056349136534714,585.9588392498761,652.1994009891671,535.6211151294866,1.2176506537302914,0.8888888888888888,0.5705633194005317,711.5416666666666,703.0,68308.0,1171.0,440.0,199.96841417250545,0.2810354242630515,3.19039185418231,0.3859582890870837,-0.9823962852923,120.75718809043369,58.97599411010742,11592.690056681631,688.72509765625,0.0,156.2735467232769,1.2941138262199798,2.4545360737962865,1.7756059537180218,2.981472595652515,1,2,0.0,0.0208333333333333,1,2,0.5208333333333334,0.2395833333333333,12,INT,SYBR,7.0,2.41,16.0,False,12
260323,260323/7S-488-12,7S-488-12,6,92,0.2584286719141103,1.9813957202894992,573.6214819673636,725.2288603484483,459.40079457487536,1.5786408489335926,0.8932038834951457,0.773778462431893,590.695652173913,575.0,54344.0,837.0,443.0,101.2607057566716,0.1714261911087477,3.222500533563619,0.5632967433107683,-0.5482010334328473,72.60937372173952,51.1269416809082,6680.062382400036,446.9890441894531,0.0,84.74829323398022,1.1671811625694586,2.471022889417509,1.773326840852261,3.9187510485552544,1,2,0.0,0.0,1,4,0.4456521739130434,0.2282608695652173,12,INT,SYBR,7.0,2.41,16.0,False,12
260323,260323/7S-488-13,7S-488-13,1,199,0.5589924533794342,2.714303310680915,843.6416874782933,961.3926846361798,741.6269498488674,1.296329218931563,0.9521531100478468,0.6363396783121926,1089.0753768844222,986.0,216726.0,2311.0,438.0,511.2183895013729,0.4694058835154674,3.240511288428144,0.5536771613099117,-0.8304492532721444,212.08673312286635,84.03480529785156,42205.259891450405,1862.1553955078125,0.0,348.69945512893133,1.6441361041047406,2.0458036627902696,2.7831139583093427,8.701712654684968,1,4,0.1608040201005025,0.185929648241206,1,7,0.5628140703517588,0.2311557788944723,12,INT,SYBR,7.0,2.41,16.0,False,13
260323,260323/7S-488-13,7S-488-13,2,161,0.452250175849693,2.555303103980646,758.829893984983,936.054606782216,619.1780125975989,1.5117697782181323,0.936046511627907,0.7499659985326778,1013.4037267080744,940.0,163158.0,1945.0,438.0,391.0867451551188,0.385914058581094,3.287652971577977,0.3356215971234762,-1.0230564442022387,183.08458749996208,84.36763000488281,29476.618587493896,1945.0,0.0,277.23101191072845,1.514223647639296,1.9875331631086053,3.075192056885065,12.922860893935672,1,3,0.0807453416149068,0.1180124223602484,2,5,0.515527950310559,0.1925465838509316,12,INT,SYBR,7.0,2.41,16.0,False,13
260323,260323/7S-488-13,7S-488-13,3,138,0.3876430078711654,2.343302828380288,702.5399681595715,797.3306158594033,623.9586551689271,1.2778580908434365,0.9452054794520548,0.6225757906052434,1043.5217391304348,946.5,144006.0,2180.0,439.0,477.2224108850798,0.4573190888028347,3.2196916169826046,0.5843128903369966,-0.861078013910713,241.49074152207163,99.5070571899414,33325.722330045886,1966.8021240234373,0.0,353.4743220891964,1.4637179043027193,2.1420592401527,2.1956363381988897,5.260281240368846,1,4,0.1231884057971014,0.1956521739130435,1,3,0.5579710144927537,0.2246376811594203,12,INT,SYBR,7.0,2.41,16.0,False,13
260323,260323/7S-488-13,7S-488-13,4,129,0.3623619421404372,2.184302621680019,679.2448411583556,784.7939879542765,588.5997625778472,1.3333236570078992,0.9347826086956522,0.6614316559641952,937.9457364341084,828.0,120995.0,1786.0,439.0,377.4973574012952,0.4024724914646645,3.273068508200845,0.504890142984581,-0.9473053213145975,185.27332386270515,76.43789672851562,23900.25877828896,1310.667236328125,0.0,263.6457582499193,1.423009814652493,2.148287479236375,2.1676357892692697,5.156889285377021,1,3,0.0697674418604651,0.1627906976744186,1,5,0.5348837209302325,0.2170542635658914,12,INT,SYBR,7.0,2.41,16.0,False,13
260323,260323/7S-488-13,7S-488-13,5,133,0.3735979713540942,2.2903027594801983,689.6953754817175,861.7196495730349,561.5828779007812,1.5344478677736342,0.95,0.7584766537607518,710.812030075188,696.0,94538.0,1096.0,438.0,173.44377965976688,0.2440079406667054,3.3091212473108067,0.2626904780520659,-1.0280447511109274,75.34473703857651,35.94938278198242,10020.850026130676,584.3646850585938,0.0,108.94623242591884,1.445970039953001,2.221897494669947,2.1746306006892477,5.199719816191299,1,2,0.0,0.0075187969924812,2,5,0.5112781954887218,0.2180451127819548,12,INT,SYBR,7.0,2.41,16.0,False,13
260323,260323/7S-488-13,7S-488-13,6,254,0.7134878550672175,3.997604761059411,953.1216878026918,1557.3511866530569,647.6049860396571,2.4047856644477568,0.8273615635179153,0.9094389445742994,705.8543307086615,671.5,179287.0,1154.0,438.0,181.97762545692692,0.2578118707215773,3.285662168456041,0.524413165289891,-0.7475311486162024,80.51681823054636,35.082841873168945,20451.271830558777,780.021484375,0.0,120.4800404918886,1.4963338485000026,2.07109807800486,2.685543786217415,9.647429721736962,2,5,0.0,0.0393700787401574,4,18,0.515748031496063,0.2401574803149606,12,INT,SYBR,7.0,2.41,16.0,False,13
260323,260323/7S-488-13,7S-488-13,7,108,0.3033727887687381,2.1313025527799296,621.5032030946782,706.1961672753966,556.2223236055529,1.2696293142239976,0.9152542372881356,0.6161466313576703,664.3518518518518,640.5,71750.0,1020.0,444.0,146.8629162340272,0.2210619505682918,3.2293987099233856,0.4678051179009355,-0.5854460773277115,75.24321596324444,45.59394836425781,8126.267324030399,410.4880981445313,0.0,88.27322057449143,1.1731718194715657,2.490428345180919,1.6079686370013473,2.649685328456653,1,2,0.0,0.0185185185185185,1,3,0.4351851851851852,0.2685185185185185,12,INT,SYBR,7.0,2.41,16.0,False,13
260323,260323/7S-488-13,7S-488-13,8,48,0.1348323505638836,1.3234415461432985,414.3354687297855,480.4617900878856,367.9943062582647,1.3056228912158474,0.9230769230769232,0.6429383357844262,617.2916666666666,597.5,29630.0,946.0,442.0,141.90766526510436,0.2298875441351673,3.0837666798540466,0.5077312561117897,-0.8982238336273412,103.13266042868295,58.8271427154541,4950.367700576782,496.7986450195313,0.0,112.6995815236841,1.092763253223907,2.4352624986676243,1.5745297409891166,2.483431393918604,1,0,0.0,0.0208333333333333,1,1,0.4375,0.2708333333333333,12,INT,SYBR,7.0,2.41,16.0,False,13
260323,260323/7S-488-14,7S-488-14,1,255,0.7162968623706317,3.238977224397421,954.996068546886,1182.1260945054269,778.1312142204179,1.5191860612991308,0.9514925373134328,0.7528018322728238,1042.3294117647058,1002.0,265794.0,2145.0,512.0,366.65848175349583,0.3517683350532422,3.181779842873236,0.5568944862036681,-0.2757774824731642,108.10545713651706,43.00722122192383,27566.89156981185,1524.1810302734375,0.0,181.03246686942768,1.6745913820133742,1.702333158222356,3.4442719044358574,17.780410707642865,1,5,0.0274509803921568,0.0941176470588235,2,15,0.5725490196078431,0.2,12,INT,SYBR,7.0,2.41,16.0,False,14
260323,260323/7S-488-14,7S-488-14,2,179,0.5028123073111493,2.665069840706274,800.125310965779,886.6714308945014,727.7844709465312,1.2183159524430731,0.9322916666666666,0.5712082953157792,1250.6145251396647,1084.0,223860.0,2539.0,512.0,572.2830799596121,0.4576014978681791,3.265738300426253,0.5717260134153084,-0.8122162989306982,188.67820221547808,65.82633209228516,33773.398196570575,2502.0,0.0,344.9712352506127,1.828357654461016,1.6720561345912814,3.77824500732874,18.077466425926147,1,4,0.1508379888268156,0.1675977653631284,2,7,0.5810055865921788,0.1955307262569832,12,INT,SYBR,7.0,2.41,16.0,False,14
260323,260323/7S-488-14,7S-488-14,3,167,0.4691042196701784,2.6741632149161125,772.8402442201116,894.780334588348,671.0440484241185,1.333415200819756,0.9175824175824177,0.6614900372116387,1212.9880239520958,1099.0,202569.0,2386.0,514.0,532.3107502159517,0.4388425439532403,3.2862423229870625,0.5441079762164808,-0.818380169239278,184.4660495162724,70.0870590209961,30805.83026921749,1646.667236328125,0.0,285.33140623129094,1.5467963182358977,2.0749681481839595,2.57677529019373,7.942374947049968,1,4,0.1197604790419161,0.155688622754491,2,7,0.5748502994011976,0.2155688622754491,12,INT,SYBR,7.0,2.41,16.0,False,14
260323,260323/7S-488-14,7S-488-14,4,97,0.2724737084311815,1.9283956513894096,589.0028017549823,631.2373740785928,554.2163859484593,1.138972773239686,0.8981481481481481,0.4786897715508784,1059.505154639175,973.0,102772.0,1972.0,534.0,382.7597735446951,0.3612627761825732,3.2172249900814047,0.5377293592655635,-0.6954894221105885,175.93697923237517,98.9261474609375,17065.88698554039,1368.594482421875,0.0,251.3521494144193,1.4286487724814054,2.241516463780629,3.051957165172121,10.715197503316157,1,3,0.0,0.0927835051546391,1,2,0.4742268041237113,0.1958762886597938,12,INT,SYBR,7.0,2.41,16.0,False,14
260323,260323/7S-488-14,7S-488-14,5,134,0.3764069786575084,2.4364429930451794,692.2833597169762,907.8089311344922,539.3148247170367,1.683263447487827,0.8874172185430463,0.8044029572340716,828.0373134328358,819.5,110957.0,1290.0,514.0,190.65287145551164,0.2302467151692868,3.25734124511042,0.2035806216303057,-0.8397981626928042,85.13424260202629,54.35746955871582,11407.988508671522,606.496337890625,0.0,113.5666386097861,1.3339713273855225,2.322743104608492,2.4916671448275625,7.765291455785856,1,2,0.0,0.0223880597014925,2,5,0.4776119402985074,0.2238805970149253,12,INT,SYBR,7.0,2.41,16.0,False,14
260323,260323/7S-488-14,7S-488-14,6,69,0.1938215039355827,1.5536285701633337,496.7707755402142,590.8575382572445,418.4646684002014,1.4119651738248404,0.9452054794520548,0.7059790009054032,859.9130434782609,845.0,59334.0,1276.0,512.0,222.356678171279,0.2585804225876942,3.266676338355445,0.1467537843956241,-1.3098686403754742,123.07549750977668,84.3396987915039,8492.209328174591,582.8856201171875,0.0,132.64777491478188,1.0777756547703152,2.6192772710361774,1.3021774547139224,1.404121510034562,1,1,0.0,0.0,1,1,0.4347826086956521,0.2608695652173913,12,INT,SYBR,7.0,2.41,16.0,False,14
260323,260323/7S-488-14,7S-488-14,7,70,0.1966305112389969,1.641441959543836,500.35761472269286,564.0597908850295,448.77579637830365,1.2568854992561702,0.8974358974358975,0.6057994046340609,828.3,763.5,57981.0,1266.0,512.0,221.40417170048264,0.2672994949903207,3.2032493219902296,0.3310921356449572,-1.171786278650341,117.46101218632288,68.13082504272461,8222.270853042603,557.00048828125,0.0,140.22163158148464,1.1937716947224808,2.643745933613497,1.7495156038637338,2.366094726497648,1,1,0.0,0.0142857142857142,1,2,0.4571428571428571,0.2,12,INT,SYBR,7.0,2.41,16.0,False,14
260323,260323/7S-488-14,7S-488-14,8,76,0.2134845550594824,2.0343957891895887,521.3606982616968,673.612018386165,416.9484361980339,1.615576315691531,0.8941176470588236,0.785411346892824,668.421052631579,674.0,50800.0,938.0,511.0,109.48427749016686,0.1637953757726905,3.080626417806508,0.4132083414491089,-0.6792392645309211,62.64275171411665,40.15272331237793,4760.849130272865,428.615234375,0.0,77.17782059212824,1.232031136568608,2.2910428750294463,2.097980498855901,6.305098917523727,1,2,0.0,0.0,1,2,0.4868421052631579,0.2368421052631578,12,INT,SYBR,7.0,2.41,16.0,False,14
260323,260323/7S-488-14,7S-488-14,9,41,0.1151692994399839,1.191721462072545,382.9335534873286,465.9270531082992,318.51384576200064,1.4628156964217134,0.9111111111111112,0.7298445753959473,698.6341463414634,691.0,28644.0,937.0,513.0,116.7672377205098,0.1671364595217463,3.0245687650905912,0.2778936845487443,-0.7575427084936637,99.66207910747065,76.3494644165039,4086.145243406296,355.6318054199219,0.0,89.74468249376221,0.9004897679987792,2.777247249548429,1.349682010187781,1.5239069531193232,1,0,0.0,0.0,1,1,0.3658536585365853,0.2439024390243902,12,INT,SYBR,7.0,2.41,16.0,False,14
260323,260323/7S-488-15,7S-488-15,1,145,0.4073060589950651,2.396302897280377,720.1376126288294,749.3529140119558,699.1031983210125,1.0718773935116082,0.9415584415584416,0.3600253442692706,1364.489655172414,1217.0,197851.0,2736.0,566.0,620.5185568588021,0.4547623754468074,3.2903830589843075,0.538696887711716,-0.8965640042189773,323.2403549301213,124.83363342285156,46869.85146486759,2733.0,0.0,482.208068202486,1.4917941428035204,2.135133487146127,2.247101753041665,5.698120733785993,1,4,0.1241379310344827,0.1862068965517241,1,4,0.5586206896551724,0.2275862068965517,12,INT,SYBR,7.0,2.41,16.0,False,15
260323,260323/7S-488-15,7S-488-15,2,65,0.1825854747219257,1.5664885432986209,482.156661999187,533.6160223349201,441.2406516775195,1.2093537173109632,0.9285714285714286,0.5623667310619441,1021.353846153846,1027.0,66388.0,1588.0,573.0,310.17678581985865,0.3036917978895405,3.1994392692758487,0.2654091859017405,-1.2072108894398614,241.0893687761747,137.5000457763672,15670.808970451357,940.7919311523438,0.0,264.1741767681809,1.095752077784226,2.6945286303026954,1.2978872835724335,0.5539869420196171,1,0,0.0,0.0615384615384615,1,1,0.4461538461538462,0.2769230769230769,12,INT,SYBR,7.0,2.41,16.0,False,15
260323,260323/7S-488-15,7S-488-15,3,50,0.1404503651707121,1.3416282945629754,422.87936696869576,476.36055989899535,378.8271744325618,1.2574614284535608,0.8771929824561403,0.6062776857989861,822.58,795.5,41129.0,1212.0,565.0,179.07142458259725,0.2176948437630348,3.0519784601986784,0.4238925208572361,-0.8308412906444578,151.321551322937,105.7234344482422,7566.077566146851,693.43798828125,0.0,156.14817566592174,1.031896476746291,2.717883384149067,1.642942491762024,2.8937992339274485,1,0,0.0,0.0,1,1,0.4,0.22,12,INT,SYBR,7.0,2.41,16.0,False,15
260323,260323/7S-488-15,7S-488-15,4,35,0.0983152556194984,1.074744650599803,353.806262388742,401.3036507508972,329.1300175035729,1.2192860857686456,0.8536585365853658,0.5721456035960208,704.7428571428571,684.0,24666.0,895.0,571.0,98.36825852740448,0.1395803554876817,2.9955888864650646,0.3423917927022613,-1.081483329182909,112.7623154095241,87.8863296508789,3946.681039333344,335.2365417480469,0.0,90.34627523633456,0.8012098271325825,2.7883498917834326,0.6582088993972693,-0.3195852688187819,1,0,0.0,0.0,1,1,0.3142857142857143,0.2857142857142857,12,INT,SYBR,7.0,2.41,16.0,False,15
260323,260323/12D-BOD-405-01,12D-BOD-405-01,1,373,1.0477597241735124,4.421605312260128,1155.0104389998053,1740.38870254711,783.611998828379,2.2209827122979995,0.9232673267326732,0.8929019599998115,1816.1983914209115,1728.0,677442.0,3285.0,861.0,643.5259294118323,0.3543257897659334,3.327018445773278,0.3051316607517069,-1.093453859442651,221.53802093296204,71.42523193359375,82633.68180799484,3235.0,0.0,369.9834109827127,1.6700673294119144,1.6455089137279986,3.1096598403184728,14.854297752244598,2,6,0.0375335120643431,0.1045576407506702,5,26,0.5683646112600537,0.2171581769436997,12,BOD,DAPI,,2.41,16.0,False,1
260323,260323/12D-BOD-405-01,12D-BOD-405-01,2,183,0.5140483365248063,2.7180699096063634,809.0158650908596,908.8798426245644,725.8467147381893,1.2521649876894383,0.9289340101522844,0.6018398466946353,1615.174863387978,1558.0,295577.0,3076.0,853.0,525.9569530936312,0.3256346820494643,3.2160198838213776,0.3695340480220034,-0.853381946561552,203.8458518877707,91.12777709960938,37303.79089546204,2897.724609375,0.0,332.7627779462938,1.6324235929485558,1.7161900416799474,3.971245711866712,24.49812276598623,1,4,0.0,0.087431693989071,2,9,0.5136612021857924,0.2021857923497267,12,BOD,DAPI,,2.41,16.0,False,1
260323,260323/12D-BOD-405-01,12D-BOD-405-01,3,135,0.3792159859609227,2.3213494810351625,694.8617051767791,803.6122893693125,603.2657670957674,1.332103250675155,0.9310344827586208,0.6606517083322568,1741.1407407407407,1561.0,235054.0,3179.0,856.0,671.2964529963028,0.3855497934708657,3.2717579872521,0.5098064589699594,-0.9133048408897632,299.5404550724559,163.2332000732422,40437.96143478155,1758.51611328125,0.0,412.110761913673,1.3758100281111858,2.425697900911441,1.969194536566468,3.1611758363117826,1,4,0.0148148148148148,0.1481481481481481,1,5,0.4666666666666667,0.2,12,BOD,DAPI,,2.41,16.0,False,1
260323,260323/12D-BOD-405-01,12D-BOD-405-01,4,94,0.2640466865209387,1.9465823998090863,579.822975514724,717.1252540729113,474.30415542969234,1.5119522902413474,0.912621359223301,0.7500364181884291,1232.6914893617022,1192.0,115873.0,1924.0,856.0,259.78345103598605,0.2107449051753444,3.18794340788234,0.4510139884950519,-0.685183322705833,138.3253205634178,61.99912452697754,13002.580132961271,994.3775634765624,0.0,188.64702374543964,1.3637924204842231,2.2352280970436813,2.3574262163271587,6.9729519689446136,1,2,0.0,0.0106382978723404,1,3,0.5212765957446809,0.2553191489361702,12,BOD,DAPI,,2.41,16.0,False,1
260323,260323/12D-BOD-405-02,12D-BOD-405-02,1,186,0.522475358435049,2.758210005371166,815.6201858151763,973.672669604932,687.0320005418921,1.4172158921810831,0.9393939393939394,0.7086015991825906,1644.962365591398,1585.0,305963.0,2805.0,755.0,579.0082982020259,0.3519887812107242,3.3679969145357687,0.1432692539971014,-1.2584891585917226,338.9622576262361,142.2335662841797,63046.97991847992,2613.470947265625,0.0,466.9916437491822,1.377709857786351,2.271449743659322,2.186585478853507,5.922908217434767,1,4,0.0483870967741935,0.0806451612903225,2,8,0.5268817204301075,0.2419354838709677,12,BOD,DAPI,,2.41,16.0,False,2
260323,260323/12D-BOD-405-02,12D-BOD-405-02,2,127,0.3567439275336087,2.2373026905801088,673.9588087412508,709.719246175811,642.9093680987191,1.1039180347840774,0.9338235294117648,0.4235679024252196,1449.03937007874,1366.0,184028.0,2597.0,758.0,511.28262928552914,0.352842469185462,3.2518476017164786,0.4742870978729919,-0.9321501915224272,312.79780873726673,162.90542602539062,39725.32170963287,1932.998779296875,0.0,409.73493663388825,1.3099034749889935,2.435425945121057,1.9550858957845565,3.8138607034146874,1,3,0.0,0.1259842519685039,1,4,0.4960629921259842,0.2204724409448819,12,BOD,DAPI,,2.41,16.0,False,2
260323,260323/12D-BOD-405-02,12D-BOD-405-02,3,148,0.4157330809053078,2.352396202590126,727.5491726771605,791.661059648073,671.4935482011588,1.1789555711574995,0.9367088607594936,0.5296626634491958,1779.2027027027027,1680.5,263322.0,3284.0,759.0,722.0603076501312,0.4058336391650505,3.3227581676912497,0.4003987027299361,-1.001197995953094,468.3812389083811,219.0867462158203,69320.4233584404,2819.54296875,0.0,621.6562379726147,1.3272441044424823,2.4547933314389514,1.8264112243426929,3.056902145216992,1,4,0.0878378378378378,0.1486486486486486,1,4,0.5135135135135135,0.25,12,BOD,DAPI,,2.41,16.0,False,2
260323,260323/12D-BOD-405-02,12D-BOD-405-02,4,157,0.441014146636036,2.515163008215844,749.3441474280244,907.2318806707184,624.8094316189878,1.452013741725899,0.9345238095238096,0.7250476385345459,1389.904458598726,1287.0,218215.0,2514.0,764.0,428.9530454167462,0.3086205262261034,3.2511182227163475,0.5098409257939986,-0.7328364423263989,252.46381887432875,117.11506652832033,39636.819563269615,2269.478515625,0.0,365.3898850780635,1.4472960391205485,2.0846347851821707,2.4320445428847908,7.422390371022399,1,4,0.0,0.0764331210191082,1,6,0.5095541401273885,0.2165605095541401,12,BOD,DAPI,,2.41,16.0,False,2
260323,260323/12D-BOD-405-02,12D-BOD-405-02,5,120,0.3370808764097091,2.321349481035162,655.1218982897973,883.0236991753106,489.7845035589676,1.8028820690710137,0.8955223880597015,0.8320721241878062,1142.7083333333333,1113.5,137125.0,1740.0,759.0,259.44781039069613,0.2270463974248571,3.2998361983557314,0.3855678265027125,-0.7579707488711556,196.58029386152825,116.7576904296875,23589.63526338339,1451.3465576171875,0.0,253.3426829670244,1.2887491314133437,2.291743362208483,2.136268975203783,5.896090669390626,1,2,0.0,0.0166666666666666,1,4,0.4583333333333333,0.2333333333333333,12,BOD,DAPI,,2.41,16.0,False,2
260323,260323/12D-BOD-405-02,12D-BOD-405-02,6,43,0.1207873140468124,1.2795348514530474,392.1621918884412,486.0184311091859,320.7371348544758,1.5153169941787414,0.8958333333333334,0.7513289116833992,1028.2558139534883,1011.0,44215.0,1351.0,783.0,167.52072977953898,0.1629173669686797,3.0634715141207773,0.4486864664781717,-0.9241786673587996,222.45385203250615,174.10610961914062,9565.515637397766,795.8296508789062,0.0,182.2187505565657,0.8191305697414442,2.876327570814486,1.4088605307925872,1.7989741469919744,1,0,0.0,0.0,1,1,0.3255813953488372,0.2325581395348837,12,BOD,DAPI,,2.41,16.0,False,2
260323,260323/12D-BOD-405-03,12D-BOD-405-03,1,248,0.6966338112467321,3.0671170445618654,941.7970676737692,1029.7001260351212,862.9642292395505,1.193212987451982,0.9465648854961832,0.5455575752997164,1836.6129032258063,1805.0,455480.0,3283.0,826.0,663.7632767833063,0.3614061926808202,3.330441852863776,0.1942337800014744,-1.1135673646632838,330.2055532201644,113.84676361083984,81890.97719860077,3283.0,0.0,505.5271908929356,1.530946969131908,1.9808824797293425,2.557271378207824,8.50526448885437,1,4,0.0604838709677419,0.1048387096774193,3,14,0.5725806451612904,0.2459677419354838,12,BOD,DAPI,,2.41,16.0,False,3
260323,260323/12D-BOD-405-03,12D-BOD-405-03,2,197,0.5533744387726057,2.877070116306633,839.3915763759538,1067.4934680799126,671.288837307433,1.5902148356312202,0.933649289099526,0.7775299974495659,1539.0710659898475,1520.0,303197.0,2705.0,827.0,452.21792992798026,0.2938252429800166,3.2374709206700074,0.2832636334797701,-0.7804991537470505,268.1382989005994,108.01382446289062,52823.24488341808,2088.3349609375,0.0,364.304111191839,1.3586425836425884,2.2325932493799243,1.8912158091364115,4.023181305980871,1,2,0.0,0.0406091370558375,3,10,0.5380710659898477,0.248730964467005,12,BOD,DAPI,,2.41,16.0,False,3
260323,260323/12D-BOD-405-03,12D-BOD-405-03,3,171,0.4803402488838354,2.577256451325772,782.0410473925454,953.0618062900342,644.4566632762455,1.4788609701774555,0.9344262295081968,0.7367216930903577,1631.1754385964912,1523.0,278931.0,2595.0,837.0,506.6474278026794,0.3106026585580598,3.386607132301025,0.2042075517138522,-1.1984987222213093,289.9357659259037,123.16436004638672,49579.01597332954,1989.9278564453125,0.0,392.79358189212553,1.3547607023843626,2.3297255666322774,1.7801609464033514,2.866512325989378,1,4,0.0,0.0584795321637426,2,8,0.52046783625731,0.2163742690058479,12,BOD,DAPI,,2.41,16.0,False,3
260323,260323/12D-BOD-405-03,12D-BOD-405-03,4,114,0.3202268325892236,2.184302621680019,638.5338413411511,696.8567341225693,594.0492422825977,1.1730622388220548,0.890625,0.5227766560462023,1304.2105263157894,1267.0,148680.0,2117.0,816.0,339.06815232872333,0.2599796163940978,3.2417936125014744,0.4698829521694967,-0.7082421569128821,217.2822979301737,109.67183303833008,24770.181964039803,1245.309326171875,0.0,286.0499467802738,1.3164898820804969,2.495164447786416,1.914834267432009,3.3889108416968963,1,3,0.0,0.0350877192982456,1,5,0.4912280701754385,0.2368421052631578,12,BOD,DAPI,,2.41,16.0,False,3
260323,260323/12D-BOD-405-04,12D-BOD-405-04,1,297,0.8342751691140299,3.4948841946880305,1030.6464653345483,1131.64930513656,947.4041694848048,1.1944736381643193,0.9369085173501576,0.5469139288244192,1603.2121212121212,1570.0,476154.0,2774.0,770.0,532.1449191599174,0.3319242114746394,3.3533322414479194,0.2535958918040299,-0.9965451892746118,227.8428199062444,77.48588562011719,67669.31751215458,1911.302001953125,0.0,337.0197840213103,1.4791766717072383,2.13483338820364,2.05205245489498,4.492607088768375,1,5,0.0269360269360269,0.0875420875420875,3,19,0.5589225589225589,0.2424242424242424,12,BOD,DAPI,,2.41,16.0,False,4
260323,260323/12D-BOD-405-04,12D-BOD-405-04,2,233,0.6544987016955184,3.5130709431077074,912.8710911057252,1364.5067808410267,621.444315707286,2.195702408651107,0.906614785992218,0.8902689746975431,1601.5021459227469,1558.0,373150.0,2902.0,766.0,552.8057908997262,0.3451795505283028,3.31666133808048,0.2699932605464678,-1.0571561033374508,273.82164529618274,136.20462036132812,63800.44335401058,2511.888427734375,0.0,404.0416528413086,1.4755650613532458,2.084390538729774,2.6499554806131664,8.943743580243272,1,4,0.0300429184549356,0.0944206008583691,3,12,0.5021459227467812,0.2145922746781116,12,BOD,DAPI,,2.41,16.0,False,4
260323,260323/12D-BOD-405-04,12D-BOD-405-04,3,138,0.3876430078711654,2.930070185206722,702.5399681595715,944.2219957125342,556.239103873719,1.6975109968660125,0.8571428571428571,0.8080617412568365,999.81884057971,968.0,137975.0,1524.0,767.0,159.1930946814791,0.1592219392356884,3.081965928769786,0.7723248773131022,0.3562467636857098,144.7098324402519,80.29724884033203,19969.95687675476,1031.5120849609375,0.0,185.6205817206563,1.2827088428652265,2.258606460654057,1.952992505421433,4.9395411703411245,2,4,0.0,0.0072463768115942,3,8,0.4782608695652174,0.2753623188405797,12,BOD,DAPI,,2.41,16.0,False,4
260323,260323/12D-BOD-405-05,12D-BOD-405-05,1,283,0.7949490668662306,3.514954242570432,1006.0619205518126,1317.923236870313,775.9550467782427,1.698453077072334,0.9278688524590164,0.8082998526326426,1245.826855123675,1259.0,352569.0,2149.0,668.0,353.660636487958,0.2838762345132218,3.2486608982809444,0.0178509762360591,-1.1374592002019932,133.8823463871496,54.15695190429688,37888.70402756333,1774.82470703125,0.0,205.84907989862887,1.5375371395372173,1.7726635384259268,3.105161314372559,15.70774042254326,2,4,0.0,0.0141342756183745,4,16,0.5406360424028268,0.2226148409893993,12,BOD,DAPI,,2.41,16.0,False,5
260323,260323/12D-BOD-405-05,12D-BOD-405-05,2,200,0.5618014606828484,2.9209768109968834,845.7587339373915,993.9009914519102,722.3805813682013,1.3758689215723996,0.9345794392523364,0.6868349500876615,1780.52,1605.5,356104.0,3668.0,670.0,808.4037373819257,0.4540267659907924,3.327905123159481,0.4838954533579152,-0.9284722370663494,333.1227615362406,107.62540817260742,66624.55230724812,2859.95166015625,0.0,541.2223500769618,1.6246933940540174,2.018042006295495,2.230329511058055,4.85131078207499,1,4,0.14,0.19,2,10,0.595,0.215,12,BOD,DAPI,,2.41,16.0,False,5
260323,260323/12D-BOD-405-05,12D-BOD-405-05,3,137,0.3848340005677512,2.5023030350805566,699.9899054139959,866.2886395968549,576.6145417697119,1.5023704343946862,0.8838709677419355,0.7462954741036526,1091.7883211678832,1008.0,149575.0,1870.0,671.0,303.03538986339663,0.2775587391695493,3.223900756163795,0.557783404661762,-0.6568956455965944,132.82929004195833,51.777950286865234,18197.61273574829,962.3439331054688,0.0,198.1259131923441,1.491583017042098,2.2005281066877536,2.414407379467859,6.603845338946961,1,4,0.0,0.0510948905109489,1,7,0.5474452554744526,0.218978102189781,12,BOD,DAPI,,2.41,16.0,False,5
260323,260323/12D-BOD-405-05,12D-BOD-405-05,4,127,0.3567439275336087,2.3232327804978863,673.9588087412508,875.4598767455062,524.9467379813898,1.6677118141775034,0.8943661971830986,0.800281874954261,1170.1102362204724,1101.0,148604.0,2233.0,671.0,363.3695968872564,0.3105430459791228,3.0777413945599723,0.4347883800275511,-0.7879552385357496,174.92088017226234,93.55162811279295,22214.95178187732,2233.0,0.0,269.84474968327737,1.5426674586677924,1.81819634311992,4.2952275737287104,27.30232027661216,1,3,0.0,0.0629921259842519,2,5,0.4645669291338583,0.2283464566929134,12,BOD,DAPI,,2.41,16.0,False,5
260323,260323/12D-BOD-405-05,12D-BOD-405-05,5,108,0.3033727887687381,2.100255831224965,621.5032030946782,739.7293161000421,534.6029252543435,1.3836985941446305,0.9,0.6911610798042805,1050.287037037037,1030.5,113431.0,1644.0,671.0,251.9934374952481,0.2399281611683472,3.2874068265882204,0.3142429217601946,-0.8564773942116659,127.21366403941757,65.39167022705078,13739.075716257095,925.0800170898438,0.0,170.4617450344048,1.3399641172318304,2.331649264117837,2.143630291619385,5.330574167782999,1,4,0.0,0.0185185185185185,1,5,0.4907407407407407,0.2129629629629629,12,BOD,DAPI,,2.41,16.0,False,5
260323,260323/12D-BOD-405-05,12D-BOD-405-05,6,70,0.1966305112389969,1.7474420973440152,500.35761472269286,564.7046016215228,454.6809273069666,1.2419799637653954,0.8641975308641975,0.5930495457090723,1060.9857142857145,1008.5,74269.0,1609.0,681.0,266.8762668765174,0.2515361548069345,3.0294513903727243,0.4196612135890701,-0.9836058914483328,167.93599273136684,106.57881927490234,11755.51949119568,863.3235473632812,0.0,203.2595244209325,1.210339255540471,2.549254955083114,1.8695003890131685,3.195319245882157,1,2,0.0,0.0142857142857142,1,2,0.4285714285714285,0.2,12,BOD,DAPI,,2.41,16.0,False,5
260323,260323/12D-BOD-405-05,12D-BOD-405-05,7,38,0.1067422775297412,1.29051152512561,368.6576851849993,461.24517812559753,320.95688000235185,1.4370939115628794,0.8260869565217391,0.7181883590354974,777.2631578947369,757.5,29536.0,992.0,667.0,82.06480109612993,0.105581745722269,2.925841657747011,0.8878354652033269,0.0371484123086514,108.92751408878124,74.8173599243164,4139.245535373688,374.2169494628906,0.0,112.81749199590836,1.03571161923292,2.6243349464494683,0.9500145546259694,-0.1933372983291876,1,0,0.0,0.0,1,1,0.4210526315789473,0.3157894736842105,12,BOD,DAPI,,2.41,16.0,False,5
260323,260323/12D-BOD-405-06,12D-BOD-405-06,1,267,0.7500049500116026,3.4108374042329768,977.2082485846562,1209.180466505126,792.3105313943281,1.5261446347017245,0.956989247311828,0.7554156625010919,1741.9625468164793,1627.0,465104.0,3440.0,779.0,714.3875541604529,0.410105002237867,3.238378818197936,0.423079288400056,-0.9728876341232064,247.80747150660451,81.34904479980469,66164.59489226341,2379.68212890625,0.0,402.0665322259072,1.622495600239363,2.015086606228878,2.719153610144968,8.938717152651323,1,5,0.1011235955056179,0.1573033707865168,1,13,0.5617977528089888,0.2284644194756554,12,BOD,DAPI,,2.41,16.0,False,6
260323,260323/12D-BOD-405-06,12D-BOD-405-06,2,138,0.3876430078711654,2.5333497566355208,702.5399681595715,841.8844188257034,607.3252369277985,1.3862167544435342,0.8961038961038961,0.6925312201615752,1588.840579710145,1588.5,219260.0,2755.0,785.0,504.58535765397073,0.3175808599664688,3.252794183628345,0.2565955150266527,-0.9733947085304506,220.00449088690937,70.67310333251953,30360.619742393494,1834.3607177734373,0.0,348.08476731469034,1.582171190740007,2.0590568229834334,2.385916890150168,6.102290651358203,1,2,0.0144927536231884,0.0869565217391304,2,7,0.5652173913043478,0.2246376811594203,12,BOD,DAPI,,2.41,16.0,False,6
260323,260323/12D-BOD-405-06,12D-BOD-405-06,3,233,0.6544987016955184,3.2261172512621337,912.8710911057252,1076.2274015933813,810.3094149551778,1.3281684523595385,0.906614785992218,0.6581160071790418,1695.008583690987,1687.0,394937.0,2898.0,779.0,550.0659442552783,0.324521037561636,3.323099951076772,0.0570019467488176,-1.2130580468794947,208.75244970076076,54.86980819702149,48639.32078027725,2085.08935546875,0.0,333.07464800828046,1.5955484521773575,1.957627889266086,2.576110178629995,8.532321580340296,1,3,0.0343347639484978,0.0429184549356223,3,16,0.5708154506437768,0.2360515021459227,12,BOD,DAPI,,2.41,16.0,False,6
260323,260323/12D-BOD-405-06,12D-BOD-405-06,4,305,0.8567472275413439,4.081651551514464,1044.4349907714952,1511.7280140271637,783.8705392588678,1.9285429650876644,0.8543417366946778,0.8550617577751055,1517.4295081967214,1502.0,462816.0,2543.0,786.0,468.89058851167306,0.3090032096903743,3.359256341770193,0.1993616912036211,-1.0915694526469597,195.910756461933,85.37017059326172,59752.78072088957,1749.1502685546875,0.0,278.9057713885462,1.423636845804022,2.139801345194144,2.2155893521048515,5.920029271630277,2,6,0.0,0.0557377049180327,2,20,0.521311475409836,0.2327868852459016,12,BOD,DAPI,,2.41,16.0,False,6
260323,260323/12D-BOD-405-06,12D-BOD-405-06,5,126,0.3539349202301945,2.215349343234983,671.3001837477544,789.7503761385324,575.6630672263685,1.371896897856708,0.9197080291970804,0.6846012808589661,1662.690476190476,1569.5,209499.0,3401.0,777.0,663.5574002515317,0.3990865466264421,3.1674882970086227,0.53212880179744,-0.6831459023129929,349.1848197248247,122.44869995117188,43997.28728532791,3401.0,0.0,563.1997351635023,1.6128986810117696,1.9353081125928464,2.9144892947947145,10.236752037164363,1,4,0.0555555555555555,0.119047619047619,1,4,0.5634920634920635,0.2063492063492063,12,BOD,DAPI,,2.41,16.0,False,6
260323,260323/12D-BOD-405-06,12D-BOD-405-06,6,121,0.3398898837131233,2.3909761219959877,657.8459096163664,804.6646280997559,548.8678801169875,1.466044301824051,0.8768115942028986,0.7312517931580115,1032.4876033057851,991.0,124931.0,1556.0,772.0,189.68030629203795,0.1837119454846002,3.2031590904350637,0.7554981369216879,-0.2282900995405352,111.02739425188254,53.24434280395508,13434.314704477789,1044.6441650390625,0.0,163.2251985534481,1.4701344623395096,2.0475145409511244,2.8186865325712898,10.423403723537744,1,2,0.0,0.0082644628099173,2,8,0.5041322314049587,0.1983471074380165,12,BOD,DAPI,,2.41,16.0,False,6
260323,260323/12D-BOD-405-06,12D-BOD-405-06,7,112,0.3146088179823951,2.1661158732603423,632.9078828530835,844.0657332361807,479.2543916920952,1.7612060481199818,0.9333333333333332,0.8231715552732791,1192.330357142857,1165.0,133541.0,1789.0,782.0,275.4620160991072,0.2310282669974016,3.1944350920855764,0.3645995416565649,-0.9913495767449558,158.16596576997213,103.9594955444336,17714.588166236877,1067.05029296875,0.0,190.1275042845512,1.2020759545771191,2.3931610051141625,1.9790282410845923,4.8499312348111285,1,2,0.0,0.0089285714285714,1,5,0.4107142857142857,0.1875,12,BOD,DAPI,,2.41,16.0,False,6
260323,260323/12D-BOD-405-06,12D-BOD-405-06,8,85,0.2387656207902105,2.096489232299517,551.3672372505789,762.1332113426489,408.16671738004254,1.8672105757046071,0.8673469387755102,0.844498299047698,1109.6,1103.0,94316.0,1509.0,780.0,187.6838907768668,0.1691455396330811,3.0607758154205094,0.0178078741429345,-0.93183871524871,143.3067867868087,129.20541381835938,12181.076876878738,668.905029296875,0.0,143.5986949107887,1.002036945566397,2.579492047629316,1.3320420549890024,2.1311716814157187,1,2,0.0,0.0,1,2,0.3764705882352941,0.2352941176470588,12,BOD,DAPI,,2.41,16.0,False,6
260323,260323/12D-BOD-405-06,12D-BOD-405-06,9,40,0.1123602921365696,1.3616983424453766,378.2348043296332,540.6772949271069,282.7965536296896,1.911894922294921,0.8163265306122449,0.8523073398543239,974.875,929.5,38995.0,1311.0,803.0,129.74238528122387,0.133086175439132,2.844469260481217,0.9426650005757682,0.301738950061202,173.8172832250595,118.89491653442384,6952.69132900238,806.5386352539062,0.0,181.7675808800377,1.045739396609278,2.549095306275453,1.7682937834372692,3.431312477252522,0,0,0.0,0.0,0,0,0.375,0.175,12,BOD,DAPI,,2.41,16.0,False,6
260323,260323/12D-BOD-405-07,12D-BOD-405-07,1,284,0.7977580741696447,3.5880243593529224,1007.8378476543528,1330.3303767657196,771.0825347713196,1.7252762405781326,0.9281045751633988,0.8148887998925137,1778.468309859155,1699.5,505085.0,3196.0,813.0,638.7979898087547,0.3591843533379259,3.368321373573428,0.2731229145734766,-1.081638786394155,266.82790857133733,116.38044357299805,75779.1260342598,2896.021240234375,0.0,401.10443563832047,1.5032326932588609,1.9498046512413068,2.507892381992676,8.573839937375428,1,4,0.056338028169014,0.1161971830985915,3,14,0.5352112676056338,0.2218309859154929,12,BOD,DAPI,,2.41,16.0,False,7
260323,260323/12D-BOD-405-07,12D-BOD-405-07,2,108,0.3033727887687381,2.140395926989768,621.5032030946782,714.4510917535528,563.5090736777839,1.2678608475470228,0.9152542372881356,0.6147396567798897,1474.861111111111,1403.0,159285.0,2265.0,825.0,419.1496388903746,0.2841960071579901,3.2546984440894504,0.2222486459520423,-1.2603993789668184,206.2005120030156,112.65948867797852,22269.655296325684,1271.94580078125,0.0,279.4209046433738,1.3550931660115733,2.350842794980861,2.0483454367037064,4.483569340597835,1,1,0.0,0.0092592592592592,1,3,0.4722222222222222,0.2314814814814814,12,BOD,DAPI,,2.41,16.0,False,7
260323,260323/12D-BOD-405-07,12D-BOD-405-07,3,101,0.2837097376448385,2.021535816054301,601.0245063188743,664.7386031272274,570.3629984116776,1.1654658611767643,0.90990990990991,0.5136062689683747,1509.2277227722773,1434.0,152432.0,2575.0,816.0,435.61822462307794,0.2886365112767061,3.1653073015717217,0.2195410645328734,-0.9672671225566032,242.95676193615,110.94580841064452,24538.632955551147,2575.0,0.0,369.44616876234784,1.5206251755176083,1.9573221749120464,3.1935822560222644,15.433307477184576,1,1,0.0,0.0396039603960396,1,3,0.504950495049505,0.2277227722772277,12,BOD,DAPI,,2.41,16.0,False,7
260323,260323/12D-BOD-405-07,12D-BOD-405-07,4,104,0.2921367595550811,2.4273496188353416,609.885296376554,751.1637485403403,517.5350085999866,1.4514259635736646,0.859504132231405,0.7247826190142495,1060.3653846153843,1042.5,110278.0,1450.0,805.0,173.1329842821771,0.1632767221508045,3.253707907423242,0.3705187605111376,-0.8582082578675707,126.8438176719042,88.3036880493164,13191.757037878036,554.9627685546875,0.0,132.82489443827254,1.047153080663648,2.737013517247059,1.061656183976052,0.5228664619845,1,3,0.0,0.0,2,6,0.4326923076923077,0.2884615384615384,12,BOD,DAPI,,2.41,16.0,False,7
260323,260323/12D-BOD-405-08,12D-BOD-405-08,1,262,0.7359599134945315,3.646674326641185,968.0151162048592,1283.0382138920197,762.0175256357147,1.68373845840572,0.9097222222222222,0.8045267104362047,1708.0801526717555,1709.0,447517.0,2708.0,864.0,481.5010744937896,0.281896065439688,3.3401029275672265,-0.0503276416046021,-1.140707011640517,272.61410712194805,102.26070022583008,71424.8960659504,2433.0,0.0,394.81916711186096,1.448271225873308,2.0937343466793976,2.1512297919195587,5.655653600690757,1,4,0.0,0.0114503816793893,5,16,0.5458015267175572,0.2480916030534351,12,BOD,DAPI,,2.41,16.0,False,8
260323,260323/12D-BOD-405-08,12D-BOD-405-08,2,140,0.3932610224779939,2.595443199745448,707.612524777484,878.0331200701606,600.432429731736,1.4623346051818893,0.8974358974358975,0.7296338556589739,1787.7285714285715,1920.5,250282.0,2566.0,868.0,474.218385214705,0.2652630789671598,3.285453936247454,-0.3731822629971,-1.1492262516966043,271.6342023474829,100.00848770141602,38028.78832864761,2025.588134765625,0.0,402.1298118392239,1.4804093459659653,2.190464583170679,2.12256693832961,4.607486918699862,2,2,0.0214285714285714,0.0,3,6,0.5285714285714286,0.2285714285714285,12,BOD,DAPI,,2.41,16.0,False,8
260323,260323/12D-BOD-405-08,12D-BOD-405-08,3,156,0.4382051393326218,2.7014433375456277,746.9538888743239,813.8053387394057,724.6619779179989,1.1230137133419382,0.8914285714285715,0.4550594152500417,1690.2179487179487,1770.0,263674.0,2626.0,865.0,462.6293338937674,0.2737098693364826,3.316728584558063,-0.1500063836630379,-1.1480342450159609,247.8386523845868,49.78617286682129,38662.82977199554,1909.2003173828125,0.0,376.0288240127234,1.5172323622435449,2.031486375842966,2.036638537993245,4.571848611635188,1,3,0.0,0.0064102564102564,2,6,0.5769230769230769,0.2371794871794871,12,BOD,DAPI,,2.41,16.0,False,8
260323,260323/12D-BOD-405-08,12D-BOD-405-08,4,89,0.2500016500038675,1.9537924745562,564.191445374674,760.2453278350719,435.340296595432,1.7463242750109549,0.898989898989899,0.8198129998933757,1613.741573033708,1652.0,143623.0,2348.0,864.0,401.4853254447757,0.2487915860592316,3.367814240147716,-0.1396623019559392,-0.9080286364481028,234.19282456194415,46.16668701171875,20843.16138601303,1685.5234375,0.0,377.57284125749584,1.612230613656686,2.05013368518255,2.110068749207755,4.1776189294106905,1,2,0.0,0.0,1,2,0.5842696629213483,0.247191011235955,12,BOD,DAPI,,2.41,16.0,False,8
260323,260323/12D-BOD-405-08,12D-BOD-405-08,5,75,0.2106755477560681,1.7856988936460934,517.9193359122318,735.6609599060805,374.10695256271,1.9664455708899573,0.9146341463414634,0.8610432411280275,1577.5733333333333,1650.0,118318.0,2119.0,874.0,360.3884980816529,0.2284448465670817,3.2928500271919887,-0.4349803400441828,-0.9776454240107864,206.68852433522545,62.59709930419922,15501.639325141909,1131.1202392578125,0.0,295.1314214812819,1.4279042459203597,2.263559531718528,1.5222489523895326,1.3723655142439464,1,2,0.0,0.0,1,2,0.6,0.2666666666666666,12,BOD,DAPI,,2.41,16.0,False,8
260323,260323/12D-BOD-405-08,12D-BOD-405-08,6,159,0.4466321612428645,2.7472333316986037,754.1019358448476,974.9860976572317,620.36926584309,1.5716221794646976,0.9298245614035088,0.7714538805631121,1573.622641509434,1572.0,250206.0,2383.0,889.0,410.1569270420447,0.2606450340906497,3.348253203543551,-0.0414254374189636,-1.2062617844513988,239.9620827698857,91.21581268310548,38153.97116041184,1693.175048828125,0.0,362.0259612100164,1.5086798590475026,2.2100955681420005,2.0014871600124278,3.5794233810535188,1,3,0.0,0.0062893081761006,3,9,0.5660377358490566,0.2138364779874214,12,BOD,DAPI,,2.41,16.0,False,8
260323,260323/12D-BOD-405-10,12D-BOD-405-10,1,239,0.6713527455160039,3.3449773621976,924.550087370878,1239.8994489466654,694.198099327222,1.786088798209483,0.9157088122605364,0.8285719639251651,2033.2803347280333,2011.0,485954.0,3321.0,1052.0,601.2705043502202,0.2957145131837635,3.354113545866846,0.0951913951237939,-1.1570918403487072,368.9790823030671,205.2587738037109,88186.00067043304,3321.0,0.0,491.0405022695564,1.3308085087225408,2.1531441528780406,2.150797737473159,6.340589303552143,2,5,0.0,0.0292887029288702,3,15,0.4937238493723849,0.2468619246861924,12,BOD,DAPI,,2.41,16.0,False,10
260323,260323/4D-BOD-405-02,4D-BOD-405-02,1,288,0.8089941033833017,3.829511180149304,1014.9104807248696,1371.9489514738102,759.2353624278803,1.807014029334193,0.9171974522292994,0.8329162009774315,1414.6944444444443,1386.5,407432.0,2325.0,726.0,440.7834848613541,0.3115750447683785,3.3845515348162136,0.1880376612398044,-1.1468149736071895,163.97002004635416,74.73516082763672,47223.36577335,1172.9686279296875,0.0,232.10486975928868,1.4155323619139208,2.2909796679255168,1.9908375596376056,4.138551425561404,1,4,0.0,0.0555555555555555,5,18,0.5173611111111112,0.2256944444444444,4,BOD,DAPI,,1.44,17.1,False,2
260323,260323/4D-BOD-405-02,4D-BOD-405-02,2,187,0.5252843657384633,3.1019303650422776,817.8097741463719,884.6570593824202,786.8895582497602,1.1242455184563886,0.8697674418604651,0.4569635468229887,1063.470588235294,1026.0,198869.0,1661.0,717.0,233.2545864228323,0.2193333685042396,3.27108810640502,0.478030413412328,-0.8031050468560932,113.49938950117895,62.78922271728516,21224.385836720467,915.7054443359376,0.0,151.27472957579846,1.3328241697214336,2.21388260661294,1.824309667386387,4.155255967023255,1,3,0.0,0.0106951871657754,2,10,0.4866310160427807,0.2406417112299465,4,BOD,DAPI,,1.44,17.1,False,2
260323,260323/4D-BOD-405-02,4D-BOD-405-02,3,256,0.719105869674046,3.535024290452833,956.8667776238055,1326.9527833195268,694.6345351099408,1.910289103477281,0.920863309352518,0.8520373642860125,1726.59375,1613.5,442008.0,3238.0,716.0,702.7556844030394,0.4070185499067394,3.3446635067449715,0.3187677541327162,-1.1031262604398666,275.0642090756446,114.7562141418457,70416.43752336502,2677.51416015625,0.0,395.26395102062895,1.4369879394666305,2.025839887008992,2.324131152954833,7.088258171402092,1,4,0.10546875,0.16015625,3,12,0.55078125,0.2265625,4,BOD,DAPI,,1.44,17.1,False,2
260323,260323/4D-BOD-405-02,4D-BOD-405-02,4,215,0.6039365702340621,3.8276278806865793,876.901319267871,1249.3823500585313,726.1807402173125,1.7204840074451009,0.8206106870229007,0.8137380449688232,1283.8651162790698,1126.0,276031.0,2592.0,722.0,461.9031187025687,0.3597754256625244,3.1511334461976963,0.9971955276316036,0.1936968481412249,189.47350864465847,58.36756896972656,40736.80435860157,1622.8740234375,0.0,301.8746769543188,1.5932289379855165,2.0451997589884927,2.576293039224192,7.607975989921396,1,4,0.0,0.1209302325581395,2,16,0.5674418604651162,0.2232558139534883,4,BOD,DAPI,,1.44,17.1,False,2
260323,260323/4D-BOD-405-02,4D-BOD-405-02,5,91,0.255619664610696,1.7913487920342666,570.4954560680371,599.0907617441335,548.9261633397449,1.091386787066552,0.9479166666666666,0.4005716346649909,1505.4065934065934,1439.0,136992.0,2892.0,733.0,570.4325450046556,0.3789225764674117,3.155252070470773,0.5571723337853547,-0.7129748271013967,357.42535412442555,182.9164581298828,32525.707225322723,2892.0,0.0,510.5349551111505,1.428368047257848,2.1568480981443443,2.558578830437182,7.771216769330788,1,3,0.0109890109890109,0.1538461538461538,1,3,0.4835164835164835,0.1978021978021978,4,BOD,DAPI,,1.44,17.1,False,2
260323,260323/4D-BOD-405-02,4D-BOD-405-02,6,47,0.1320233432604693,1.3855349892532267,409.9967578742229,488.00006488044585,353.1934326644374,1.38167932851709,0.903846153846154,0.6900549940456285,1021.0851063829788,967.0,47991.0,1513.0,724.0,202.6606533729029,0.1984757706346281,2.9854953020958823,0.712074509863446,-0.240085063284881,178.2081571535227,140.44078063964844,8375.783386215568,951.7949829101562,0.0,189.94451270162853,1.065857566429999,2.3799700360726304,2.3183818728315044,6.254502817504388,1,0,0.0,0.0,1,1,0.2978723404255319,0.1702127659574468,4,BOD,DAPI,,1.44,17.1,False,2
260323,260323/4D-BOD-405-03,4D-BOD-405-03,1,188,0.5280933730418775,2.758210005371166,819.9935157484457,920.3353410093948,736.1327130372847,1.2502301890811098,0.9306930693069309,0.6001963416454636,2034.776595744681,1917.0,382538.0,3650.0,851.0,833.2331674393245,0.4094961428108919,3.3711636299216825,0.2864004773950723,-1.15832364077616,403.5835877098936,136.10248565673828,75873.71448945999,3607.0,0.0,603.6473945816072,1.4957183913423275,2.018118513068932,2.3009243923039264,6.557246411455672,1,4,0.1223404255319148,0.1489361702127659,2,8,0.5478723404255319,0.2234042553191489,4,BOD,DAPI,,1.44,17.1,False,3
260323,260323/4D-BOD-405-03,4D-BOD-405-03,2,126,0.3539349202301945,2.5882331249983346,671.3001837477544,989.3219806851604,487.25736777147785,2.030388960991862,0.8456375838926175,0.8703031245604653,1453.1666666666667,1417.5,183099.0,2189.0,858.0,393.1464205610933,0.2705446178881247,3.3296732742324644,0.1295840794336994,-1.241386331532117,231.05921225131505,121.20295333862305,29113.46074366569,2009.118408203125,0.0,314.9125835607145,1.362908583009428,2.149971922730265,2.291325759714909,7.754168623867388,2,2,0.0,0.0238095238095238,2,7,0.4841269841269841,0.246031746031746,4,BOD,DAPI,,1.44,17.1,False,3
260323,260323/4D-BOD-405-03,4D-BOD-405-03,3,115,0.3230358398926378,2.171442648544732,641.3283135165975,787.3096604252952,541.1818542978981,1.4547968564960678,0.92,0.7262968362641616,1504.608695652174,1544.0,173030.0,2262.0,851.0,400.5422135505858,0.2662102211080007,3.3377144844659137,-0.0322184023095431,-1.2480022888767603,215.23310603266177,106.38448333740234,24751.807193756104,1298.880859375,0.0,277.94459777558006,1.2913654544083093,2.353553159967685,1.5750655566680674,2.152526490467345,1,1,0.0,0.008695652173913,1,3,0.5043478260869565,0.2782608695652174,4,BOD,DAPI,,1.44,17.1,False,3
260323,260323/4D-BOD-405-03,4D-BOD-405-03,4,84,0.2359566134867963,2.003349067634625,548.1143048061958,790.8893756953532,386.80844145094295,2.044653867244151,0.9032258064516128,0.8722387431932378,1282.2857142857142,1225.0,107712.0,1927.0,858.0,293.40155350762626,0.2288113719422219,3.2259514969007466,0.5512753207527917,-0.8173935548915625,238.25649557794844,131.51026916503906,20013.54562854767,1132.97216796875,0.0,271.0439843684969,1.137614249345079,2.644020732240851,1.467793646023266,1.574250576188776,1,2,0.0,0.0119047619047619,1,3,0.4761904761904761,0.238095238095238,4,BOD,DAPI,,1.44,17.1,False,3
260323,260323/4D-BOD-405-04,4D-BOD-405-04,1,286,0.8033760887764733,3.719744443423676,1011.3803466178648,1129.2103731064913,948.7700897117304,1.1901833598586409,0.907936507936508,0.5422663073843222,1774.1783216783217,1804.5,507415.0,2932.0,882.0,534.2432782642255,0.3011215229813239,3.3441356851868567,0.02819221988378,-1.1413004576363222,212.359461157472,86.16342544555664,60734.80589103699,1782.262939453125,0.0,320.1415392712911,1.5075454492413451,2.1459892880444467,2.3129873500678624,5.939649887097936,1,4,0.0069930069930069,0.0314685314685314,3,23,0.5244755244755245,0.2167832167832167,4,BOD,DAPI,,1.44,17.1,False,4
260323,260323/4D-BOD-405-04,4D-BOD-405-04,2,292,0.8202301325969588,3.737931191843353,1021.9341664734642,1239.6867964238083,854.4405969887314,1.4508753455685317,0.915360501567398,0.7245339740517341,1641.2157534246576,1680.5,479235.0,2672.0,882.0,412.8175895298111,0.251531578750936,3.230568365829249,-0.1708834376543148,-1.0979965398779936,179.39828246097042,65.43655014038086,52384.29847860336,2672.0,0.0,291.79054454008843,1.6264957531216604,1.7084542791706547,3.49605720379366,20.17324767948981,2,3,0.0,0.0034246575342465,3,19,0.541095890410959,0.2123287671232876,4,BOD,DAPI,,1.44,17.1,False,4
260323,260323/4D-BOD-405-04,4D-BOD-405-04,3,245,0.6882067893364894,3.4089541047702525,936.0833825778768,1229.0578345247095,719.6748119892123,1.7077960963056922,0.904059040590406,0.8106362935216221,1688.069387755102,1616.0,413577.0,2963.0,842.0,554.9343552243186,0.3287390668000349,3.2940098323500906,0.1916258674453533,-1.17888098363213,238.9544213996858,108.17108917236328,58543.83324292302,2859.68603515625,0.0,372.0146270840614,1.5568434553542458,1.8772687747264636,2.898145329332154,12.20956667653279,2,6,0.0040816326530612,0.0489795918367346,2,16,0.5224489795918368,0.2204081632653061,4,BOD,DAPI,,1.44,17.1,False,4
260323,260323/4D-BOD-405-04,4D-BOD-405-04,4,98,0.2752827157345957,2.259256037925234,592.031113756174,798.8443363407173,460.97298953524415,1.7329525904459546,0.8990825688073395,0.8167089396934226,1162.5816326530612,1127.5,113933.0,1644.0,857.0,220.32290845270617,0.1895117747129032,3.1957550721075414,0.3761929995967831,-1.0402277560343067,149.9951241016388,112.49038314819336,14699.522161960602,779.8360595703125,0.0,166.7340401807797,1.1115964014123445,2.560761158039825,1.584254016658432,2.784793474423957,1,2,0.0,0.0,1,3,0.3979591836734694,0.2346938775510204,4,BOD,DAPI,,1.44,17.1,False,4
260323,260323/4D-BOD-405-04,4D-BOD-405-04,5,64,0.1797764674185115,1.716395375789051,478.4333888119028,628.7509330194779,372.88337716044646,1.6861865439202326,0.8533333333333334,0.8051625452054685,1222.125,1196.5,78216.0,1993.0,865.0,292.0406853586704,0.2389613872219866,3.0608504613417264,0.6021288016484404,-0.6223361761931363,224.5300818607211,153.27640533447266,14369.925239086151,1483.56201171875,0.0,262.59407674340065,1.169527372756632,2.382269963381739,2.4192018237117514,8.01356196203946,1,1,0.0,0.015625,1,1,0.34375,0.1875,4,BOD,DAPI,,1.44,17.1,False,4
260323,260323/4D-BOD-405-05,4D-BOD-405-05,1,380,1.067422775297412,4.456418632740541,1165.7979621099107,1685.7807462932112,855.8628792228477,1.9696855503582036,0.8962264150943396,0.8615367270466647,2199.05,2050.5,835639.0,4095.0,965.0,882.5530667893056,0.4013337881309227,3.3420739064348184,0.579880061161887,-0.6982595627522379,359.34016472509035,119.29076766967772,136549.26259553432,3929.331787109375,0.0,562.6515734079998,1.56579093750472,1.927050103869128,2.5353473583943598,8.323125119881423,2,6,0.0684210526315789,0.15,5,25,0.5526315789473685,0.2342105263157894,4,BOD,DAPI,,1.44,17.1,False,5
260323,260323/4D-BOD-405-05,4D-BOD-405-05,2,221,0.6207906140545475,3.0580236703520267,889.052956136289,1148.1610134300822,699.5172307875386,1.6413620178268469,0.9285714285714286,0.7929781182195857,1696.289592760181,1597.0,374880.0,3055.0,951.0,516.8960571881465,0.3047215872774765,3.244083374651741,0.4983960335778799,-0.7953928798373875,238.5921233272121,78.11317443847656,52728.85925531387,2111.580810546875,0.0,359.5045653214522,1.506774659230545,2.0825120525708947,2.409065022460474,6.878472386908445,1,5,0.0,0.0950226244343891,2,11,0.5429864253393665,0.2262443438914027,4,BOD,DAPI,,1.44,17.1,False,5
260323,260323/4D-BOD-405-05,4D-BOD-405-05,3,143,0.4016880443882366,2.6870231880513997,715.1539014522932,962.0588549769964,542.5681977059768,1.7731574741104632,0.8666666666666667,0.8257982118778873,1406.6853146853148,1392.0,201156.0,2136.0,943.0,297.379314367709,0.2114042929596054,3.2564307413984515,0.315604908203679,-0.7863612892934526,202.60146681412115,118.25425720214844,28972.009754419327,1192.0321044921875,0.0,259.5799569377541,1.2812343415850411,2.3903992336665616,1.8085802085883809,3.3055923333352464,1,3,0.0,0.0139860139860139,2,8,0.4615384615384615,0.2307692307692307,4,BOD,DAPI,,1.44,17.1,False,5
260323,260323/4D-BOD-405-05,4D-BOD-405-05,4,138,0.3876430078711654,2.5023030350805566,702.5399681595715,853.5279974022058,587.6535480361036,1.4524340068304455,0.9078947368421052,0.725236872643525,1303.2391304347825,1279.5,179847.0,1937.0,950.0,221.89833123874007,0.170266780713307,3.1731303122284507,0.5505273114547926,-0.2110574353008525,151.09295362234116,79.44729995727539,20850.82759988308,1266.1143798828125,0.0,198.2316810783244,1.311984949171138,2.126992745874253,2.414704771303667,9.014527539807853,2,4,0.0,0.0,2,9,0.5,0.2898550724637681,4,BOD,DAPI,,1.44,17.1,False,5
260323,260323/4D-BOD-405-08,4D-BOD-405-08,1,252,0.707869840460389,3.3979774310976896,949.3618242796252,1332.314437403266,689.3311558915434,1.9327639930624096,0.9333333333333332,0.8557474586237265,1734.2738095238096,1688.5,437037.0,3024.0,836.0,621.6825201060024,0.3584684936669265,3.349077362867697,0.2934596729396869,-1.1617059590421488,329.23494408480707,115.00829315185548,82967.20590937138,2697.548828125,0.0,479.8212067143329,1.4573823809866808,2.125692148582413,2.0408448572772766,4.599166866096648,2,5,0.0317460317460317,0.1071428571428571,3,16,0.5714285714285714,0.25,4,BOD,DAPI,,1.44,17.1,False,8
260323,260323/4D-BOD-405-08,4D-BOD-405-08,2,100,0.2809007303414242,1.8534422351441944,598.0417360148784,683.5667194402326,524.4150093068704,1.3034842773545252,0.970873786407767,0.6414383581857813,1593.42,1442.0,159342.0,2735.0,833.0,577.7974231702857,0.3626146421974656,3.260038572303804,0.4859059002798316,-0.9858033434771452,420.4953811264038,233.8072509765625,42049.53811264038,2694.0,0.0,533.7745833876953,1.269394641048956,2.4067973729192165,1.9427180410850249,3.818057751964777,1,3,0.0,0.13,1,1,0.48,0.2,4,BOD,DAPI,,1.44,17.1,False,8
260323,260323/4D-BOD-405-08,4D-BOD-405-08,3,97,0.2724737084311815,1.994255693424786,589.0028017549823,704.4047798175119,501.6537618213708,1.4041652498727537,0.9326923076923076,0.702010199229331,1341.7835051546392,1314.0,130153.0,2141.0,838.0,351.4885674647459,0.2619562441440485,3.235184737814017,0.4177283941479373,-0.944552802307657,258.5195944038863,101.16178894042967,25076.40065717697,1404.0767822265625,0.0,327.30735581513903,1.2660833565435097,2.452467605330325,1.5654234112643317,1.7584367789635946,1,2,0.0,0.0206185567010309,1,3,0.5154639175257731,0.2268041237113402,4,BOD,DAPI,,1.44,17.1,False,8
260323,260323/4D-BOD-405-09,4D-BOD-405-09,1,135,0.3792159859609227,2.4364429930451794,694.8617051767791,897.8103880103243,557.9539434656463,1.609112003821877,0.9183673469387756,0.7834452754954585,1954.2444444444443,1914.0,263823.0,3131.0,961.0,662.2827153299984,0.3388945109772452,3.3817244122779133,0.1207931443396991,-1.2649060678450053,400.1669712393372,153.844482421875,54022.54111731053,2986.0,0.0,573.5971742245753,1.4333945963808956,2.1718635919080604,1.8794169026725869,3.6226572860933697,1,2,0.0074074074074074,0.0814814814814814,2,6,0.5481481481481482,0.2444444444444444,4,BOD,DAPI,,1.44,17.1,False,9
260323,260323/4D-BOD-405-09,4D-BOD-405-09,2,66,0.1853944820253399,1.6778154563831895,485.85140309600337,675.0443209115396,361.9291637192089,1.865128286360618,0.9565217391304348,0.8441188207521665,2168.9848484848485,2270.5,143153.0,3119.0,966.0,668.988225547166,0.3084337938157982,3.249873785792013,-0.2848399058968135,-1.2506380772120873,363.54053913463247,144.45134735107422,23993.675582885742,1976.4854736328125,0.0,478.01261825435046,1.3148811942464682,2.2662121553097707,1.532038932489841,2.0069167255829896,0,0,0.0757575757575757,0.0,0,0,0.5151515151515151,0.2727272727272727,4,BOD,DAPI,,1.44,17.1,False,9
260323,260323/4D-BOD-405-09,4D-BOD-405-09,3,113,0.3174178252858093,2.213466043772258,635.7270855939122,697.5195364608254,607.1284565088127,1.1488829571122243,0.9112903225806452,0.492326357196937,1856.5929203539824,1776.0,209795.0,3169.0,950.0,604.5579648028582,0.3256276366106103,3.2561641431323887,0.3061258097103159,-1.0701417372818018,342.6824966996117,172.351318359375,38723.12212705612,2238.677001953125,0.0,477.2430257702107,1.392668228948244,2.275782520834703,1.9774351316930108,3.99805512781338,1,2,0.0,0.0707964601769911,1,4,0.495575221238938,0.247787610619469,4,BOD,DAPI,,1.44,17.1,False,9
260323,260323/4D-BOD-405-09,4D-BOD-405-09,4,50,0.1404503651707121,1.3616983424453768,422.87936696869576,508.9118002315477,364.1152335035506,1.3976668741232028,0.8928571428571429,0.6986351901332548,1375.04,1360.5,68752.0,1934.0,959.0,291.00529204810005,0.2116340557715412,3.0370021078742084,0.1952082477580262,-1.344443896057944,282.97064717292784,156.88430786132812,14148.532358646393,1156.173828125,0.0,315.6485614046948,1.1154816393793558,2.58212088927773,1.1541492570497176,0.5283674440751303,1,0,0.0,0.0,1,1,0.48,0.3,4,BOD,DAPI,,1.44,17.1,False,9
260323,260323/12S-BOD-488-01,12S-BOD-488-01,1,103,0.2893277522516669,2.122209178570091,606.9460730214508,757.8125678399475,492.09080311638513,1.5399852284187396,0.9035087719298246,0.7604838230178023,656.2718446601941,612.0,67596.0,1178.0,336.0,235.00559835529148,0.3580918490827123,3.2546016199404795,0.5491413211033019,-0.7708079382161834,191.13259553909305,90.4886245727539,19686.65734052658,1096.6097412109375,0.0,260.166398545672,1.3611827841916124,2.4505424314020643,2.153884308159438,4.190651509367084,1,4,0.0,0.1359223300970873,1,4,0.5048543689320388,0.203883495145631,12,BOD,SYBR,,2.41,16.0,False,1
260323,260323/12S-BOD-488-02,12S-BOD-488-02,1,139,0.3904520151745796,2.343302828380288,705.080808164432,768.7854570993721,651.3437149075504,1.180306863340949,0.9266666666666666,0.5312146059616443,988.2877697841726,949.0,137372.0,1849.0,446.0,365.6605942833555,0.3699940497727806,3.206255549709547,0.260454244034011,-1.0515973205143587,198.00489354648175,118.0232162475586,27522.680202960968,1849.0,0.0,272.59297651583034,1.3766981796934172,2.131225809957151,2.8103021426410937,11.095673470355988,1,4,0.0719424460431654,0.1007194244604316,1,7,0.4676258992805755,0.2302158273381295,12,BOD,SYBR,,2.41,16.0,False,2
260323,260323/12S-BOD-488-02,12S-BOD-488-02,2,149,0.4185420882087221,2.515163008215844,730.0029711195548,911.2551842683242,591.9738615728555,1.5393503724085866,0.9254658385093169,0.7602550685772921,891.6375838926175,885.0,132854.0,1435.0,441.0,279.29143489361394,0.3132342556426489,3.3817453966484234,0.1093108522967081,-1.1614012345339586,161.73782154287667,70.39743041992188,24098.935409888625,1021.6061401367188,0.0,214.03576309136443,1.3233501048153018,2.431750889081087,1.8861554365834183,3.258165328241746,3,3,0.0201342281879194,0.0536912751677852,3,7,0.5302013422818792,0.2281879194630872,12,BOD,SYBR,,2.41,16.0,False,2
260323,260323/12S-BOD-488-02,12S-BOD-488-02,3,64,0.1797764674185115,1.4604884054984415,478.4333888119028,588.2622155542796,387.738123566186,1.5171637241749447,0.9696969696969696,0.7520337115532844,800.625,786.0,51240.0,1341.0,441.0,244.5496995613684,0.3054484928166974,3.239446601381569,0.4267867833696238,-0.74334139514513,205.9068597694859,113.35471725463869,13178.039025247095,1222.654541015625,0.0,252.91973111517228,1.2283210544724814,2.452138386666016,1.8848779386715035,3.7979217462143167,1,0,0.0,0.0625,1,1,0.46875,0.21875,12,BOD,SYBR,,2.41,16.0,False,2
260323,260323/12S-BOD-488-03,12S-BOD-488-03,1,145,0.4073060589950651,2.495092960333442,720.1376126288294,888.8365286558779,590.0344394542548,1.5064146585714495,0.9119496855345912,0.7478854117421603,1342.0551724137931,1264.0,194598.0,2593.0,594.0,551.760789796709,0.4111312270451022,3.26401904869966,0.4674978723653923,-0.930906016348251,359.7526719849685,166.7120361328125,52164.13743782044,2577.0,0.0,482.7609970840252,1.341924701824581,2.271823074286448,2.0488099787968426,5.136035520005107,1,4,0.0827586206896551,0.1586206896551724,1,4,0.503448275862069,0.2551724137931034,12,BOD,SYBR,,2.41,16.0,False,3
260323,260323/12S-BOD-488-03,12S-BOD-488-03,2,139,0.3904520151745796,2.48411628666088,705.080808164432,948.9480002327656,538.3904680735118,1.7625646375730344,0.896774193548387,0.8234732623548121,1176.9568345323742,1139.0,163597.0,2138.0,606.0,407.1524279339568,0.3459365849179385,3.2661818346891085,0.4496078965807994,-0.8397413106092615,287.8917529823111,135.9054412841797,40016.953664541245,2007.107666015625,0.0,396.36293622973335,1.376777667730159,2.3057977717429945,2.263327956310974,5.6341736566273255,1,3,0.0,0.0935251798561151,2,6,0.5179856115107914,0.237410071942446,12,BOD,SYBR,,2.41,16.0,False,3
260323,260323/12S-BOD-488-03,12S-BOD-488-03,3,60,0.1685404382048545,1.5134884743985313,463.2411367845194,492.52059474962255,443.9052077270136,1.1095174964752963,0.8955223880597015,0.4332106895898815,832.8,818.0,49968.0,1230.0,596.0,164.44656027549095,0.1974622481694175,3.1211794260241668,0.5122097656971517,-0.367759715774488,166.77644851406416,138.4682846069336,10006.58691084385,754.5541381835938,0.0,167.14243386519783,1.002194466631197,2.681517828200516,1.4025795334317197,2.160265812275785,1,1,0.0,0.0,1,1,0.3833333333333333,0.2166666666666666,12,BOD,SYBR,,2.41,16.0,False,3
260323,260323/12S-BOD-488-04,12S-BOD-488-04,1,146,0.4101150662984794,2.409162870415664,722.6165790396086,878.1601154792434,597.0397592410475,1.4708570105876264,0.935897435897436,0.7333273326282383,1163.8287671232877,1092.0,169919.0,2327.0,496.0,490.65791664534,0.4215894386750136,3.2596406288178383,0.5691828825147549,-0.6799312686744647,284.74741088854125,132.37154388427734,41573.12198972702,2205.5888671875,0.0,419.0382138695897,1.4716137806556349,2.20806162162548,2.447525508106671,6.753993391256321,1,2,0.0958904109589041,0.1643835616438356,1,6,0.5273972602739726,0.2123287671232876,12,BOD,SYBR,,2.41,16.0,False,4
260323,260323/12S-BOD-488-04,12S-BOD-488-04,2,100,0.2809007303414242,1.9102089029697324,598.0417360148784,604.117222267253,598.5037219484248,1.0093792237424246,0.9433962264150944,0.1360066177188139,820.24,812.0,82024.0,1302.0,497.0,225.39478810533865,0.2747912660993595,3.2533057035481776,0.2472909584784898,-1.0830480626907393,115.00223936080933,71.57433319091797,11500.223936080933,698.3070068359375,0.0,129.40687099159243,1.125255227296834,2.5209522046089905,1.8779760560015344,4.711444956972889,1,3,0.0,0.03,1,2,0.45,0.26,12,BOD,SYBR,,2.41,16.0,False,4
260323,260323/12S-BOD-488-04,12S-BOD-488-04,3,98,0.2752827157345957,1.9904890944993372,592.031113756174,672.0786559815299,534.8634488432766,1.2565425015207192,0.9074074074074074,0.6055140694306035,1015.030612244898,991.0,99473.0,1781.0,496.0,344.33133929135465,0.3392324676098314,3.2703803257535804,0.2348627910408004,-0.937365331010264,209.5720746450278,76.0669174194336,20538.063315212727,1760.0,0.0,316.8344821752035,1.5118163176647283,2.0948071553456487,2.642923753569046,8.700980593427692,1,4,0.0408163265306122,0.0714285714285714,1,4,0.5510204081632653,0.2551020408163265,12,BOD,SYBR,,2.41,16.0,False,4
260323,260323/12S-BOD-488-04,12S-BOD-488-04,4,79,0.2219115769697251,1.6596287079635128,531.5511219369166,573.1618161923282,499.55842642473175,1.1473368996983302,0.9518072289156626,0.4902469447946929,1057.2784810126582,1045.0,83525.0,1747.0,500.0,367.94449611769454,0.3480109571182025,3.2456079471910035,0.2337846558992315,-1.1577045888446216,249.5939968205705,125.79688262939452,19717.925748825077,1310.0499267578125,0.0,321.4536838316309,1.287906311555719,2.5414196767513872,1.7471917879960892,2.5277125402721943,1,1,0.0253164556962025,0.0886075949367088,1,1,0.4936708860759494,0.2278481012658227,12,BOD,SYBR,,2.41,16.0,False,4
260323,260323/12S-BOD-488-04,12S-BOD-488-04,5,115,0.3230358398926378,2.356162801515575,641.3283135165975,905.0221954902842,460.3926176291761,1.9657617451616824,0.9126984126984128,0.8609387384012277,916.9739130434782,891.0,105452.0,1549.0,501.0,285.5278110665378,0.3113805169427972,3.32058881013253,0.2980721575436126,-1.0430305667559,189.6799570415331,109.5305404663086,21813.195059776303,1285.4671630859375,0.0,243.03125891931785,1.2812701073424573,2.364887656848633,2.0947232525895405,5.190281979080359,1,2,0.0,0.0608695652173913,1,6,0.4608695652173913,0.2434782608695652,12,BOD,SYBR,,2.41,16.0,False,4
260323,260323/12S-BOD-488-04,12S-BOD-488-04,6,60,0.1685404382048545,1.4476284323631543,463.2411367845194,591.237469511783,363.097347919238,1.6283166839414347,0.9523809523809524,0.7892039843060183,765.35,721.5,45921.0,1170.0,497.0,182.30369753681143,0.2381965081816311,3.0628928926656465,0.4371352185090377,-0.673932779789804,160.84233098427455,100.8144073486328,9650.539859056473,733.5276489257812,0.0,176.99256851284775,1.100410367281684,2.748344137204949,1.5251192473840411,1.9502806106230004,1,0,0.0,0.0166666666666666,1,1,0.45,0.2166666666666666,12,BOD,SYBR,,2.41,16.0,False,4
260323,260323/12S-BOD-488-05,12S-BOD-488-05,1,246,0.6910157966399035,3.564510835648856,937.9918114347248,1511.5587168295317,585.7314094796167,2.580634557693348,0.935361216730038,0.9218690341042034,1637.9552845528456,1573.5,402937.0,2982.0,709.0,618.1537372614736,0.3773935363749729,3.367637856340048,0.2390842443873805,-1.183779079141742,334.58968036543064,143.4621124267578,82309.06136989594,2604.586181640625,0.0,459.4737487461152,1.3732454277857262,2.272199473185605,2.067933737573939,4.931910122464829,1,4,0.0975609756097561,0.1260162601626016,2,16,0.532520325203252,0.2357723577235772,12,BOD,SYBR,,2.41,16.0,False,5
260323,260323/12S-BOD-488-05,12S-BOD-488-05,2,108,0.3033727887687381,2.003349067634625,621.5032030946782,725.4676071389857,533.5496881132103,1.3597001803233246,0.9391304347826088,0.6775722099767837,1518.9074074074074,1361.0,164042.0,2899.0,709.0,629.7174049032434,0.4145857751645937,3.199104849245461,0.5402117899380142,-0.7939598845505476,437.2984052675742,189.48458862304688,47228.22776889801,2899.0,0.0,619.1136903938576,1.4157693760969337,2.3226642289675485,2.1647488924273555,4.59507994494909,1,2,0.074074074074074,0.1574074074074074,1,4,0.5277777777777778,0.2037037037037037,12,BOD,SYBR,,2.41,16.0,False,5
260323,260323/12S-BOD-488-05,12S-BOD-488-05,3,134,0.3764069786575084,2.334209454170449,692.2833597169762,906.415484995646,530.1118841106852,1.709856941834547,0.9370629370629372,0.8111456119329582,1242.8358208955224,1200.0,166540.0,1994.0,706.0,362.4614512877498,0.2916406537321873,3.2644615496205334,0.3228888616008746,-1.042656385662072,203.0826746163084,115.5162582397461,27213.07839858532,1301.8697509765625,0.0,251.94268190995467,1.2405917067320456,2.4116097053117955,1.8767522414846851,3.992941498306533,1,3,0.0,0.0373134328358208,1,5,0.4552238805970149,0.2388059701492537,12,BOD,SYBR,,2.41,16.0,False,5
260323,260323/12S-BOD-488-05,12S-BOD-488-05,4,96,0.2696647011277672,2.135069151705378,585.9588392498761,811.5133658822315,429.09656754023416,1.891213836862352,0.9056603773584906,0.8487708004830675,1113.0625,1066.0,106854.0,1651.0,705.0,282.9440641205477,0.2542032133151083,3.2252382218878592,0.2561915037367076,-1.1549868492124893,192.78160421488187,101.4302749633789,18507.03400462866,1367.2489013671875,0.0,231.43339945406356,1.2004952464037952,2.370921161816986,2.2488008946056346,7.116575173437452,2,2,0.0,0.0,2,2,0.4895833333333333,0.25,12,BOD,SYBR,,2.41,16.0,False,5
260323,260323/12S-BOD-488-05,12S-BOD-488-05,5,58,0.162922423598026,1.6304652858712732,455.4550169326275,746.5062537425391,278.5871942772821,2.679614386724215,0.90625,0.927755731970225,921.448275862069,922.0,53444.0,1223.0,711.0,117.24336249701632,0.1272381375800267,3.0007520185567333,0.2792344451286828,0.1232720806610028,175.9126740231596,150.29315185546875,10202.935093343258,692.5934448242188,0.0,161.40522819405032,0.9175304115540912,2.770790061704078,1.2161852189083355,1.394951295721027,1,1,0.0,0.0,1,2,0.3275862068965517,0.2068965517241379,12,BOD,SYBR,,2.41,16.0,False,5
260323,260323/12S-BOD-488-06,12S-BOD-488-06,1,108,0.3033727887687381,2.0654425107445524,621.5032030946782,698.6777945920945,579.1813630907899,1.2063195384319936,0.9310344827586208,0.5592963978089805,808.2685185185185,761.5,87293.0,1462.0,366.0,315.003919467723,0.3897268200487334,3.27786522295696,0.2966062466794842,-1.1384995135698648,131.81850913201492,44.73691177368164,14236.398986257613,1042.86962890625,0.0,194.76582398230784,1.4775301682956512,2.142146673237081,2.073184788316885,4.880151515060593,1,2,0.0925925925925925,0.1481481481481481,1,4,0.5462962962962963,0.2314814814814814,12,BOD,SYBR,,2.41,16.0,False,6
260323,260323/12S-BOD-488-06,12S-BOD-488-06,2,136,0.3820249932643369,2.5023030350805566,697.4305187625058,728.2678259594028,697.1078260603963,1.044698967267521,0.912751677852349,0.2893825025456811,819.6838235294117,780.0,111477.0,1577.0,363.0,306.602933044024,0.3740502425970134,3.1947830685348264,0.2802531219341647,-1.089881005761418,130.4816143968526,46.10809135437012,17745.499557971954,1577.0,0.0,224.11235967941928,1.7175780719404188,1.8048363386295243,3.574541637258732,16.93709735558586,1,2,0.0735294117647058,0.1176470588235294,2,4,0.5514705882352942,0.2352941176470588,12,BOD,SYBR,,2.41,16.0,False,6
260323,260323/12S-BOD-488-06,12S-BOD-488-06,3,133,0.3735979713540942,2.438326292507904,689.6953754817175,910.8538279746224,528.33986685498,1.7239922351432846,0.9172413793103448,0.8145815728085088,649.1654135338346,605.0,86339.0,1157.0,362.0,209.0980334259336,0.3221028555536799,3.241421593298278,0.3780015916783056,-0.997817869123697,97.63320473477916,42.052711486816406,12985.21622972563,811.8062133789062,0.0,138.24202226187572,1.4159324446781243,2.1391972851952588,2.2124509208392515,5.960877315748544,1,3,0.0,0.0902255639097744,2,5,0.518796992481203,0.225563909774436,12,BOD,SYBR,,2.41,16.0,False,6
260323,260323/12S-BOD-488-06,12S-BOD-488-06,4,105,0.2949457668584954,2.098372531762241,612.8104224933467,740.2024327428915,523.4664931652525,1.4140397569042071,0.9130434782608696,0.707019857086329,679.7428571428571,679.0,71373.0,1022.0,370.0,181.66632708238583,0.2672574270893827,3.248797847309816,0.1293410293204676,-1.2169845701203326,94.90581828526088,45.32022476196289,9965.110919952393,565.5369873046875,0.0,124.83055697273676,1.3153098432546075,2.414793384971067,1.639416072614218,2.1301784317386385,1,1,0.0,0.019047619047619,1,3,0.5047619047619047,0.238095238095238,12,BOD,SYBR,,2.41,16.0,False,6
260323,260323/12S-BOD-488-06,12S-BOD-488-06,5,112,0.3146088179823951,2.2263260169075454,632.9078828530835,737.4286534106404,570.6868496010804,1.2921774067969418,0.8682170542635659,0.6333230368084108,757.4821428571429,771.0,84838.0,1231.0,364.0,248.3303881127553,0.3278366235487469,3.266258193944525,0.102172381418421,-1.1031796646598313,118.28623887896538,52.387115478515625,13248.058754444122,863.7413330078125,0.0,169.91505436229733,1.4364735574707077,2.201975612523599,2.1133727219933385,4.486679759400228,1,3,0.0267857142857142,0.0625,1,6,0.5178571428571429,0.2232142857142857,12,BOD,SYBR,,2.41,16.0,False,6
260323,260323/12S-BOD-488-06,12S-BOD-488-06,6,48,0.1348323505638836,1.3287683214276882,414.3354687297855,554.3127381693482,315.89532500679854,1.7547354908067052,0.9230769230769232,0.8217234454607766,695.8333333333334,637.5,33400.0,1279.0,367.0,241.6020407597808,0.3472125136667508,2.977701038817443,0.5772745308655178,-0.7329494979939657,144.7793980066975,69.03154563903809,6949.41110432148,1177.9189453125,0.0,224.8830552912909,1.5532807732830038,2.0182905834032563,2.8362997758487785,9.782559676097732,0,0,0.0,0.1041666666666666,0,0,0.5,0.2083333333333333,12,BOD,SYBR,,2.41,16.0,False,6
260323,260323/12S-BOD-488-06,12S-BOD-488-06,7,130,0.3651709494438515,2.43111621776079,681.8724905877906,883.7912800026667,533.5855183731803,1.656325461562768,0.9219858156028368,0.79717668948275,628.1461538461539,622.5,81659.0,1037.0,364.0,178.31007360615808,0.28386717408737,3.2408806879852694,0.2560113574771272,-0.925206471949286,91.7886962872285,45.09458923339844,11932.530517339706,675.1276245117188,0.0,132.29073146418855,1.441252973571164,2.2015767115898663,2.33443425537357,6.160886288273627,1,2,0.0,0.0384615384615384,2,9,0.5076923076923077,0.2153846153846154,12,BOD,SYBR,,2.41,16.0,False,6
260323,260323/12S-BOD-488-06,12S-BOD-488-06,8,87,0.244383635397039,1.873512283026596,557.8161961378049,716.1185320711797,438.5498895016979,1.6329237544327488,0.90625,0.7905492524651302,674.0689655172414,640.0,58644.0,1193.0,362.0,223.02068905505564,0.3308573758234404,3.213203540254616,0.6239101983669987,-0.4833616734808519,141.99291474791778,67.80523681640625,12353.383583068848,889.1968383789062,0.0,195.2591896193901,1.3751333294765922,2.311659961354624,2.0257971331678832,3.78360592842839,1,2,0.0,0.1034482758620689,1,4,0.5287356321839081,0.2183908045977011,12,BOD,SYBR,,2.41,16.0,False,6
260323,260323/12S-BOD-488-06,12S-BOD-488-06,9,65,0.1825854747219257,1.562721944373172,482.156661999187,532.5956989940307,448.5366485380577,1.1874073182870375,0.9027777777777778,0.5392105516658598,584.5846153846154,577.0,37998.0,910.0,362.0,164.37817414308807,0.2811879919811759,3.2071459735342014,0.2704307508068397,-1.3226330875258543,70.5366844525704,33.39030075073242,4584.884489417076,415.0032653808594,0.0,97.09610243946094,1.3765334051779732,2.345188735063481,1.9033813614696435,3.1479794468129736,1,1,0.0,0.0153846153846153,1,1,0.5076923076923077,0.2153846153846154,12,BOD,SYBR,,2.41,16.0,False,6
260323,260323/12S-BOD-488-06,12S-BOD-488-06,10,70,0.1966305112389969,1.5975352648535848,500.35761472269286,593.0254655009728,424.6860556575225,1.3963855360939927,0.9210526315789472,0.6979621995143079,631.5714285714286,600.0,44210.0,1060.0,365.0,190.12570757025213,0.301035954080924,3.2100813364427263,0.5096700744598884,-0.8490550994622343,130.1702707563128,69.35484313964844,9111.918952941896,630.3191528320312,0.0,161.368703593904,1.239674025845707,2.594515939040324,1.6367371636166317,1.9510287373203277,1,1,0.0,0.0857142857142857,1,1,0.4857142857142857,0.2142857142857142,12,BOD,SYBR,,2.41,16.0,False,6
260323,260323/12S-BOD-488-08,12S-BOD-488-08,1,208,0.5842735191101623,3.1329770865972417,862.5080576276574,1237.4028107219126,607.2372873679334,2.037758280762745,0.9203539823008848,0.8713086866309778,941.6875,915.0,195871.0,1644.0,455.0,316.6076275055388,0.3362130510445756,3.28012013159524,0.2034561072976446,-1.129320252028117,153.38192197909723,70.9654769897461,31903.43977165222,1160.5181884765625,0.0,228.92344299848804,1.4925060270772037,2.221222221908743,2.3063699431314144,5.505351068776527,1,4,0.0336538461538461,0.0769230769230769,3,12,0.5192307692307693,0.2019230769230769,12,BOD,SYBR,,2.41,16.0,False,8
260323,260323/12S-BOD-488-08,12S-BOD-488-08,2,177,0.4971942927043208,2.716186610143639,795.6427809562347,1018.4307953339352,636.7893732249538,1.5993212797760707,0.9414893617021276,0.780412315796842,923.4858757062146,914.0,163457.0,1478.0,455.0,285.0959389427418,0.3087171622681519,3.338092304822058,0.0269377286959888,-1.2620064661619417,138.30754516151666,44.436649322509766,24480.435493588448,1155.556396484375,0.0,218.4112043712576,1.5791705659745117,2.083614314755832,2.2496071406088984,5.074290751234596,1,3,0.0056497175141242,0.0338983050847457,2,9,0.5706214689265536,0.192090395480226,12,BOD,SYBR,,2.41,16.0,False,8
260323,260323/12S-BOD-488-08,12S-BOD-488-08,3,133,0.3735979713540942,2.3652561757254134,689.6953754817175,749.4083988915124,641.9745811286896,1.1673490211620807,0.93006993006993,0.5159115986713084,1028.451127819549,948.0,136784.0,2056.0,456.0,447.1716751574414,0.4348010936654851,3.2200375470084603,0.5789357054060701,-0.8538155451202338,261.2773086540681,121.0735092163086,34749.88205099106,1821.6552734375,0.0,377.95838907322536,1.446579463866276,2.30169089662853,2.090617960951102,4.030444514849097,1,4,0.0676691729323308,0.1804511278195488,1,4,0.518796992481203,0.2105263157894736,12,BOD,SYBR,,2.41,16.0,False,8
260323,260323/12S-BOD-488-08,12S-BOD-488-08,4,108,0.3033727887687381,2.0855125586269536,621.5032030946782,730.9493845141353,542.4452491358112,1.347508132255996,0.9152542372881356,0.6702775043622982,832.0555555555555,845.5,89862.0,1225.0,460.0,227.68648855751437,0.2736433727739372,3.266579599009748,0.031143608074078,-1.277955107485952,108.97497052616544,51.18907928466797,11769.296816825869,555.844970703125,0.0,136.32516215517956,1.2509768206126488,2.5677196063437897,1.4797373502187272,1.5065817489483582,1,3,0.0,0.0,1,5,0.5092592592592593,0.25,12,BOD,SYBR,,2.41,16.0,False,8
260323,260323/12S-BOD-488-08,12S-BOD-488-08,5,180,0.5056213146145636,3.0087902003773856,802.3571850667515,1094.4596826907766,594.8011774178918,1.8400428987749595,0.9183673469387756,0.8394314458336782,889.6722222222222,877.5,160141.0,1576.0,456.0,297.97521231982586,0.3349269594767652,3.31936795418324,0.2852606254091014,-1.053817240836238,146.59854279085994,82.58852005004883,26387.73770235479,1273.2523193359375,0.0,202.64137226966827,1.3822877663849635,2.1568756286543853,2.2544540730965745,6.417852397941541,1,3,0.0,0.0777777777777777,1,10,0.4777777777777778,0.1944444444444444,12,BOD,SYBR,,2.41,16.0,False,8
260323,260323/12S-BOD-488-08,12S-BOD-488-08,6,127,0.3567439275336087,2.215349343234983,673.9588087412508,815.3636298693636,558.1140666115359,1.4609264998813964,0.9338235294117648,0.7290155523469586,870.0472440944882,829.0,110496.0,1520.0,457.0,291.65632249051947,0.3352189487067041,3.29260646261531,0.3865875135487727,-1.0105961915867838,158.82088585162725,77.17809295654297,20170.252503156666,999.4916381835938,0.0,202.54213970458704,1.2752865507487774,2.396402075078038,1.836892253264473,3.721053281594017,1,3,0.0,0.1102362204724409,1,5,0.5196850393700787,0.2283464566929134,12,BOD,SYBR,,2.41,16.0,False,8
260323,260323/12S-BOD-488-08,12S-BOD-488-08,7,73,0.2050575331492397,1.6505353337536746,510.9670832367321,652.7258108117247,403.3829323152442,1.6181294708364578,0.9125,0.7861800463544921,786.3013698630137,771.0,57400.0,1290.0,454.0,227.67286990887132,0.2895491202673799,3.217810505449955,0.3473995226938179,-0.9914084268999436,189.136225948595,124.93402862548828,13806.944494247437,1290.0,0.0,224.67654212277083,1.187908561651406,2.306574866370493,2.3303460421301496,7.6519089036350785,1,2,0.0,0.0410958904109589,1,2,0.4246575342465753,0.2054794520547945,12,BOD,SYBR,,2.41,16.0,False,8
260323,260323/12S-BOD-488-08,12S-BOD-488-08,8,73,0.2050575331492397,1.747442097344015,510.9670832367321,634.7888407516059,421.6230373580281,1.5055838616630537,0.8690476190476191,0.7475601147406747,693.7671232876712,692.0,50645.0,1042.0,459.0,159.5495848168233,0.2299757072095587,3.192600628246633,0.4572417264653914,-0.6908232705759021,119.28363067809848,70.1302719116211,8707.70503950119,592.0059204101562,0.0,132.5152311425325,1.110925534285095,2.550240062683608,1.516533397731573,2.0362882681337293,1,1,0.0,0.0136986301369863,1,2,0.410958904109589,0.2328767123287671,12,BOD,SYBR,,2.41,16.0,False,8
260323,260323/12S-BOD-488-08,12S-BOD-488-08,9,57,0.1601134162946118,1.4695817797082802,451.511609229423,589.9593773051902,349.64208915467646,1.687323682144574,0.9047619047619048,0.805456780211673,743.7894736842105,724.0,42396.0,1067.0,457.0,177.2852560989638,0.2383540805179954,3.1450186404358185,-0.043066544345178,-1.28350868257066,182.0425871966178,125.6657257080078,10376.427470207214,699.6417846679688,0.0,185.5743315613918,1.0194006491511762,2.818066765281803,1.152269717499094,0.8205661742328161,1,1,0.0,0.0,1,1,0.4385964912280701,0.2456140350877192,12,BOD,SYBR,,2.41,16.0,False,8
260323,260323/12S-BOD-488-09,12S-BOD-488-09,1,189,0.5309023803452918,2.6832565891259508,822.1714572092936,945.3965507310608,716.1433835982601,1.3201218811530715,0.9356435643564356,0.6528284169230015,1245.2010582010582,1149.0,235343.0,2453.0,527.0,536.6545719299728,0.4309782491714852,3.322264353598748,0.4237594469826016,-1.0451745229780374,201.78350091800488,84.4030532836914,38137.08167350292,1704.971923828125,0.0,298.2760350797841,1.478198334961931,2.146974443255176,2.590446704392265,8.24650401449948,1,4,0.1216931216931216,0.1746031746031746,2,7,0.5291005291005291,0.2486772486772486,12,BOD,SYBR,,2.41,16.0,False,9
260323,260323/12S-BOD-488-09,12S-BOD-488-09,2,217,0.6095545848408905,3.270023945952385,880.9704887758992,1350.3243218305522,587.254956175676,2.29938344092341,0.9194915254237288,0.9004791463481989,1055.516129032258,996.0,229047.0,1914.0,527.0,365.7415361514573,0.3465049240761338,3.2571067689316413,0.3667493199967449,-0.991551430731354,164.39158154824912,64.09159851074219,35672.97319597006,1475.024169921875,0.0,258.6217638655628,1.5732056436822892,2.042589245524803,2.305800908021613,5.748159806051788,2,5,0.0046082949308755,0.0921658986175115,4,15,0.5576036866359447,0.216589861751152,12,BOD,SYBR,,2.41,16.0,False,9
260323,260323/12S-BOD-488-09,12S-BOD-488-09,3,94,0.2640466865209387,1.8663022082794816,579.822975514724,655.8252975779496,516.1787676598323,1.2705390819371054,0.9494949494949496,0.6168669012241483,1127.2978723404256,1030.0,105966.0,2252.0,530.0,467.3042763147916,0.4145348694259518,3.2028614659299213,0.6076589827858218,-0.6385019807896315,287.2294020957135,111.65119171142578,26999.56379699707,2252.0,0.0,420.4353963999037,1.4637616947717698,2.1505189668423306,2.316911641100671,5.927650685738207,1,3,0.0744680851063829,0.1382978723404255,1,3,0.5638297872340425,0.202127659574468,12,BOD,SYBR,,2.41,16.0,False,9
260323,260323/12S-BOD-488-09,12S-BOD-488-09,4,109,0.3061817960721524,2.039722564473978,624.3739029116301,807.9041312476137,487.43587629230063,1.6574572585689975,0.9646017699115044,0.7974887558420168,819.2752293577981,790.0,89301.0,1289.0,527.0,188.5912133945345,0.2301927443142211,3.210155097437418,0.4863609412878596,-0.545130363523187,92.76820095594324,49.14582824707031,10111.733904197812,628.676025390625,0.0,128.8740921785327,1.3892054696601974,2.3012497244463392,2.185864414791156,5.139921840088759,1,2,0.0,0.018348623853211,1,3,0.4954128440366973,0.2293577981651376,12,BOD,SYBR,,2.41,16.0,False,9
260323,260323/12S-BOD-488-09,12S-BOD-488-09,5,74,0.2078665404526539,1.7784888188989791,514.4549536466826,597.0956801625788,459.8907187749233,1.2983425317935269,0.9135802469135802,0.6377870227154518,715.5675675675676,723.0,52952.0,964.0,527.0,111.01919876927631,0.1551484497077815,3.189468330303105,0.1456070124729285,-0.9115542081281074,75.10156055398889,43.0145378112793,5557.515480995178,412.2727661132813,0.0,86.27322062491776,1.148754033718085,2.537928926195254,1.649587462182294,2.861049959353454,1,1,0.0,0.0,1,1,0.4459459459459459,0.2567567567567567,12,BOD,SYBR,,2.41,16.0,False,9
260323,260323/12S-BOD-488-09,12S-BOD-488-09,6,67,0.1882034893287542,1.491535127053406,489.5182581584797,517.3958790536657,463.5758842847452,1.116097486071692,0.943661971830986,0.4440962578234493,836.1940298507462,804.0,56025.0,1310.0,528.0,214.2986615157772,0.2562786313530936,3.133668624226078,0.3349900318015149,-1.1536203470192063,137.50115793142746,86.05188751220703,9212.57758140564,662.4077758789062,0.0,148.6193364025218,1.0808587988519998,2.674991901113545,1.4827024957734545,1.9354990783926924,1,0,0.0,0.0149253731343283,1,1,0.4626865671641791,0.2388059701492537,12,BOD,SYBR,,2.41,16.0,False,9
260323,260323/12S-BOD-488-10,12S-BOD-488-10,1,274,0.7696680011355024,3.825744581223855,989.9352177607328,1373.4409100066246,829.9116486197123,1.6549242468049414,0.8404907975460123,0.7967892802233092,1299.9233576642337,1180.5,356179.0,2555.0,595.0,526.3923082989567,0.4049410337889491,3.284830892373424,0.5697855501831895,-0.7721130770016238,327.8241889990159,126.30499649047852,89823.82778573036,2516.69873046875,0.0,473.3747983645294,1.443989840438377,2.2570242524182045,2.0899733466340336,4.501209085991794,1,4,0.072992700729927,0.1605839416058394,3,16,0.5328467153284672,0.22992700729927,12,BOD,SYBR,,2.41,16.0,False,10
260323,260323/12S-BOD-488-10,12S-BOD-488-10,2,104,0.2921367595550811,2.065442510744553,609.885296376554,802.5266691368078,465.3986229737085,1.7243855686744145,0.9203539823008848,0.8146757719087213,1119.6442307692307,1071.5,116443.0,1897.0,597.0,387.4003954233395,0.3460031184702155,3.2505473391329835,0.4200933185337472,-0.9678427142277002,340.2933947443962,182.8127670288086,35390.513053417206,1881.0,0.0,414.8174194625405,1.2189993278421445,2.548185644819829,1.5873428991562109,1.975215934156175,1,2,0.0,0.1346153846153846,1,3,0.4711538461538461,0.2115384615384615,12,BOD,SYBR,,2.41,16.0,False,10
260323,260323/12S-BOD-488-10,12S-BOD-488-10,3,33,0.0926972410126699,1.0948146984822045,343.5488217781828,398.4747565595304,307.74069975361624,1.294839314002203,0.868421052631579,0.6352621201759932,807.7575757575758,812.0,26656.0,1076.0,596.0,120.74172598542476,0.1494776769777542,2.886967583599306,-0.0133129936684154,-0.4638515474431166,229.5241698062781,193.57162475585935,7574.297603607178,925.7279663085938,0.0,195.7334691555837,0.8527793361404411,2.608761147718255,1.4508527578704988,3.494012903411617,0,0,0.0,0.0,0,0,0.3333333333333333,0.2727272727272727,12,BOD,SYBR,,2.41,16.0,False,10
260323,260323/12S-BOD-488-10,12S-BOD-488-10,4,38,0.1067422775297412,1.253814905182473,368.6576851849993,558.1940959303397,267.1667767009283,2.0893095422384533,0.8444444444444444,0.8780183231305726,705.9736842105264,699.5,26827.0,890.0,598.0,78.79583156834015,0.1116129869011415,3.035285949414371,0.6214469854539487,-0.4386758891983486,156.2783320577521,121.53393173217772,5938.57661819458,496.9225463867188,0.0,136.00910404142738,0.8703004584868854,2.852878796635438,0.8614248159665172,0.0443326966669088,0,0,0.0,0.0,0,0,0.3421052631578947,0.2894736842105263,12,BOD,SYBR,,2.41,16.0,False,10
260323,260323/12S-BOD-488-11,12S-BOD-488-11,1,124,0.348316905623366,2.096489232299517,665.9510930537281,761.2479149127944,583.5911707727274,1.30441986280367,0.9612403100775194,0.6420958967336067,1112.733870967742,1025.0,137979.0,2147.0,510.0,424.929570613345,0.3818788855989301,3.1317514676653264,0.4820942101052053,-0.848185363597389,204.7214640302043,97.26834106445312,25385.46153974533,2147.0,0.0,324.12076863435294,1.5832280712223348,1.8664931036943408,3.1319668242732623,12.423100903444752,1,4,0.0564516129032258,0.1290322580645161,1,2,0.5161290322580645,0.2096774193548387,12,BOD,SYBR,,2.41,16.0,False,11
260323,260323/12S-BOD-488-11,12S-BOD-488-11,2,126,0.3539349202301945,2.3084895078998744,671.3001837477544,845.6919301320548,538.3806053230926,1.570806826565639,0.9264705882352942,0.7711813557885112,1025.468253968254,965.5,129209.0,1782.0,512.0,358.6788354281961,0.349770784263888,3.3106456762936327,0.3916300223714122,-0.9156395406980616,174.7333809969917,92.5084342956543,22016.40600562096,1101.0633544921875,0.0,224.88030807719184,1.2869911106513956,2.4436357248594875,1.7777722154798583,2.9414927118258305,1,2,0.0158730158730158,0.0873015873015873,2,2,0.492063492063492,0.2222222222222222,12,BOD,SYBR,,2.41,16.0,False,11
260323,260323/12S-BOD-488-11,12S-BOD-488-11,3,57,0.1601134162946118,1.3855349892532267,451.511609229423,507.7262604536301,403.58657676789664,1.2580355484558754,0.95,0.6067534364191876,824.140350877193,794.0,46976.0,1289.0,503.0,232.75350531321533,0.2824197420566517,3.0436934366336503,0.3644960531402157,-1.1785107771182002,154.36986589902327,83.00849914550781,8799.082356244326,579.4304809570312,0.0,157.1823822298992,1.0182193351953526,2.857600030010853,1.2713532374344665,0.7478622631302656,1,0,0.0,0.0175438596491228,1,1,0.4736842105263157,0.2456140350877192,12,BOD,SYBR,,2.41,16.0,False,11
260323,260323/12S-BOD-488-11,12S-BOD-488-11,4,43,0.1207873140468124,1.2666748783177602,392.1621918884412,495.0780368634256,317.01467970736184,1.561688049652575,0.8958333333333334,0.7680976318984961,702.3255813953489,654.0,30200.0,1142.0,503.0,160.01394595921835,0.2278344263657744,2.9329040975272545,1.0839741622515875,0.8635749022880432,133.13519140731458,67.80509185791016,5724.813230514526,825.1947021484375,0.0,179.31045232362186,1.346829868408259,2.2371574625682986,2.658876779371272,7.602637862934333,1,1,0.0,0.0465116279069767,1,1,0.4883720930232558,0.2093023255813953,12,BOD,SYBR,,2.41,16.0,False,11
260323,260323/12S-BOD-488-12,12S-BOD-488-12,1,153,0.429778117422379,2.515163008215844,739.7367738351292,827.6752445737035,664.3043127072616,1.245927850747575,0.9272727272727272,0.5964978238379852,1029.1176470588234,962.0,157455.0,1866.0,499.0,391.8458501485472,0.3807590427279396,3.29822729677713,0.4311593535042446,-0.988855635470586,168.8705034592962,81.6075439453125,25837.18702927232,1275.5858154296875,0.0,244.5884072663628,1.4483785045700257,2.250602355280811,2.4244494952677225,6.562234399897616,1,4,0.0326797385620915,0.1437908496732026,2,6,0.5032679738562091,0.2156862745098039,12,BOD,SYBR,,2.41,16.0,False,12
260323,260323/12S-BOD-488-12,12S-BOD-488-12,2,103,0.2893277522516669,1.9594423729443733,606.9460730214508,740.7632625624724,497.8465617033732,1.487934877019064,0.927927927927928,0.740485419501538,955.9223300970874,917.0,98460.0,1622.0,496.0,321.25433358854383,0.3360674015805404,3.262087207892242,0.4184905980123235,-0.9600831979881032,187.23991362562455,106.62842559814452,19285.71110343933,1240.812744140625,0.0,238.7069188654436,1.2748719770439776,2.3731606802518543,2.053576218349308,4.604294761196019,1,2,0.0,0.1067961165048543,1,2,0.4660194174757281,0.233009708737864,12,BOD,SYBR,,2.41,16.0,False,12
260323,260323/12S-BOD-488-12,12S-BOD-488-12,3,111,0.3117998106789809,2.07830248387984,630.0760660407722,783.2599904670177,509.3843336743544,1.5376601491002078,0.9173553719008264,0.7596443198831843,1149.954954954955,1048.0,127645.0,2312.0,493.0,497.2416896766581,0.4324010149563951,3.2399806529022896,0.503165870272776,-0.8730287143676398,311.3599346607655,116.50263214111328,34560.95274734497,2312.0,0.0,447.4537012142727,1.4370946657018824,2.2243492234190847,2.2633373437767466,5.694580513258677,1,3,0.1261261261261261,0.1621621621621621,1,3,0.5585585585585585,0.2252252252252252,12,BOD,SYBR,,2.41,16.0,False,12
260323,260323/12S-BOD-488-12,12S-BOD-488-12,4,96,0.2696647011277672,1.9283956513894096,585.9588392498761,766.225785292213,449.801907999239,1.7034738440760668,0.9320388349514565,0.8095610290111459,1097.7395833333333,1064.0,105383.0,2083.0,508.0,435.4017683592372,0.3966348439737602,3.1513620480702413,0.4298598664026065,-0.9163449868739916,293.00173935790855,158.52629852294922,28128.166978359222,1957.1309814453125,0.0,384.7185707758911,1.3130248701559697,2.3578794291103096,2.1205649186585878,4.95294834917209,1,2,0.0833333333333333,0.15625,1,3,0.46875,0.1979166666666666,12,BOD,SYBR,,2.41,16.0,False,12
260323,260323/12S-BOD-488-12,12S-BOD-488-12,5,83,0.2331476061833821,1.8424655614716317,544.84195135197,642.04476246816,472.4065002929728,1.3590938356478637,0.8924731182795699,0.6772158907112978,783.289156626506,752.0,65013.0,1175.0,494.0,192.0617615425856,0.2451990556970852,3.238200018186752,0.1867990153332357,-1.1528724085010975,98.64777278325644,50.11361312866211,8187.765141010284,512.7003173828125,0.0,127.3272919695029,1.2907264743752456,2.3539364059941734,1.5836183591645274,1.7610427491738605,1,1,0.0,0.0120481927710843,1,2,0.4819277108433735,0.2409638554216867,12,BOD,SYBR,,2.41,16.0,False,12
260323,260323/12S-BOD-488-12,12S-BOD-488-12,6,38,0.1067422775297412,1.1697681147274197,368.6576851849993,453.60683871798295,309.9814714438369,1.4633353297058866,0.9047619047619048,0.7300718750406076,752.0526315789474,741.0,28578.0,1113.0,494.0,188.75079342856984,0.2509808296691739,2.948553400308994,0.3637006909807831,-0.9642164045715572,119.9146968816456,67.61241912841797,4556.758481502533,599.3643798828125,0.0,143.0026552844267,1.1925365197359306,2.465823934445409,1.6907524625440338,2.7189550865088856,0,0,0.0,0.0,0,0,0.4473684210526316,0.2631578947368421,12,BOD,SYBR,,2.41,16.0,False,12
260323,260323/12S-BOD-488-12,12S-BOD-488-12,7,71,0.1994395185424111,1.8004421662441046,503.91892382717646,675.5192865298783,389.7711751257399,1.7331176075602728,0.8658536585365854,0.8167477573474096,702.6056338028169,684.0,49885.0,1030.0,500.0,139.2477215892843,0.1981875961278778,3.130650968392408,0.3396491372013492,-1.0837887025261543,103.26750888958784,77.17132568359375,7331.993131160736,485.328125,0.0,111.12839313625918,1.0761215636088994,2.6523383449844373,1.459052615358226,2.0142312395620268,1,2,0.0,0.0,2,2,0.4366197183098591,0.2394366197183098,12,BOD,SYBR,,2.41,16.0,False,12
260323,260323/12S-BOD-488-13,12S-BOD-488-13,1,131,0.3679799567472657,2.184302621680019,684.4900529595396,798.5101240903797,587.7527348048201,1.3585817246014986,0.9492753623188406,0.6769144298968045,1352.1297709923665,1186.0,177129.0,2693.0,554.0,634.7407635216924,0.4694377545254684,3.234004185847793,0.5360571150773086,-0.9386084978501716,442.26050721802784,156.1282958984375,57936.12644556165,2692.0,0.0,638.0979128215364,1.442810068742954,2.360018462982421,1.7868484690372548,2.4560088728448672,1,4,0.1679389312977099,0.2061068702290076,1,3,0.549618320610687,0.2442748091603053,12,BOD,SYBR,,2.41,16.0,False,13
260323,260323/12S-BOD-488-13,12S-BOD-488-13,2,51,0.1432593724741263,1.3616983424453766,427.08722550317714,475.2995877898691,395.9770668195936,1.2003209973935554,0.9107142857142856,0.5531066183808202,908.2549019607844,890.0,46321.0,1306.0,550.0,233.91167932681387,0.2575396827716912,3.13634648345326,0.0590024824700257,-1.3181478231872543,183.78893220658395,130.39100646972656,9373.235542535782,808.1803588867188,0.0,201.27059072134736,1.0951181243879993,2.6552381115916988,1.452620404868586,1.6273653359980074,1,0,0.0,0.0,1,1,0.4509803921568627,0.2352941176470588,12,BOD,SYBR,,2.41,16.0,False,13
260323,260323/12S-BOD-488-13,12S-BOD-488-13,3,81,0.2275295915765536,1.9174189777168469,538.2375624133907,671.1161085768906,449.110732102329,1.494322136180834,0.8804347826086957,0.7430825624092248,850.9012345679013,871.0,68923.0,1287.0,546.0,183.8957996351651,0.2161188539449584,3.208368568730108,0.0830495897368486,-0.8208727402876894,124.88782157427,61.58329391479492,10115.91354751587,652.9362182617188,0.0,159.57359818766344,1.277735460320813,2.38939367972165,1.6096103115205789,2.1489529211229854,1,1,0.0,0.0123456790123456,1,2,0.5061728395061729,0.2839506172839506,12,BOD,SYBR,,2.41,16.0,False,13
260323,260323/12S-BOD-488-13,12S-BOD-488-13,4,70,0.1966305112389969,1.5536285701633337,500.35761472269286,553.5516227151155,453.6988408360946,1.2200860414256474,0.9333333333333332,0.5729156609895573,876.4142857142857,836.0,61349.0,1487.0,543.0,236.14675447279205,0.2694464915988108,3.138339489289654,0.5134885408307491,-0.5358168396945979,194.27057836736952,103.54781341552734,13598.940485715866,1384.0638427734375,0.0,251.69010824746377,1.2955647240186456,2.2371653111218293,2.42840838019887,7.421716635511158,1,1,0.0,0.0428571428571428,1,1,0.4857142857142857,0.2428571428571428,12,BOD,SYBR,,2.41,16.0,False,13
260323,260323/12S-BOD-488-14,12S-BOD-488-14,1,143,0.4016880443882366,2.321349481035162,715.1539014522932,814.2011479946441,629.3260100446997,1.2937668791677832,0.9407894736842104,0.634483050112212,1079.7902097902097,978.0,154410.0,2125.0,505.0,428.5677071616417,0.3968990487929199,3.284612417508089,0.541273518086663,-0.7867954282310587,159.83043481003153,68.44381713867188,22855.75217783451,1697.66015625,0.0,250.8670444513572,1.5695824437287451,1.9278515082186696,3.187549005484556,13.235497333202474,1,4,0.0489510489510489,0.1468531468531468,1,5,0.5314685314685315,0.2097902097902098,12,BOD,SYBR,,2.41,16.0,False,14
260323,260323/12S-BOD-488-14,12S-BOD-488-14,2,125,0.3511259129267802,2.140395926989768,668.6309875556262,685.2409878921202,654.7475180860753,1.0465728681113322,0.9328358208955224,0.2949922636476288,1271.728,1146.0,158966.0,2694.0,522.0,562.0252746009938,0.4419382718639472,3.203416766454162,0.5704038191687282,-0.7727455051464243,270.6985687904358,120.04857635498048,33837.321098804474,2694.0,0.0,407.4059605605871,1.505017046750568,1.9854929787300648,2.7688096826308453,10.465687489586635,1,4,0.128,0.176,1,3,0.536,0.216,12,BOD,SYBR,,2.41,16.0,False,14
260323,260323/12S-BOD-488-14,12S-BOD-488-14,3,126,0.3539349202301945,2.2062559690251446,671.3001837477544,707.7956176802261,644.4758847606665,1.0982499646873118,0.9064748201438848,0.4134220305759172,979.595238095238,902.5,123429.0,1727.0,508.0,345.24194828720164,0.3524332651499032,3.268783764865611,0.3898421170503449,-1.0513394434990695,135.5658006857312,68.92802047729492,17081.29088640213,979.3436889648438,0.0,193.14541561747637,1.424735550120242,2.269925876370145,2.280104625093021,5.527244970530477,1,4,0.0,0.1111111111111111,1,5,0.492063492063492,0.2063492063492063,12,BOD,SYBR,,2.41,16.0,False,14
260323,260323/12S-BOD-488-14,12S-BOD-488-14,4,87,0.244383635397039,2.0033490676346246,557.8161961378049,701.5574564336174,453.35925818070353,1.5474647176036826,0.8877551020408163,0.7631526221627756,774.7586206896551,763.0,67404.0,1273.0,504.0,184.9931466686116,0.2387752026611063,3.157867162167384,0.4056367937852313,-0.6543445417374372,93.71438563281092,53.222434997558594,8153.15155005455,846.9131469726562,0.0,124.9126360650952,1.332907805153036,2.040600011687203,3.108577750151764,14.929562098028342,1,1,0.0,0.0229885057471264,1,2,0.4597701149425287,0.264367816091954,12,BOD,SYBR,,2.41,16.0,False,14
260323,260323/12S-BOD-488-14,12S-BOD-488-14,5,32,0.0898882337092557,1.1478147673822938,338.3034935749566,524.64594071675,238.46982991366997,2.200051641361428,0.8421052631578947,0.8907289874817952,595.375,583.0,19052.0,753.0,506.0,72.30301381306047,0.1214411317456401,2.8265291108244903,0.6156492047801148,-0.4952206004027983,70.73655286431313,55.19662094116211,2263.56969165802,270.7282409667969,0.0,68.83482895461763,0.9731154002748286,2.5750544370066617,1.1705984197125243,0.9743565150856696,0,0,0.0,0.0,0,0,0.40625,0.25,12,BOD,SYBR,,2.41,16.0,False,14
260323,260323/12S-BOD-488-15,12S-BOD-488-15,1,155,0.4353961320292075,2.489443061945269,744.555956879212,799.2269553781892,706.9543126247556,1.1305213662405522,0.9226190476190476,0.466449871590704,798.8,770.0,123814.0,1454.0,426.0,246.29568334902592,0.3083321023397921,3.138170376465939,0.3805510673381742,-0.7850478552078712,101.180743542602,36.1392936706543,15683.015249103308,1105.85595703125,0.0,150.30283410178652,1.485488531110683,1.8766292348817797,2.78508337687965,12.886434316512288,1,3,0.0,0.0709677419354838,1,6,0.5290322580645161,0.2774193548387096,12,BOD,SYBR,,2.41,16.0,False,15
260323,260323/12S-BOD-488-15,12S-BOD-488-15,2,140,0.3932610224779939,2.3213494810351625,707.612524777484,814.3499206554072,621.253581728751,1.3108172646495344,0.945945945945946,0.646536750396338,909.35,890.5,127309.0,1656.0,440.0,331.4681083219506,0.3645110335095954,3.273453013166762,0.3720586413228315,-0.9343546478830946,152.35753643512726,67.27986526489258,21330.055100917816,1165.9638671875,0.0,216.81485981589196,1.4230661960605415,2.2316908324750004,2.226152928017561,5.653783000867609,1,4,0.0357142857142857,0.1214285714285714,2,4,0.5357142857142857,0.2428571428571428,12,BOD,SYBR,,2.41,16.0,False,15
260323,260323/12S-BOD-488-15,12S-BOD-488-15,3,98,0.2752827157345957,1.9283956513894096,592.031113756174,624.1964505265448,563.9154244884579,1.1068972817914484,0.9245283018867924,0.4287436407045531,928.8877551020408,854.0,91031.0,1741.0,438.0,384.1751072680178,0.4135861466123161,3.1807395728675973,0.4971464911361847,-0.9790678021661804,231.5855530536905,106.4839859008789,22695.384199261665,1741.0,0.0,333.7214469507408,1.4410287798624954,2.2147091810483506,2.4782060339626377,7.152758481790478,1,3,0.0510204081632653,0.173469387755102,1,2,0.5102040816326531,0.2244897959183673,12,BOD,SYBR,,2.41,16.0,False,15
260323,260323/12S-BOD-488-15,12S-BOD-488-15,4,89,0.2500016500038675,1.9575590734816493,564.191445374674,645.3067801981306,512.6146612051734,1.2588535386034292,0.89,0.6074295066083703,953.4719101123596,902.0,84859.0,1690.0,429.0,367.5839140401586,0.3855214927064203,3.2356440722576987,0.4158649144189668,-0.9745769533534668,187.3416983706228,58.129371643066406,16673.411154985428,986.0204467773438,0.0,252.73701596930712,1.3490697381706829,2.473402438930947,1.586346960198456,1.5403234322695685,1,1,0.0674157303370786,0.146067415730337,1,3,0.550561797752809,0.247191011235955,12,BOD,SYBR,,2.41,16.0,False,15
260323,260323/12S-BOD-488-15,12S-BOD-488-15,5,84,0.2359566134867963,1.8844889566991585,548.1143048061958,630.2057098241629,498.617528834394,1.2639060469802963,0.9130434782608696,0.611560009621486,903.5238095238096,801.5,75896.0,1668.0,428.0,359.65296111435634,0.3980558755877244,3.218420870460894,0.5438657543251195,-0.8649426872280488,166.2576265675681,47.73918151855469,13965.64063167572,1344.1861572265625,0.0,248.44970249925908,1.4943657480776535,2.026329330712554,2.287031037059766,6.3517019471221445,1,1,0.0595238095238095,0.1547619047619047,1,1,0.5833333333333334,0.2738095238095238,12,BOD,SYBR,,2.41,16.0,False,15
260323,260323/12S-BOD-488-15,12S-BOD-488-15,6,158,0.4438231539394502,2.973976879896973,751.7268057378224,1143.1641780511122,505.8247683859225,2.260000398357178,0.9080459770114944,0.8967794590516163,674.379746835443,645.0,106552.0,1033.0,426.0,166.29245236806506,0.2465857747780828,3.3328803957133823,0.3721003746821131,-0.9517445432596404,78.69766146170942,46.05854415893555,12434.230510950089,404.1733703613281,0.0,91.87748343380302,1.1674741247363023,2.5672284845669333,1.3511757567794256,1.260493419364619,1,4,0.0,0.0126582278481012,1,8,0.4620253164556962,0.2911392405063291,12,BOD,SYBR,,2.41,16.0,False,15
260323,260323/12S-BOD-488-15,12S-BOD-488-15,7,98,0.2752827157345957,2.100255831224965,592.031113756174,787.8678881342092,448.5089820179719,1.7566379263785603,0.9245283018867924,0.8221511368080713,771.6020408163265,737.0,75617.0,1313.0,433.0,229.43663589910688,0.2973509967085771,3.2537511984602303,0.4595314085868858,-0.70503301322855,137.5750567085889,83.58809280395508,13482.355557441711,860.6848754882812,0.0,176.23415979724396,1.2810037227209192,2.399718505592712,2.3592881632261564,6.29241264939478,1,2,0.0,0.0612244897959183,1,3,0.4387755102040816,0.2142857142857142,12,BOD,SYBR,,2.41,16.0,False,15
260323,260323/13S-BOD-488-01,13S-BOD-488-01,1,105,0.2949457668584954,2.109349205434804,612.8104224933467,764.0460850826832,498.7397154363987,1.531953565025678,0.8823529411764706,0.7575636513010997,612.8095238095239,573.0,64345.0,1126.0,303.0,216.40627280285776,0.3531379072857264,3.240025901682868,0.5699428593770015,-0.5811852880315174,172.1659099065122,76.66468811035156,18077.420540183783,1126.0,0.0,233.88086902381687,1.358462131968033,2.349877278758001,2.053054797168115,4.472432727228095,1,3,0.0095238095238095,0.1142857142857142,1,5,0.5238095238095238,0.2571428571428571,13,BOD,SYBR,,2.11,16.0,False,1
260323,260323/13S-BOD-488-02,13S-BOD-488-02,1,377,1.0589957533871692,6.053953897594125,1161.1870094516,1374.67589189716,1023.2703027467514,1.343414235913165,0.8322295805739515,0.66776512406318,199.90981432360743,181.0,75366.0,408.0,100.0,74.88627785428841,0.3746003071818423,3.213276963490132,0.6119066530336691,-0.6629675951184333,14.899204448028527,3.945110559463501,5617.000076906756,191.9385986328125,0.0,26.26772168018596,1.7630284738902091,1.7582146330962558,3.251286109973932,13.803654730803052,5,8,0.0,0.1352785145888594,7,26,0.5888594164456233,0.2228116710875331,13,BOD,SYBR,,2.11,16.0,False,2
260323,260323/13S-BOD-488-02,13S-BOD-488-02,2,160,0.4494411685462787,2.7619766042966147,756.4696086592663,903.8831128835742,646.6119790162556,1.3978756073444951,0.8743169398907104,0.6987445854728559,282.90625,252.5,45265.0,760.0,106.0,145.47890105618657,0.5142300711143235,3.0260063905991768,0.7544705919546796,-0.1042926872772569,34.996486882865426,9.03840446472168,5599.437901258469,668.7869873046875,0.0,75.65709906186491,2.1618483968145745,1.3510656464135993,4.853069949549921,32.53594637252405,1,4,0.2125,0.18125,1,9,0.6125,0.1625,13,BOD,SYBR,,2.11,16.0,False,2
260323,260323/13S-BOD-488-02,13S-BOD-488-02,3,118,0.3314628618028806,2.7453500322358786,649.6396102905932,700.2841475302314,629.2052076250645,1.1129662295286054,0.8740740740740741,0.4389738077226818,193.228813559322,180.5,22801.0,414.0,100.0,72.3756122471719,0.3745591090375986,3.036533430810242,0.6855382209428815,-0.1942520828533975,18.317618099562196,8.54539442062378,2161.4789357483387,189.2769927978516,0.0,29.91675679414905,1.6332230878240708,1.9217053944170168,3.329058234834315,13.808141800697156,1,3,0.0,0.1101694915254237,1,6,0.5084745762711864,0.1525423728813559,13,BOD,SYBR,,2.11,16.0,False,2
260323,260323/13S-BOD-488-02,13S-BOD-488-02,4,98,0.2752827157345957,2.0692091096700014,592.031113756174,639.7824746210777,566.850762289651,1.1286612229942805,0.875,0.4636748153280453,189.4081632653061,172.0,18562.0,358.0,100.0,61.74737971563057,0.3260016815069387,3.1172408828504463,0.5861600758781627,-0.4071895895952568,17.365579621524226,7.934522151947021,1701.8268029093742,142.5753936767578,0.0,28.00219276433076,1.6125112650788058,2.091953062392724,2.628563918889353,7.415705226191054,1,4,0.0,0.0714285714285714,1,4,0.5204081632653061,0.1938775510204081,13,BOD,SYBR,,2.11,16.0,False,2
260323,260323/13S-BOD-488-02,13S-BOD-488-02,5,83,0.2331476061833821,2.2993961336900366,544.84195135197,624.3174541493286,518.8777530002112,1.2032072112158456,0.8137254901960784,0.5561050051640738,158.67469879518072,152.0,13170.0,315.0,100.0,47.49200405966557,0.299304201742767,2.9320647513811964,1.0020300233401231,0.8247754412736024,14.913833009056658,5.112599849700928,1237.8481397517023,145.2666473388672,0.0,24.280293742316537,1.6280384611770795,1.9424318842372763,3.057371019765112,11.73276481130654,1,2,0.0,0.0602409638554216,1,4,0.5421686746987951,0.1927710843373494,13,BOD,SYBR,,2.11,16.0,False,2
260323,260323/13S-BOD-488-03,13S-BOD-488-03,1,476,1.3370874764251792,5.3884665255970265,1304.773026144656,1580.4229543011108,1129.6323670166605,1.3990595528658412,0.8947368421052632,0.6993638323303115,353.6743697478992,349.5,168349.0,660.0,167.0,113.641305753173,0.3213162034732036,3.293735023015941,0.3140698665430702,-0.7107153485125499,58.85969373896843,16.391271591186523,28017.21421974897,618.2673950195312,0.0,92.28994523362034,1.5679650941255103,1.9372562605985988,2.4194685865564964,7.375925594443251,5,9,0.0294117647058823,0.0840336134453781,8,36,0.5609243697478992,0.2331932773109243,13,BOD,SYBR,,2.11,16.0,False,3
260323,260323/13S-BOD-488-03,13S-BOD-488-03,2,174,0.4887672707940781,3.164023808152206,788.8712298894542,970.511954442416,658.6029490299802,1.473591874849375,0.883248730964467,0.7344951392061483,335.54597701149424,328.5,58385.0,587.0,168.0,111.09916239763518,0.3310996704151498,3.2964233035157147,0.3379925510552717,-0.902058840947773,65.46979381092663,31.25842571258545,11391.744123101234,536.3056030273438,0.0,94.34818220330584,1.441094842543395,2.219343919348394,2.49768156577044,7.424033061670833,3,4,0.0,0.1034482758620689,4,10,0.5057471264367817,0.2011494252873563,13,BOD,SYBR,,2.11,16.0,False,3
260323,260323/13S-BOD-488-03,13S-BOD-488-03,3,104,0.2921367595550811,2.3470694273057364,609.885296376554,736.4892103502896,528.0807050456112,1.3946527553713173,0.8455284552845529,0.6970481091649046,277.4230769230769,270.5,28852.0,424.0,170.0,69.40114046063468,0.2501635452622351,3.319025492687814,0.24295826133536,-0.991286143845906,51.40465757823908,27.78989791870117,5346.084388136864,237.7904052734375,0.0,58.57590146180178,1.1395057222713312,2.5121546201243645,1.1108592899892276,0.3314868537125379,1,2,0.0,0.0096153846153846,2,4,0.5,0.2884615384615384,13,BOD,SYBR,,2.11,16.0,False,3
260323,260323/13S-BOD-488-04,13S-BOD-488-04,1,419,1.1769740601305674,6.075907244939251,1224.1609030212244,1449.748618433065,1194.6158064259362,1.2135689236947549,0.8151750972762646,0.5665667809124719,231.62768496420048,218.0,97052.0,447.0,127.0,70.2241441947239,0.3031768167331875,3.1854250307617,0.4836654143893221,-0.5932518837659835,26.609079492760728,7.200049877166748,11149.204307466744,337.0389404296875,0.0,45.41425947578044,1.7067204255651105,1.7462209450267785,2.9411166374134194,11.077504578053876,5,10,0.0,0.0620525059665871,5,33,0.5966587112171837,0.2219570405727923,13,BOD,SYBR,,2.11,16.0,False,4
260323,260323/13S-BOD-488-04,13S-BOD-488-04,2,299,0.8398931837208584,4.074441476767349,1034.1108329704855,1400.8188344171847,776.7078610122168,1.8035337412339532,0.9143730886850152,0.8322056902007731,324.60200668896323,300.0,97056.0,698.0,127.0,136.80426961129228,0.4214523225125329,3.227405056469065,0.4045220441222527,-0.886480531712083,51.12484871643443,13.159737586975098,15286.329766213894,698.0,0.0,92.41546718977216,1.8076428490254797,1.678559320094252,3.2277270192707608,13.71295244908356,1,6,0.1337792642140468,0.1672240802675585,2,21,0.6287625418060201,0.2274247491638795,13,BOD,SYBR,,2.11,16.0,False,4
260323,260323/13S-BOD-488-04,13S-BOD-488-04,3,142,0.3988790370848223,2.7180699096063634,712.6489764128476,907.1091750845763,571.4446849224196,1.587396294022277,0.9161290322580644,0.7766256228224079,264.7042253521127,247.0,37588.0,568.0,130.0,104.9576604087271,0.3965091991603502,3.1245218046684755,0.7906528050540015,-0.1855665968767419,43.78093022192028,16.899978637695312,6216.89209151268,451.1910705566406,0.0,73.19935485218683,1.6719460843145195,1.9451136645108296,2.946293204043,10.305135047327315,1,2,0.0070422535211267,0.1478873239436619,1,6,0.5563380281690141,0.2112676056338028,13,BOD,SYBR,,2.11,16.0,False,4
260323,260323/13S-BOD-488-04,13S-BOD-488-04,4,96,0.2696647011277672,2.1203258791073667,585.9588392498761,691.9894473201758,520.4824337785152,1.3295154695165818,0.8648648648648649,0.658987699808571,190.03125,187.5,18243.0,277.0,128.0,40.994339307557546,0.2157241996122087,3.2298718643180577,0.3418035988612551,-0.9312057159869244,20.656620705810685,8.398378372192383,1983.0355877578256,125.69989776611328,0.0,27.260615541003933,1.3197035434423965,2.2733267010873632,1.5430783829484689,2.0902424687411134,1,1,0.0,0.0,2,5,0.5104166666666666,0.2604166666666667,13,BOD,SYBR,,2.11,16.0,False,4
260323,260323/13S-BOD-488-05,13S-BOD-488-05,1,179,0.5028123073111493,2.9081168378615967,800.125310965779,1038.4881644016823,630.9015261868191,1.6460384407029809,0.917948717948718,0.7943049726920518,352.50837988826817,328.0,63099.0,690.0,167.0,133.39648466280588,0.3784207476289997,3.267129817227059,0.5980378627567712,-0.6269107966231777,43.86015333559926,15.778993606567385,7850.9674470722675,446.5001525878906,0.0,72.66389899104237,1.6567178512817566,1.923100156965839,2.7833226132731017,9.057729888963063,1,3,0.0446927374301676,0.1340782122905028,2,10,0.5586592178770949,0.2011173184357542,13,BOD,SYBR,,2.11,16.0,False,5
260323,260323/13S-BOD-488-05,13S-BOD-488-05,2,138,0.3876430078711654,2.4621629393157543,702.5399681595715,816.063926018482,618.9405227957894,1.3184852113613037,0.8679245283018868,0.6517357400150872,304.0144927536232,288.5,41954.0,581.0,167.0,97.02193186532368,0.3191358773278988,3.136346485155574,0.7240304612929586,0.1005198438073153,38.15921506933544,15.54301643371582,5265.971679568291,339.2991638183594,0.0,58.99522204492117,1.5460281857927796,2.0178142883501256,2.718751688581558,8.978136021696029,1,3,0.0,0.0507246376811594,1,7,0.5362318840579711,0.2101449275362318,13,BOD,SYBR,,2.11,16.0,False,5
260323,260323/13S-BOD-488-05,13S-BOD-488-05,3,192,0.5393294022555345,3.1677904070776544,828.670937459571,1142.326033320642,615.6720701838282,1.8554131146140265,0.8930232558139535,0.8423291010115466,366.2447916666667,331.0,70319.0,765.0,168.0,151.8943125060452,0.4147343961256655,3.2146829028122124,0.5917936449646992,-0.6358211365111295,50.87981963592271,18.70290470123291,9768.92537009716,658.742431640625,0.0,88.56985964293845,1.7407659908527944,1.7328192544856624,3.369613309294354,14.998661617988102,1,4,0.0729166666666666,0.1614583333333333,2,11,0.5729166666666666,0.1822916666666666,13,BOD,SYBR,,2.11,16.0,False,5
260323,260323/13S-BOD-488-05,13S-BOD-488-05,4,82,0.2303385988799678,2.2062559690251446,541.5498248295032,787.8780421474913,394.79659206405375,1.9956556312412697,0.8631578947368421,0.8653960704466367,246.5121951219512,240.5,20214.0,363.0,166.0,50.13543235914098,0.2033791161298882,3.2642223698890125,0.3607531209595678,-0.6876815175171211,27.2252128385916,17.859440803527832,2232.467452764511,139.17868041992188,0.0,30.749490627700247,1.1294490445309946,2.5632772031549726,1.5654849198443774,2.2853113615854124,1,1,0.0,0.0,1,3,0.3902439024390244,0.2317073170731707,13,BOD,SYBR,,2.11,16.0,False,5
260323,260323/13S-BOD-488-06,13S-BOD-488-06,1,160,0.4494411685462787,2.8331634216163817,756.4696086592663,1024.1947100682576,565.27731380299,1.8118447088878027,0.8839779005524862,0.833894628259282,492.9125,467.0,78866.0,911.0,235.0,179.0680762821677,0.3632857277552663,3.284043636629748,0.407749062300372,-0.9629382754596704,107.40332132296172,44.63856887817383,17184.531411673874,808.1146850585938,0.0,157.32184036995565,1.464776307027685,2.226894705059264,2.249192269971912,5.69272681075387,1,3,0.03125,0.11875,2,9,0.5375,0.2125,13,BOD,SYBR,,2.11,16.0,False,6
260323,260323/13S-BOD-488-06,13S-BOD-488-06,2,35,0.0983152556194984,1.195488060997994,353.806262388742,412.9640522039978,317.16392561947487,1.302052405226758,0.8536585365853658,0.640427965563122,302.0,313.0,10570.0,396.0,230.0,45.51534970560513,0.1507130784953812,2.985880370076756,-0.0549021384339769,-1.048419871517723,54.56576515606472,40.1123275756836,1909.801780462265,167.9954071044922,0.0,47.42519007300559,0.8691381846724551,2.728038530629395,0.907536594955312,-0.1414984785517226,1,0,0.0,0.0,1,1,0.2857142857142857,0.2285714285714285,13,BOD,SYBR,,2.11,16.0,False,6
260323,260323/13S-BOD-488-07,13S-BOD-488-07,1,165,0.46348620506335,2.696116562261238,768.1985190859768,945.6846771696022,637.4979833047518,1.4834316373319785,0.9166666666666666,0.7386285699299008,498.6909090909091,475.0,82284.0,894.0,271.0,165.7432490690749,0.332356668324308,3.2899649150349903,0.4696964887703533,-0.8809841803343961,96.4905870535157,37.3847541809082,15920.94686383009,739.60205078125,0.0,142.11846519659116,1.4728738785449538,2.210222992749102,2.1159770549342696,4.696937808882085,2,3,0.0,0.0969696969696969,3,10,0.5333333333333333,0.2303030303030303,13,BOD,SYBR,,2.11,16.0,False,7
260323,260323/13S-BOD-488-07,13S-BOD-488-07,2,171,0.4803402488838354,2.8971401641890333,782.0410473925454,938.8507425187432,674.0912998390827,1.392764960388694,0.8952879581151832,0.696046984230604,658.2280701754386,598.0,112557.0,1379.0,272.0,299.97205855431383,0.4557266275112847,3.2385278182192656,0.5658803946833222,-0.7580376491261651,148.0151362084506,50.1424560546875,25310.58829164505,1371.0,0.0,250.3620577327072,1.6914625365078932,1.9114265892594824,2.6771046694134912,7.894964652924859,1,4,0.1345029239766081,0.1812865497076023,1,7,0.5789473684210527,0.1812865497076023,13,BOD,SYBR,,2.11,16.0,False,7
260323,260323/13S-BOD-488-07,13S-BOD-488-07,3,124,0.348316905623366,2.2903027594801983,665.9510930537281,733.894173925833,611.1938848758375,1.200755099300317,0.9117647058823528,0.5535600137877819,515.9112903225806,492.0,63973.0,906.0,267.0,172.7687025677377,0.3348806389945676,3.299139370523988,0.4507819610312432,-0.82486934216249,89.7665661381137,38.36881637573242,11131.0542011261,753.4129028320312,0.0,126.42694603104808,1.4083968171014716,2.1753916148495045,2.351997039879904,7.03610447599068,1,4,0.0,0.0967741935483871,1,4,0.532258064516129,0.2177419354838709,13,BOD,SYBR,,2.11,16.0,False,7
260323,260323/13S-BOD-488-07,13S-BOD-488-07,4,34,0.0955062483160842,1.0876046237350905,348.7152593812529,388.7036137485927,329.93098267945595,1.1781361380244706,0.8292682926829268,0.5287167251851033,358.6470588235294,349.0,12194.0,496.0,271.0,58.07251598044866,0.1619210712920497,2.738839510773004,0.6314967082436043,-0.2192201365199899,72.53801570219152,56.00925254821777,2466.292533874512,278.7803039550781,0.0,63.72565348666841,0.8785138781338782,2.7288454497850387,1.3474339375389597,2.1024850711808885,1,0,0.0,0.0,1,1,0.2647058823529412,0.2058823529411764,13,BOD,SYBR,,2.11,16.0,False,7
260323,260323/13S-BOD-488-08,13S-BOD-488-08,1,130,0.3651709494438515,2.4091628704156647,681.8724905877906,786.5725075667965,602.2234706854869,1.3061140022846878,0.8904109589041096,0.6432812585698359,375.0230769230769,358.5,48753.0,763.0,180.0,135.75893280156703,0.3620015437860996,3.1576443481155243,0.4204026610010084,-0.8299923603291015,55.78596489062676,26.493099212646484,7252.175435781479,763.0,0.0,89.95981085422214,1.612588596981269,1.7432065566471806,4.291098337443321,29.03772767976432,1,3,0.0153846153846153,0.1076923076923077,2,8,0.5230769230769231,0.2307692307692307,13,BOD,SYBR,,2.11,16.0,False,8
260323,260323/13S-BOD-488-08,13S-BOD-488-08,2,183,0.5140483365248063,3.1859771554973317,809.0158650908596,1110.9765807536976,606.4959619428734,1.8317955113744715,0.8926829268292683,0.8378422180458611,328.1639344262295,324.0,60054.0,638.0,175.0,104.34160617912508,0.3179557386815181,3.127604021532214,0.4682823080907727,-0.2722584649469373,40.2810214513638,16.036113739013672,7371.426925599575,426.34814453125,0.0,64.14366501327126,1.592404132321216,1.9398753468326648,2.9711130580849754,11.52916167866267,2,3,0.0,0.0491803278688524,2,11,0.5519125683060109,0.2021857923497267,13,BOD,SYBR,,2.11,16.0,False,8
260323,260323/13S-BOD-488-08,13S-BOD-488-08,3,71,0.1994395185424111,1.6724886810988,503.91892382717646,575.1144096859888,452.1656310718014,1.2719109329976117,0.8987341772151899,0.6179485042403985,308.0422535211268,299.0,21871.0,524.0,182.0,90.98986389698554,0.2953811136521408,3.174146355137176,0.3779602251127445,-0.8332329093764521,35.18906561715502,13.411809921264648,2498.4236588180065,214.75048828125,0.0,52.89493838257496,1.5031640498231402,2.214128211492432,1.89263125315006,2.7717315504985525,1,1,0.0,0.0704225352112676,1,2,0.5492957746478874,0.2253521126760563,13,BOD,SYBR,,2.11,16.0,False,8
260323,260323/13S-BOD-488-08,13S-BOD-488-08,4,125,0.3511259129267802,2.405396271490216,668.6309875556262,909.8590478666512,519.4778541528297,1.751487653598746,0.9057971014492754,0.8209895492731997,367.232,369.0,45904.0,725.0,187.0,115.9146749595052,0.315644265639991,3.1383251229908,0.3401827600160005,-0.5038355608657437,50.28229478025436,17.20258903503418,6285.286847531796,695.2696533203125,0.0,90.33434511856748,1.7965438036062222,1.68908138434801,3.9758511949566304,22.21299469085504,2,2,0.0,0.056,2,7,0.576,0.208,13,BOD,SYBR,,2.11,16.0,False,8
260323,260323/13S-BOD-488-09,13S-BOD-488-09,1,195,0.5477564241657772,2.877070116306633,835.119835790406,981.9014097627552,735.0507583387101,1.3358280344910505,0.9069767441860463,0.6630226325773736,946.4153846153846,923.0,184551.0,1657.0,451.0,329.0156464947864,0.3476440174612077,3.308850034425671,0.2254230210431889,-1.1392277890777325,212.02446927229565,82.29505157470703,41344.77150809765,1577.0,0.0,302.90000322062724,1.428608708514786,2.2452073129274264,2.103220004103031,4.710284969619331,2,3,0.0358974358974358,0.1128205128205128,3,9,0.5487179487179488,0.2307692307692307,13,BOD,SYBR,,2.11,16.0,False,9
260323,260323/13S-BOD-488-09,13S-BOD-488-09,2,105,0.2949457668584954,2.171442648544732,612.8104224933467,808.4459587487839,469.8907531695,1.7204976971682595,0.9051724137931034,0.8137413482995679,794.6095238095238,762.0,83434.0,1289.0,453.0,236.0226722827742,0.2970297551320959,3.2854006982309683,0.3965772632434385,-1.0174019396019365,192.0065752120245,119.27604675292967,20160.690397262573,1275.864013671875,0.0,235.21380190513844,1.2250299326749725,2.3466889712678984,1.9442430783118856,4.651574731544633,1,1,0.0,0.0571428571428571,1,3,0.4476190476190476,0.2476190476190476,13,BOD,SYBR,,2.11,16.0,False,9
260323,260323/13S-BOD-488-10,13S-BOD-488-10,1,132,0.3707889640506799,2.2903027594801983,687.0976435563656,867.8215071162089,547.7724309778338,1.5842737933470885,0.9361702127659576,0.7756168350993783,906.0454545454544,826.5,119598.0,1650.0,397.0,369.0755909176901,0.4073477650222838,3.31402468975172,0.4689507834018716,-0.991908440151513,178.14090354063293,81.3641471862793,23514.59926736355,1194.3216552734375,0.0,251.02393818477023,1.4091313852998006,2.3057765142635294,2.0269707982473486,3.76701156980644,1,3,0.0833333333333333,0.1515151515151515,1,5,0.5303030303030303,0.1893939393939394,13,BOD,SYBR,,2.11,16.0,False,10
260323,260323/13S-BOD-488-10,13S-BOD-488-10,2,75,0.2106755477560681,1.597535264853585,517.9193359122318,589.5525074838757,454.8345265792839,1.2961911926910603,0.9375,0.6362400850224342,864.4533333333334,818.0,64834.0,1591.0,410.0,344.88295285672086,0.3989607530655839,3.1594681449369872,0.5679585759930885,-0.7496244341508085,243.2982290279865,76.01757049560547,18247.36717709899,1391.649658203125,0.0,336.0679863611423,1.3813005861316174,2.330242756843254,1.81568132508452,2.8214232481420343,1,1,0.0266666666666666,0.1733333333333333,1,1,0.56,0.2666666666666666,13,BOD,SYBR,,2.11,16.0,False,10
260323,260323/13S-BOD-488-10,13S-BOD-488-10,3,77,0.2162935623628966,1.6724886810988,524.7794935704719,645.5237287653603,426.4879675874721,1.513580165970249,0.9166666666666666,0.7506630930771078,832.6233766233767,782.0,64112.0,1596.0,403.0,319.98310148477657,0.3843071314937577,3.0913453231306147,0.4903839033601777,-0.7140241778377292,213.79496611558,116.78998565673828,16462.21239089966,1596.0,0.0,289.8295655414367,1.3556426084641842,2.211395599137058,2.463099469757042,7.626210962051161,1,2,0.0779220779220779,0.1298701298701298,1,1,0.4675324675324675,0.1948051948051948,13,BOD,SYBR,,2.11,16.0,False,10
260323,260323/13S-BOD-488-10,13S-BOD-488-10,4,63,0.1769674601150972,1.641441959543836,474.6809121398126,567.7915917578343,408.3842886263915,1.3903365226600968,0.8513513513513513,0.6947510098041894,543.3015873015873,514.0,34228.0,831.0,397.0,107.49758210643698,0.1978598712371604,3.134784471253076,0.8082675171591417,-0.1401813747294942,71.59219808427115,50.68410110473633,4510.308479309082,474.1318359375,0.0,88.6238856680954,1.2378986543167212,2.271318476980477,2.3610717219602355,7.074851640272279,1,1,0.0,0.0158730158730158,2,2,0.4126984126984127,0.2222222222222222,13,BOD,SYBR,,2.11,16.0,False,10
